year,geography,state,table_number,table_title,section,parent_label,source_label,value,source_symbol,unit,universe,publication,page,source_file,source_column,notes
1990,Bergen County,New Jersey,138,"Nativity, Citizenship, Year of Entry, Area of Birth, and Language Spoken at Home: 1990",Nativity and citizenship,,All persons,825380,,persons,All persons,"1990 Census of Population: Social and Economic Characteristics, New Jersey",264,cp-2-32-1table138.pdf,Bergen County,
1990,Bergen County,New Jersey,138,"Nativity, Citizenship, Year of Entry, Area of Birth, and Language Spoken at Home: 1990",Nativity and citizenship,,Native,676519,,persons,All persons,"1990 Census of Population: Social and Economic Characteristics, New Jersey",264,cp-2-32-1table138.pdf,Bergen County,
1990,Bergen County,New Jersey,138,"Nativity, Citizenship, Year of Entry, Area of Birth, and Language Spoken at Home: 1990",Nativity and citizenship,,Foreign born,148861,,persons,All persons,"1990 Census of Population: Social and Economic Characteristics, New Jersey",264,cp-2-32-1table138.pdf,Bergen County,
1990,Bergen County,New Jersey,138,"Nativity, Citizenship, Year of Entry, Area of Birth, and Language Spoken at Home: 1990",Nativity and citizenship,Foreign born,Naturalized citizen,76393,,persons,Foreign born,"1990 Census of Population: Social and Economic Characteristics, New Jersey",264,cp-2-32-1table138.pdf,Bergen County,
1990,Bergen County,New Jersey,138,"Nativity, Citizenship, Year of Entry, Area of Birth, and Language Spoken at Home: 1990",Nativity and citizenship,Foreign born,Not a citizen,72468,,persons,Foreign born,"1990 Census of Population: Social and Economic Characteristics, New Jersey",264,cp-2-32-1table138.pdf,Bergen County,
1990,Bergen County,New Jersey,138,"Nativity, Citizenship, Year of Entry, Area of Birth, and Language Spoken at Home: 1990",Nativity and citizenship,Foreign born,Entered 1980 to 1990,56810,,persons,Foreign born,"1990 Census of Population: Social and Economic Characteristics, New Jersey",264,cp-2-32-1table138.pdf,Bergen County,
1990,Bergen County,New Jersey,138,"Nativity, Citizenship, Year of Entry, Area of Birth, and Language Spoken at Home: 1990",Nativity and citizenship,Entered 1980 to 1990,Naturalized citizen,7674,,persons,Foreign born who entered 1980 to 1990,"1990 Census of Population: Social and Economic Characteristics, New Jersey",264,cp-2-32-1table138.pdf,Bergen County,
1990,Bergen County,New Jersey,138,"Nativity, Citizenship, Year of Entry, Area of Birth, and Language Spoken at Home: 1990",Nativity and citizenship,Foreign born,Entered 1965 to 1979,46392,,persons,Foreign born,"1990 Census of Population: Social and Economic Characteristics, New Jersey",264,cp-2-32-1table138.pdf,Bergen County,
1990,Bergen County,New Jersey,138,"Nativity, Citizenship, Year of Entry, Area of Birth, and Language Spoken at Home: 1990",Nativity and citizenship,Entered 1965 to 1979,Naturalized citizen,28462,,persons,Foreign born who entered 1965 to 1979,"1990 Census of Population: Social and Economic Characteristics, New Jersey",264,cp-2-32-1table138.pdf,Bergen County,
1990,Bergen County,New Jersey,138,"Nativity, Citizenship, Year of Entry, Area of Birth, and Language Spoken at Home: 1990",Year of entry,,Foreign-born persons,148861,,persons,Foreign-born persons,"1990 Census of Population: Social and Economic Characteristics, New Jersey",264,cp-2-32-1table138.pdf,Bergen County,
1990,Bergen County,New Jersey,138,"Nativity, Citizenship, Year of Entry, Area of Birth, and Language Spoken at Home: 1990",Year of entry,Foreign-born persons,1987 to 1990,23187,,persons,Foreign-born persons,"1990 Census of Population: Social and Economic Characteristics, New Jersey",264,cp-2-32-1table138.pdf,Bergen County,
1990,Bergen County,New Jersey,138,"Nativity, Citizenship, Year of Entry, Area of Birth, and Language Spoken at Home: 1990",Year of entry,Foreign-born persons,1985 or 1986,11716,,persons,Foreign-born persons,"1990 Census of Population: Social and Economic Characteristics, New Jersey",264,cp-2-32-1table138.pdf,Bergen County,
1990,Bergen County,New Jersey,138,"Nativity, Citizenship, Year of Entry, Area of Birth, and Language Spoken at Home: 1990",Year of entry,Foreign-born persons,1982 to 1984,11395,,persons,Foreign-born persons,"1990 Census of Population: Social and Economic Characteristics, New Jersey",264,cp-2-32-1table138.pdf,Bergen County,
1990,Bergen County,New Jersey,138,"Nativity, Citizenship, Year of Entry, Area of Birth, and Language Spoken at Home: 1990",Year of entry,Foreign-born persons,1980 or 1981,10512,,persons,Foreign-born persons,"1990 Census of Population: Social and Economic Characteristics, New Jersey",264,cp-2-32-1table138.pdf,Bergen County,
1990,Bergen County,New Jersey,138,"Nativity, Citizenship, Year of Entry, Area of Birth, and Language Spoken at Home: 1990",Year of entry,Foreign-born persons,1975 to 1979,15540,,persons,Foreign-born persons,"1990 Census of Population: Social and Economic Characteristics, New Jersey",264,cp-2-32-1table138.pdf,Bergen County,
1990,Bergen County,New Jersey,138,"Nativity, Citizenship, Year of Entry, Area of Birth, and Language Spoken at Home: 1990",Year of entry,Foreign-born persons,1970 to 1974,16825,,persons,Foreign-born persons,"1990 Census of Population: Social and Economic Characteristics, New Jersey",264,cp-2-32-1table138.pdf,Bergen County,
1990,Bergen County,New Jersey,138,"Nativity, Citizenship, Year of Entry, Area of Birth, and Language Spoken at Home: 1990",Year of entry,Foreign-born persons,1965 to 1969,14027,,persons,Foreign-born persons,"1990 Census of Population: Social and Economic Characteristics, New Jersey",264,cp-2-32-1table138.pdf,Bergen County,
1990,Bergen County,New Jersey,138,"Nativity, Citizenship, Year of Entry, Area of Birth, and Language Spoken at Home: 1990",Year of entry,Foreign-born persons,1960 to 1964,11071,,persons,Foreign-born persons,"1990 Census of Population: Social and Economic Characteristics, New Jersey",264,cp-2-32-1table138.pdf,Bergen County,
1990,Bergen County,New Jersey,138,"Nativity, Citizenship, Year of Entry, Area of Birth, and Language Spoken at Home: 1990",Year of entry,Foreign-born persons,1950 to 1959,15273,,persons,Foreign-born persons,"1990 Census of Population: Social and Economic Characteristics, New Jersey",264,cp-2-32-1table138.pdf,Bergen County,
1990,Bergen County,New Jersey,138,"Nativity, Citizenship, Year of Entry, Area of Birth, and Language Spoken at Home: 1990",Year of entry,Foreign-born persons,Before 1950,19315,,persons,Foreign-born persons,"1990 Census of Population: Social and Economic Characteristics, New Jersey",264,cp-2-32-1table138.pdf,Bergen County,
1990,Bergen County,New Jersey,138,"Nativity, Citizenship, Year of Entry, Area of Birth, and Language Spoken at Home: 1990",Area of birth by year of entry,,Foreign-born persons,148861,,persons,Foreign-born persons,"1990 Census of Population: Social and Economic Characteristics, New Jersey",264,cp-2-32-1table138.pdf,Bergen County,
1990,Bergen County,New Jersey,138,"Nativity, Citizenship, Year of Entry, Area of Birth, and Language Spoken at Home: 1990",Area of birth by year of entry,Foreign-born persons,Europe,57008,,persons,Foreign-born persons,"1990 Census of Population: Social and Economic Characteristics, New Jersey",264,cp-2-32-1table138.pdf,Bergen County,
1990,Bergen County,New Jersey,138,"Nativity, Citizenship, Year of Entry, Area of Birth, and Language Spoken at Home: 1990",Area of birth by year of entry,Europe,Entered 1980 to 1990,9150,,persons,Europe foreign-born persons,"1990 Census of Population: Social and Economic Characteristics, New Jersey",264,cp-2-32-1table138.pdf,Bergen County,
1990,Bergen County,New Jersey,138,"Nativity, Citizenship, Year of Entry, Area of Birth, and Language Spoken at Home: 1990",Area of birth by year of entry,Foreign-born persons,Soviet Union,3034,,persons,Foreign-born persons,"1990 Census of Population: Social and Economic Characteristics, New Jersey",264,cp-2-32-1table138.pdf,Bergen County,
1990,Bergen County,New Jersey,138,"Nativity, Citizenship, Year of Entry, Area of Birth, and Language Spoken at Home: 1990",Area of birth by year of entry,Soviet Union,Entered 1980 to 1990,1136,,persons,Soviet Union foreign-born persons,"1990 Census of Population: Social and Economic Characteristics, New Jersey",264,cp-2-32-1table138.pdf,Bergen County,
1990,Bergen County,New Jersey,138,"Nativity, Citizenship, Year of Entry, Area of Birth, and Language Spoken at Home: 1990",Area of birth by year of entry,Foreign-born persons,Asia,49337,,persons,Foreign-born persons,"1990 Census of Population: Social and Economic Characteristics, New Jersey",264,cp-2-32-1table138.pdf,Bergen County,
1990,Bergen County,New Jersey,138,"Nativity, Citizenship, Year of Entry, Area of Birth, and Language Spoken at Home: 1990",Area of birth by year of entry,Asia,Entered 1980 to 1990,29952,,persons,Asia foreign-born persons,"1990 Census of Population: Social and Economic Characteristics, New Jersey",264,cp-2-32-1table138.pdf,Bergen County,
1990,Bergen County,New Jersey,138,"Nativity, Citizenship, Year of Entry, Area of Birth, and Language Spoken at Home: 1990",Area of birth by year of entry,Foreign-born persons,North America,17468,,persons,Foreign-born persons,"1990 Census of Population: Social and Economic Characteristics, New Jersey",264,cp-2-32-1table138.pdf,Bergen County,
1990,Bergen County,New Jersey,138,"Nativity, Citizenship, Year of Entry, Area of Birth, and Language Spoken at Home: 1990",Area of birth by year of entry,North America,Entered 1980 to 1990,6606,,persons,North America foreign-born persons,"1990 Census of Population: Social and Economic Characteristics, New Jersey",264,cp-2-32-1table138.pdf,Bergen County,
1990,Bergen County,New Jersey,138,"Nativity, Citizenship, Year of Entry, Area of Birth, and Language Spoken at Home: 1990",Area of birth by year of entry,North America,Canada,2134,,persons,Foreign-born persons,"1990 Census of Population: Social and Economic Characteristics, New Jersey",264,cp-2-32-1table138.pdf,Bergen County,
1990,Bergen County,New Jersey,138,"Nativity, Citizenship, Year of Entry, Area of Birth, and Language Spoken at Home: 1990",Area of birth by year of entry,Canada,Entered 1980 to 1990,524,,persons,Canada foreign-born persons,"1990 Census of Population: Social and Economic Characteristics, New Jersey",264,cp-2-32-1table138.pdf,Bergen County,
1990,Bergen County,New Jersey,138,"Nativity, Citizenship, Year of Entry, Area of Birth, and Language Spoken at Home: 1990",Area of birth by year of entry,Foreign-born persons,South America,14032,,persons,Foreign-born persons,"1990 Census of Population: Social and Economic Characteristics, New Jersey",264,cp-2-32-1table138.pdf,Bergen County,
1990,Bergen County,New Jersey,138,"Nativity, Citizenship, Year of Entry, Area of Birth, and Language Spoken at Home: 1990",Area of birth by year of entry,South America,Entered 1980 to 1990,6455,,persons,South America foreign-born persons,"1990 Census of Population: Social and Economic Characteristics, New Jersey",264,cp-2-32-1table138.pdf,Bergen County,
1990,Bergen County,New Jersey,138,"Nativity, Citizenship, Year of Entry, Area of Birth, and Language Spoken at Home: 1990",Area of birth by year of entry,Foreign-born persons,Africa,2444,,persons,Foreign-born persons,"1990 Census of Population: Social and Economic Characteristics, New Jersey",264,cp-2-32-1table138.pdf,Bergen County,
1990,Bergen County,New Jersey,138,"Nativity, Citizenship, Year of Entry, Area of Birth, and Language Spoken at Home: 1990",Area of birth by year of entry,Africa,Entered 1980 to 1990,1211,,persons,Africa foreign-born persons,"1990 Census of Population: Social and Economic Characteristics, New Jersey",264,cp-2-32-1table138.pdf,Bergen County,
1990,Bergen County,New Jersey,138,"Nativity, Citizenship, Year of Entry, Area of Birth, and Language Spoken at Home: 1990",Area of birth by year of entry,Foreign-born persons,Oceania,243,,persons,Foreign-born persons,"1990 Census of Population: Social and Economic Characteristics, New Jersey",264,cp-2-32-1table138.pdf,Bergen County,
1990,Bergen County,New Jersey,138,"Nativity, Citizenship, Year of Entry, Area of Birth, and Language Spoken at Home: 1990",Area of birth by year of entry,Oceania,Entered 1980 to 1990,107,,persons,Oceania foreign-born persons,"1990 Census of Population: Social and Economic Characteristics, New Jersey",264,cp-2-32-1table138.pdf,Bergen County,
1990,Bergen County,New Jersey,138,"Nativity, Citizenship, Year of Entry, Area of Birth, and Language Spoken at Home: 1990",Area of birth by year of entry,Foreign-born persons,Area not reported,5295,,persons,Foreign-born persons,"1990 Census of Population: Social and Economic Characteristics, New Jersey",264,cp-2-32-1table138.pdf,Bergen County,
1990,Bergen County,New Jersey,138,"Nativity, Citizenship, Year of Entry, Area of Birth, and Language Spoken at Home: 1990",Area of birth by year of entry,Area not reported,Entered 1980 to 1990,2193,,persons,Area not reported foreign-born persons,"1990 Census of Population: Social and Economic Characteristics, New Jersey",264,cp-2-32-1table138.pdf,Bergen County,
1990,Bergen County,New Jersey,138,"Nativity, Citizenship, Year of Entry, Area of Birth, and Language Spoken at Home: 1990",Language spoken at home,,Persons 5 years and over,776864,,persons,Persons 5 years and over,"1990 Census of Population: Social and Economic Characteristics, New Jersey",264,cp-2-32-1table138.pdf,Bergen County,
1990,Bergen County,New Jersey,138,"Nativity, Citizenship, Year of Entry, Area of Birth, and Language Spoken at Home: 1990",Language spoken at home,Persons 5 years and over,Speak only English,599146,,persons,Persons 5 years and over,"1990 Census of Population: Social and Economic Characteristics, New Jersey",264,cp-2-32-1table138.pdf,Bergen County,
1990,Bergen County,New Jersey,138,"Nativity, Citizenship, Year of Entry, Area of Birth, and Language Spoken at Home: 1990",Language spoken at home,Persons 5 years and over,Spanish,42204,,persons,Persons 5 years and over,"1990 Census of Population: Social and Economic Characteristics, New Jersey",264,cp-2-32-1table138.pdf,Bergen County,
1990,Bergen County,New Jersey,138,"Nativity, Citizenship, Year of Entry, Area of Birth, and Language Spoken at Home: 1990",Language spoken at home,Persons 5 years and over,French,5245,,persons,Persons 5 years and over,"1990 Census of Population: Social and Economic Characteristics, New Jersey",264,cp-2-32-1table138.pdf,Bergen County,
1990,Bergen County,New Jersey,138,"Nativity, Citizenship, Year of Entry, Area of Birth, and Language Spoken at Home: 1990",Language spoken at home,Persons 5 years and over,Italian,27158,,persons,Persons 5 years and over,"1990 Census of Population: Social and Economic Characteristics, New Jersey",264,cp-2-32-1table138.pdf,Bergen County,
1990,Bergen County,New Jersey,138,"Nativity, Citizenship, Year of Entry, Area of Birth, and Language Spoken at Home: 1990",Language spoken at home,Persons 5 years and over,Portuguese,2411,,persons,Persons 5 years and over,"1990 Census of Population: Social and Economic Characteristics, New Jersey",264,cp-2-32-1table138.pdf,Bergen County,
1990,Bergen County,New Jersey,138,"Nativity, Citizenship, Year of Entry, Area of Birth, and Language Spoken at Home: 1990",Language spoken at home,Persons 5 years and over,German,9355,,persons,Persons 5 years and over,"1990 Census of Population: Social and Economic Characteristics, New Jersey",264,cp-2-32-1table138.pdf,Bergen County,
1990,Bergen County,New Jersey,138,"Nativity, Citizenship, Year of Entry, Area of Birth, and Language Spoken at Home: 1990",Language spoken at home,Persons 5 years and over,Yiddish,1356,,persons,Persons 5 years and over,"1990 Census of Population: Social and Economic Characteristics, New Jersey",264,cp-2-32-1table138.pdf,Bergen County,
1990,Bergen County,New Jersey,138,"Nativity, Citizenship, Year of Entry, Area of Birth, and Language Spoken at Home: 1990",Language spoken at home,Persons 5 years and over,Other West Germanic,776,,persons,Persons 5 years and over,"1990 Census of Population: Social and Economic Characteristics, New Jersey",264,cp-2-32-1table138.pdf,Bergen County,
1990,Bergen County,New Jersey,138,"Nativity, Citizenship, Year of Entry, Area of Birth, and Language Spoken at Home: 1990",Language spoken at home,Persons 5 years and over,Scandinavian,949,,persons,Persons 5 years and over,"1990 Census of Population: Social and Economic Characteristics, New Jersey",264,cp-2-32-1table138.pdf,Bergen County,
1990,Bergen County,New Jersey,138,"Nativity, Citizenship, Year of Entry, Area of Birth, and Language Spoken at Home: 1990",Language spoken at home,Persons 5 years and over,Polish,10963,,persons,Persons 5 years and over,"1990 Census of Population: Social and Economic Characteristics, New Jersey",264,cp-2-32-1table138.pdf,Bergen County,
1990,Bergen County,New Jersey,138,"Nativity, Citizenship, Year of Entry, Area of Birth, and Language Spoken at Home: 1990",Language spoken at home,Persons 5 years and over,Russian,2822,,persons,Persons 5 years and over,"1990 Census of Population: Social and Economic Characteristics, New Jersey",264,cp-2-32-1table138.pdf,Bergen County,
1990,Bergen County,New Jersey,138,"Nativity, Citizenship, Year of Entry, Area of Birth, and Language Spoken at Home: 1990",Language spoken at home,Persons 5 years and over,South Slavic,3614,,persons,Persons 5 years and over,"1990 Census of Population: Social and Economic Characteristics, New Jersey",264,cp-2-32-1table138.pdf,Bergen County,
1990,Bergen County,New Jersey,138,"Nativity, Citizenship, Year of Entry, Area of Birth, and Language Spoken at Home: 1990",Language spoken at home,Persons 5 years and over,Other Slavic,2548,,persons,Persons 5 years and over,"1990 Census of Population: Social and Economic Characteristics, New Jersey",264,cp-2-32-1table138.pdf,Bergen County,
1990,Bergen County,New Jersey,138,"Nativity, Citizenship, Year of Entry, Area of Birth, and Language Spoken at Home: 1990",Language spoken at home,Persons 5 years and over,Greek,7502,,persons,Persons 5 years and over,"1990 Census of Population: Social and Economic Characteristics, New Jersey",264,cp-2-32-1table138.pdf,Bergen County,
1990,Bergen County,New Jersey,138,"Nativity, Citizenship, Year of Entry, Area of Birth, and Language Spoken at Home: 1990",Language spoken at home,Persons 5 years and over,Indic,6492,,persons,Persons 5 years and over,"1990 Census of Population: Social and Economic Characteristics, New Jersey",264,cp-2-32-1table138.pdf,Bergen County,
1990,Bergen County,New Jersey,138,"Nativity, Citizenship, Year of Entry, Area of Birth, and Language Spoken at Home: 1990",Language spoken at home,Persons 5 years and over,Other Indo-European languages,6777,,persons,Persons 5 years and over,"1990 Census of Population: Social and Economic Characteristics, New Jersey",264,cp-2-32-1table138.pdf,Bergen County,
1990,Bergen County,New Jersey,138,"Nativity, Citizenship, Year of Entry, Area of Birth, and Language Spoken at Home: 1990",Language spoken at home,Persons 5 years and over,Chinese,6987,,persons,Persons 5 years and over,"1990 Census of Population: Social and Economic Characteristics, New Jersey",264,cp-2-32-1table138.pdf,Bergen County,
1990,Bergen County,New Jersey,138,"Nativity, Citizenship, Year of Entry, Area of Birth, and Language Spoken at Home: 1990",Language spoken at home,Persons 5 years and over,Japanese,9025,,persons,Persons 5 years and over,"1990 Census of Population: Social and Economic Characteristics, New Jersey",264,cp-2-32-1table138.pdf,Bergen County,
1990,Bergen County,New Jersey,138,"Nativity, Citizenship, Year of Entry, Area of Birth, and Language Spoken at Home: 1990",Language spoken at home,Persons 5 years and over,Mon-Khmer,,—,persons,Persons 5 years and over,"1990 Census of Population: Social and Economic Characteristics, New Jersey",264,cp-2-32-1table138.pdf,Bergen County,Dash shown in source; numeric value left blank.
1990,Bergen County,New Jersey,138,"Nativity, Citizenship, Year of Entry, Area of Birth, and Language Spoken at Home: 1990",Language spoken at home,Persons 5 years and over,Korean,13491,,persons,Persons 5 years and over,"1990 Census of Population: Social and Economic Characteristics, New Jersey",264,cp-2-32-1table138.pdf,Bergen County,
1990,Bergen County,New Jersey,138,"Nativity, Citizenship, Year of Entry, Area of Birth, and Language Spoken at Home: 1990",Language spoken at home,Persons 5 years and over,Tagalog,4826,,persons,Persons 5 years and over,"1990 Census of Population: Social and Economic Characteristics, New Jersey",264,cp-2-32-1table138.pdf,Bergen County,
1990,Bergen County,New Jersey,138,"Nativity, Citizenship, Year of Entry, Area of Birth, and Language Spoken at Home: 1990",Language spoken at home,Persons 5 years and over,Vietnamese,181,,persons,Persons 5 years and over,"1990 Census of Population: Social and Economic Characteristics, New Jersey",264,cp-2-32-1table138.pdf,Bergen County,
1990,Bergen County,New Jersey,138,"Nativity, Citizenship, Year of Entry, Area of Birth, and Language Spoken at Home: 1990",Language spoken at home,Persons 5 years and over,Arabic,3313,,persons,Persons 5 years and over,"1990 Census of Population: Social and Economic Characteristics, New Jersey",264,cp-2-32-1table138.pdf,Bergen County,
1990,Bergen County,New Jersey,138,"Nativity, Citizenship, Year of Entry, Area of Birth, and Language Spoken at Home: 1990",Language spoken at home,Persons 5 years and over,Hungarian,1633,,persons,Persons 5 years and over,"1990 Census of Population: Social and Economic Characteristics, New Jersey",264,cp-2-32-1table138.pdf,Bergen County,
1990,Bergen County,New Jersey,138,"Nativity, Citizenship, Year of Entry, Area of Birth, and Language Spoken at Home: 1990",Language spoken at home,Persons 5 years and over,Native North American languages,62,,persons,Persons 5 years and over,"1990 Census of Population: Social and Economic Characteristics, New Jersey",264,cp-2-32-1table138.pdf,Bergen County,
1990,Bergen County,New Jersey,138,"Nativity, Citizenship, Year of Entry, Area of Birth, and Language Spoken at Home: 1990",Language spoken at home,Persons 5 years and over,Other languages,8028,,persons,Persons 5 years and over,"1990 Census of Population: Social and Economic Characteristics, New Jersey",264,cp-2-32-1table138.pdf,Bergen County,
1990,Bergen County,New Jersey,138,"Nativity, Citizenship, Year of Entry, Area of Birth, and Language Spoken at Home: 1990",Language spoken at home by ability to speak English,,Persons 5 years and over,776864,,persons,Persons 5 years and over,"1990 Census of Population: Social and Economic Characteristics, New Jersey",264,cp-2-32-1table138.pdf,Bergen County,
1990,Bergen County,New Jersey,138,"Nativity, Citizenship, Year of Entry, Area of Birth, and Language Spoken at Home: 1990",Language spoken at home by ability to speak English,Persons 5 years and over,Speak English only,599146,,persons,Persons 5 years and over,"1990 Census of Population: Social and Economic Characteristics, New Jersey",264,cp-2-32-1table138.pdf,Bergen County,
1990,Bergen County,New Jersey,138,"Nativity, Citizenship, Year of Entry, Area of Birth, and Language Spoken at Home: 1990",Language spoken at home by ability to speak English,Persons 5 years and over,Spanish,42204,,persons,Persons 5 years and over,"1990 Census of Population: Social and Economic Characteristics, New Jersey",264,cp-2-32-1table138.pdf,Bergen County,
1990,Bergen County,New Jersey,138,"Nativity, Citizenship, Year of Entry, Area of Birth, and Language Spoken at Home: 1990",Language spoken at home by ability to speak English,Spanish,Speak English very well,24513,,persons,Persons 5 years and over speaking Spanish,"1990 Census of Population: Social and Economic Characteristics, New Jersey",264,cp-2-32-1table138.pdf,Bergen County,
1990,Bergen County,New Jersey,138,"Nativity, Citizenship, Year of Entry, Area of Birth, and Language Spoken at Home: 1990",Language spoken at home by ability to speak English,Spanish,Speak English well,9263,,persons,Persons 5 years and over speaking Spanish,"1990 Census of Population: Social and Economic Characteristics, New Jersey",264,cp-2-32-1table138.pdf,Bergen County,
1990,Bergen County,New Jersey,138,"Nativity, Citizenship, Year of Entry, Area of Birth, and Language Spoken at Home: 1990",Language spoken at home by ability to speak English,Spanish,Speak English not well,6292,,persons,Persons 5 years and over speaking Spanish,"1990 Census of Population: Social and Economic Characteristics, New Jersey",264,cp-2-32-1table138.pdf,Bergen County,
1990,Bergen County,New Jersey,138,"Nativity, Citizenship, Year of Entry, Area of Birth, and Language Spoken at Home: 1990",Language spoken at home by ability to speak English,Spanish,Speak English not at all,2136,,persons,Persons 5 years and over speaking Spanish,"1990 Census of Population: Social and Economic Characteristics, New Jersey",264,cp-2-32-1table138.pdf,Bergen County,
1990,Bergen County,New Jersey,138,"Nativity, Citizenship, Year of Entry, Area of Birth, and Language Spoken at Home: 1990",Language spoken at home by ability to speak English,Persons 5 years and over,Other Indo-European languages,87968,,persons,Persons 5 years and over,"1990 Census of Population: Social and Economic Characteristics, New Jersey",264,cp-2-32-1table138.pdf,Bergen County,
1990,Bergen County,New Jersey,138,"Nativity, Citizenship, Year of Entry, Area of Birth, and Language Spoken at Home: 1990",Language spoken at home by ability to speak English,Other Indo-European languages,Speak English very well,57646,,persons,Persons 5 years and over speaking Other Indo-European languages,"1990 Census of Population: Social and Economic Characteristics, New Jersey",264,cp-2-32-1table138.pdf,Bergen County,
1990,Bergen County,New Jersey,138,"Nativity, Citizenship, Year of Entry, Area of Birth, and Language Spoken at Home: 1990",Language spoken at home by ability to speak English,Other Indo-European languages,Speak English well,20132,,persons,Persons 5 years and over speaking Other Indo-European languages,"1990 Census of Population: Social and Economic Characteristics, New Jersey",264,cp-2-32-1table138.pdf,Bergen County,
1990,Bergen County,New Jersey,138,"Nativity, Citizenship, Year of Entry, Area of Birth, and Language Spoken at Home: 1990",Language spoken at home by ability to speak English,Other Indo-European languages,Speak English not well,8617,,persons,Persons 5 years and over speaking Other Indo-European languages,"1990 Census of Population: Social and Economic Characteristics, New Jersey",264,cp-2-32-1table138.pdf,Bergen County,
1990,Bergen County,New Jersey,138,"Nativity, Citizenship, Year of Entry, Area of Birth, and Language Spoken at Home: 1990",Language spoken at home by ability to speak English,Other Indo-European languages,Speak English not at all,1573,,persons,Persons 5 years and over speaking Other Indo-European languages,"1990 Census of Population: Social and Economic Characteristics, New Jersey",264,cp-2-32-1table138.pdf,Bergen County,
1990,Bergen County,New Jersey,138,"Nativity, Citizenship, Year of Entry, Area of Birth, and Language Spoken at Home: 1990",Language spoken at home by ability to speak English,Persons 5 years and over,Asian and Pacific Island languages,38512,,persons,Persons 5 years and over,"1990 Census of Population: Social and Economic Characteristics, New Jersey",264,cp-2-32-1table138.pdf,Bergen County,
1990,Bergen County,New Jersey,138,"Nativity, Citizenship, Year of Entry, Area of Birth, and Language Spoken at Home: 1990",Language spoken at home by ability to speak English,Asian and Pacific Island languages,Speak English very well,16196,,persons,Persons 5 years and over speaking Asian and Pacific Island languages,"1990 Census of Population: Social and Economic Characteristics, New Jersey",264,cp-2-32-1table138.pdf,Bergen County,
1990,Bergen County,New Jersey,138,"Nativity, Citizenship, Year of Entry, Area of Birth, and Language Spoken at Home: 1990",Language spoken at home by ability to speak English,Asian and Pacific Island languages,Speak English well,12544,,persons,Persons 5 years and over speaking Asian and Pacific Island languages,"1990 Census of Population: Social and Economic Characteristics, New Jersey",264,cp-2-32-1table138.pdf,Bergen County,
1990,Bergen County,New Jersey,138,"Nativity, Citizenship, Year of Entry, Area of Birth, and Language Spoken at Home: 1990",Language spoken at home by ability to speak English,Asian and Pacific Island languages,Speak English not well,8270,,persons,Persons 5 years and over speaking Asian and Pacific Island languages,"1990 Census of Population: Social and Economic Characteristics, New Jersey",264,cp-2-32-1table138.pdf,Bergen County,
1990,Bergen County,New Jersey,138,"Nativity, Citizenship, Year of Entry, Area of Birth, and Language Spoken at Home: 1990",Language spoken at home by ability to speak English,Asian and Pacific Island languages,Speak English not at all,1502,,persons,Persons 5 years and over speaking Asian and Pacific Island languages,"1990 Census of Population: Social and Economic Characteristics, New Jersey",264,cp-2-32-1table138.pdf,Bergen County,
1990,Bergen County,New Jersey,138,"Nativity, Citizenship, Year of Entry, Area of Birth, and Language Spoken at Home: 1990",Language spoken at home by ability to speak English,Persons 5 years and over,All other languages,9034,,persons,Persons 5 years and over,"1990 Census of Population: Social and Economic Characteristics, New Jersey",264,cp-2-32-1table138.pdf,Bergen County,
1990,Bergen County,New Jersey,138,"Nativity, Citizenship, Year of Entry, Area of Birth, and Language Spoken at Home: 1990",Language spoken at home by ability to speak English,All other languages,Speak English very well,6305,,persons,Persons 5 years and over speaking All other languages,"1990 Census of Population: Social and Economic Characteristics, New Jersey",264,cp-2-32-1table138.pdf,Bergen County,
1990,Bergen County,New Jersey,138,"Nativity, Citizenship, Year of Entry, Area of Birth, and Language Spoken at Home: 1990",Language spoken at home by ability to speak English,All other languages,Speak English well,2008,,persons,Persons 5 years and over speaking All other languages,"1990 Census of Population: Social and Economic Characteristics, New Jersey",264,cp-2-32-1table138.pdf,Bergen County,
1990,Bergen County,New Jersey,138,"Nativity, Citizenship, Year of Entry, Area of Birth, and Language Spoken at Home: 1990",Language spoken at home by ability to speak English,All other languages,Speak English not well,609,,persons,Persons 5 years and over speaking All other languages,"1990 Census of Population: Social and Economic Characteristics, New Jersey",264,cp-2-32-1table138.pdf,Bergen County,
1990,Bergen County,New Jersey,138,"Nativity, Citizenship, Year of Entry, Area of Birth, and Language Spoken at Home: 1990",Language spoken at home by ability to speak English,All other languages,Speak English not at all,112,,persons,Persons 5 years and over speaking All other languages,"1990 Census of Population: Social and Economic Characteristics, New Jersey",264,cp-2-32-1table138.pdf,Bergen County,
1990,Bergen County,New Jersey,139,Place of Birth of Foreign-Born Persons: 1990,Place of birth of foreign-born persons,,Foreign-born persons,148861,,persons,Foreign-born persons,"1990 Census of Population: Social and Economic Characteristics, New Jersey",267,cp-2-32-1table139.pdf,Bergen County,
1990,Bergen County,New Jersey,139,Place of Birth of Foreign-Born Persons: 1990,Place of birth of foreign-born persons,Foreign-born persons,Europe,57008,,persons,Foreign-born persons,"1990 Census of Population: Social and Economic Characteristics, New Jersey",267,cp-2-32-1table139.pdf,Bergen County,
1990,Bergen County,New Jersey,139,Place of Birth of Foreign-Born Persons: 1990,Place of birth of foreign-born persons,Europe,Austria,993,,persons,Foreign-born persons,"1990 Census of Population: Social and Economic Characteristics, New Jersey",267,cp-2-32-1table139.pdf,Bergen County,
1990,Bergen County,New Jersey,139,Place of Birth of Foreign-Born Persons: 1990,Place of birth of foreign-born persons,Europe,Belgium,364,,persons,Foreign-born persons,"1990 Census of Population: Social and Economic Characteristics, New Jersey",267,cp-2-32-1table139.pdf,Bergen County,
1990,Bergen County,New Jersey,139,Place of Birth of Foreign-Born Persons: 1990,Place of birth of foreign-born persons,Europe,Czechoslovakia,1203,,persons,Foreign-born persons,"1990 Census of Population: Social and Economic Characteristics, New Jersey",267,cp-2-32-1table139.pdf,Bergen County,
1990,Bergen County,New Jersey,139,Place of Birth of Foreign-Born Persons: 1990,Place of birth of foreign-born persons,Europe,Denmark,225,,persons,Foreign-born persons,"1990 Census of Population: Social and Economic Characteristics, New Jersey",267,cp-2-32-1table139.pdf,Bergen County,
1990,Bergen County,New Jersey,139,Place of Birth of Foreign-Born Persons: 1990,Place of birth of foreign-born persons,Europe,Estonia,198,,persons,Foreign-born persons,"1990 Census of Population: Social and Economic Characteristics, New Jersey",267,cp-2-32-1table139.pdf,Bergen County,
1990,Bergen County,New Jersey,139,Place of Birth of Foreign-Born Persons: 1990,Place of birth of foreign-born persons,Europe,Finland,182,,persons,Foreign-born persons,"1990 Census of Population: Social and Economic Characteristics, New Jersey",267,cp-2-32-1table139.pdf,Bergen County,
1990,Bergen County,New Jersey,139,Place of Birth of Foreign-Born Persons: 1990,Place of birth of foreign-born persons,Europe,France,1483,,persons,Foreign-born persons,"1990 Census of Population: Social and Economic Characteristics, New Jersey",267,cp-2-32-1table139.pdf,Bergen County,
1990,Bergen County,New Jersey,139,Place of Birth of Foreign-Born Persons: 1990,Place of birth of foreign-born persons,Europe,Germany,8156,,persons,Foreign-born persons,"1990 Census of Population: Social and Economic Characteristics, New Jersey",267,cp-2-32-1table139.pdf,Bergen County,
1990,Bergen County,New Jersey,139,Place of Birth of Foreign-Born Persons: 1990,Place of birth of foreign-born persons,Europe,Greece,3821,,persons,Foreign-born persons,"1990 Census of Population: Social and Economic Characteristics, New Jersey",267,cp-2-32-1table139.pdf,Bergen County,
1990,Bergen County,New Jersey,139,Place of Birth of Foreign-Born Persons: 1990,Place of birth of foreign-born persons,Europe,Hungary,1369,,persons,Foreign-born persons,"1990 Census of Population: Social and Economic Characteristics, New Jersey",267,cp-2-32-1table139.pdf,Bergen County,
1990,Bergen County,New Jersey,139,Place of Birth of Foreign-Born Persons: 1990,Place of birth of foreign-born persons,Europe,Ireland,3768,,persons,Foreign-born persons,"1990 Census of Population: Social and Economic Characteristics, New Jersey",267,cp-2-32-1table139.pdf,Bergen County,
1990,Bergen County,New Jersey,139,Place of Birth of Foreign-Born Persons: 1990,Place of birth of foreign-born persons,Europe,Italy,14064,,persons,Foreign-born persons,"1990 Census of Population: Social and Economic Characteristics, New Jersey",267,cp-2-32-1table139.pdf,Bergen County,
1990,Bergen County,New Jersey,139,Place of Birth of Foreign-Born Persons: 1990,Place of birth of foreign-born persons,Europe,Latvia,282,,persons,Foreign-born persons,"1990 Census of Population: Social and Economic Characteristics, New Jersey",267,cp-2-32-1table139.pdf,Bergen County,
1990,Bergen County,New Jersey,139,Place of Birth of Foreign-Born Persons: 1990,Place of birth of foreign-born persons,Europe,Lithuania,188,,persons,Foreign-born persons,"1990 Census of Population: Social and Economic Characteristics, New Jersey",267,cp-2-32-1table139.pdf,Bergen County,
1990,Bergen County,New Jersey,139,Place of Birth of Foreign-Born Persons: 1990,Place of birth of foreign-born persons,Europe,Netherlands,770,,persons,Foreign-born persons,"1990 Census of Population: Social and Economic Characteristics, New Jersey",267,cp-2-32-1table139.pdf,Bergen County,
1990,Bergen County,New Jersey,139,Place of Birth of Foreign-Born Persons: 1990,Place of birth of foreign-born persons,Europe,Norway,357,,persons,Foreign-born persons,"1990 Census of Population: Social and Economic Characteristics, New Jersey",267,cp-2-32-1table139.pdf,Bergen County,
1990,Bergen County,New Jersey,139,Place of Birth of Foreign-Born Persons: 1990,Place of birth of foreign-born persons,Europe,Poland,7110,,persons,Foreign-born persons,"1990 Census of Population: Social and Economic Characteristics, New Jersey",267,cp-2-32-1table139.pdf,Bergen County,
1990,Bergen County,New Jersey,139,Place of Birth of Foreign-Born Persons: 1990,Place of birth of foreign-born persons,Europe,Portugal,1365,,persons,Foreign-born persons,"1990 Census of Population: Social and Economic Characteristics, New Jersey",267,cp-2-32-1table139.pdf,Bergen County,
1990,Bergen County,New Jersey,139,Place of Birth of Foreign-Born Persons: 1990,Place of birth of foreign-born persons,Europe,Romania,844,,persons,Foreign-born persons,"1990 Census of Population: Social and Economic Characteristics, New Jersey",267,cp-2-32-1table139.pdf,Bergen County,
1990,Bergen County,New Jersey,139,Place of Birth of Foreign-Born Persons: 1990,Place of birth of foreign-born persons,Europe,Spain,962,,persons,Foreign-born persons,"1990 Census of Population: Social and Economic Characteristics, New Jersey",267,cp-2-32-1table139.pdf,Bergen County,
1990,Bergen County,New Jersey,139,Place of Birth of Foreign-Born Persons: 1990,Place of birth of foreign-born persons,Europe,Sweden,364,,persons,Foreign-born persons,"1990 Census of Population: Social and Economic Characteristics, New Jersey",267,cp-2-32-1table139.pdf,Bergen County,
1990,Bergen County,New Jersey,139,Place of Birth of Foreign-Born Persons: 1990,Place of birth of foreign-born persons,Europe,Switzerland,540,,persons,Foreign-born persons,"1990 Census of Population: Social and Economic Characteristics, New Jersey",267,cp-2-32-1table139.pdf,Bergen County,
1990,Bergen County,New Jersey,139,Place of Birth of Foreign-Born Persons: 1990,Place of birth of foreign-born persons,Europe,United Kingdom,4638,,persons,Foreign-born persons,"1990 Census of Population: Social and Economic Characteristics, New Jersey",267,cp-2-32-1table139.pdf,Bergen County,
1990,Bergen County,New Jersey,139,Place of Birth of Foreign-Born Persons: 1990,Place of birth of foreign-born persons,Europe,Yugoslavia,3229,,persons,Foreign-born persons,"1990 Census of Population: Social and Economic Characteristics, New Jersey",267,cp-2-32-1table139.pdf,Bergen County,
1990,Bergen County,New Jersey,139,Place of Birth of Foreign-Born Persons: 1990,Place of birth of foreign-born persons,Foreign-born persons,Soviet Union,3034,,persons,Foreign-born persons,"1990 Census of Population: Social and Economic Characteristics, New Jersey",267,cp-2-32-1table139.pdf,Bergen County,
1990,Bergen County,New Jersey,139,Place of Birth of Foreign-Born Persons: 1990,Place of birth of foreign-born persons,Foreign-born persons,Asia,49337,,persons,Foreign-born persons,"1990 Census of Population: Social and Economic Characteristics, New Jersey",267,cp-2-32-1table139.pdf,Bergen County,
1990,Bergen County,New Jersey,139,Place of Birth of Foreign-Born Persons: 1990,Place of birth of foreign-born persons,Asia,Afghanistan,191,,persons,Foreign-born persons,"1990 Census of Population: Social and Economic Characteristics, New Jersey",267,cp-2-32-1table139.pdf,Bergen County,
1990,Bergen County,New Jersey,139,Place of Birth of Foreign-Born Persons: 1990,Place of birth of foreign-born persons,Asia,Burma,39,,persons,Foreign-born persons,"1990 Census of Population: Social and Economic Characteristics, New Jersey",267,cp-2-32-1table139.pdf,Bergen County,
1990,Bergen County,New Jersey,139,Place of Birth of Foreign-Born Persons: 1990,Place of birth of foreign-born persons,Asia,Cambodia,4,,persons,Foreign-born persons,"1990 Census of Population: Social and Economic Characteristics, New Jersey",267,cp-2-32-1table139.pdf,Bergen County,
1990,Bergen County,New Jersey,139,Place of Birth of Foreign-Born Persons: 1990,Place of birth of foreign-born persons,Asia,China,2731,,persons,Foreign-born persons,"1990 Census of Population: Social and Economic Characteristics, New Jersey",267,cp-2-32-1table139.pdf,Bergen County,
1990,Bergen County,New Jersey,139,Place of Birth of Foreign-Born Persons: 1990,Place of birth of foreign-born persons,Asia,Hong Kong,582,,persons,Foreign-born persons,"1990 Census of Population: Social and Economic Characteristics, New Jersey",267,cp-2-32-1table139.pdf,Bergen County,
1990,Bergen County,New Jersey,139,Place of Birth of Foreign-Born Persons: 1990,Place of birth of foreign-born persons,Asia,India,6346,,persons,Foreign-born persons,"1990 Census of Population: Social and Economic Characteristics, New Jersey",267,cp-2-32-1table139.pdf,Bergen County,
1990,Bergen County,New Jersey,139,Place of Birth of Foreign-Born Persons: 1990,Place of birth of foreign-born persons,Asia,Indonesia,222,,persons,Foreign-born persons,"1990 Census of Population: Social and Economic Characteristics, New Jersey",267,cp-2-32-1table139.pdf,Bergen County,
1990,Bergen County,New Jersey,139,Place of Birth of Foreign-Born Persons: 1990,Place of birth of foreign-born persons,Asia,Iran,1414,,persons,Foreign-born persons,"1990 Census of Population: Social and Economic Characteristics, New Jersey",267,cp-2-32-1table139.pdf,Bergen County,
1990,Bergen County,New Jersey,139,Place of Birth of Foreign-Born Persons: 1990,Place of birth of foreign-born persons,Asia,Iraq,220,,persons,Foreign-born persons,"1990 Census of Population: Social and Economic Characteristics, New Jersey",267,cp-2-32-1table139.pdf,Bergen County,
1990,Bergen County,New Jersey,139,Place of Birth of Foreign-Born Persons: 1990,Place of birth of foreign-born persons,Asia,Israel,2190,,persons,Foreign-born persons,"1990 Census of Population: Social and Economic Characteristics, New Jersey",267,cp-2-32-1table139.pdf,Bergen County,
1990,Bergen County,New Jersey,139,Place of Birth of Foreign-Born Persons: 1990,Place of birth of foreign-born persons,Asia,Japan,8924,,persons,Foreign-born persons,"1990 Census of Population: Social and Economic Characteristics, New Jersey",267,cp-2-32-1table139.pdf,Bergen County,
1990,Bergen County,New Jersey,139,Place of Birth of Foreign-Born Persons: 1990,Place of birth of foreign-born persons,Asia,Jordan,349,,persons,Foreign-born persons,"1990 Census of Population: Social and Economic Characteristics, New Jersey",267,cp-2-32-1table139.pdf,Bergen County,
1990,Bergen County,New Jersey,139,Place of Birth of Foreign-Born Persons: 1990,Place of birth of foreign-born persons,Asia,Korea,12240,,persons,Foreign-born persons,"1990 Census of Population: Social and Economic Characteristics, New Jersey",267,cp-2-32-1table139.pdf,Bergen County,
1990,Bergen County,New Jersey,139,Place of Birth of Foreign-Born Persons: 1990,Place of birth of foreign-born persons,Asia,Laos,125,,persons,Foreign-born persons,"1990 Census of Population: Social and Economic Characteristics, New Jersey",267,cp-2-32-1table139.pdf,Bergen County,
1990,Bergen County,New Jersey,139,Place of Birth of Foreign-Born Persons: 1990,Place of birth of foreign-born persons,Asia,Lebanon,1264,,persons,Foreign-born persons,"1990 Census of Population: Social and Economic Characteristics, New Jersey",267,cp-2-32-1table139.pdf,Bergen County,
1990,Bergen County,New Jersey,139,Place of Birth of Foreign-Born Persons: 1990,Place of birth of foreign-born persons,Asia,Malaysia,114,,persons,Foreign-born persons,"1990 Census of Population: Social and Economic Characteristics, New Jersey",267,cp-2-32-1table139.pdf,Bergen County,
1990,Bergen County,New Jersey,139,Place of Birth of Foreign-Born Persons: 1990,Place of birth of foreign-born persons,Asia,Pakistan,900,,persons,Foreign-born persons,"1990 Census of Population: Social and Economic Characteristics, New Jersey",267,cp-2-32-1table139.pdf,Bergen County,
1990,Bergen County,New Jersey,139,Place of Birth of Foreign-Born Persons: 1990,Place of birth of foreign-born persons,Asia,Philippines,5129,,persons,Foreign-born persons,"1990 Census of Population: Social and Economic Characteristics, New Jersey",267,cp-2-32-1table139.pdf,Bergen County,
1990,Bergen County,New Jersey,139,Place of Birth of Foreign-Born Persons: 1990,Place of birth of foreign-born persons,Asia,Saudi Arabia,60,,persons,Foreign-born persons,"1990 Census of Population: Social and Economic Characteristics, New Jersey",267,cp-2-32-1table139.pdf,Bergen County,
1990,Bergen County,New Jersey,139,Place of Birth of Foreign-Born Persons: 1990,Place of birth of foreign-born persons,Asia,Syria,877,,persons,Foreign-born persons,"1990 Census of Population: Social and Economic Characteristics, New Jersey",267,cp-2-32-1table139.pdf,Bergen County,
1990,Bergen County,New Jersey,139,Place of Birth of Foreign-Born Persons: 1990,Place of birth of foreign-born persons,Asia,Taiwan,1835,,persons,Foreign-born persons,"1990 Census of Population: Social and Economic Characteristics, New Jersey",267,cp-2-32-1table139.pdf,Bergen County,
1990,Bergen County,New Jersey,139,Place of Birth of Foreign-Born Persons: 1990,Place of birth of foreign-born persons,Asia,Thailand,352,,persons,Foreign-born persons,"1990 Census of Population: Social and Economic Characteristics, New Jersey",267,cp-2-32-1table139.pdf,Bergen County,
1990,Bergen County,New Jersey,139,Place of Birth of Foreign-Born Persons: 1990,Place of birth of foreign-born persons,Asia,Turkey,2137,,persons,Foreign-born persons,"1990 Census of Population: Social and Economic Characteristics, New Jersey",267,cp-2-32-1table139.pdf,Bergen County,
1990,Bergen County,New Jersey,139,Place of Birth of Foreign-Born Persons: 1990,Place of birth of foreign-born persons,Asia,Vietnam,342,,persons,Foreign-born persons,"1990 Census of Population: Social and Economic Characteristics, New Jersey",267,cp-2-32-1table139.pdf,Bergen County,
1990,Bergen County,New Jersey,139,Place of Birth of Foreign-Born Persons: 1990,Place of birth of foreign-born persons,Foreign-born persons,North America,17468,,persons,Foreign-born persons,"1990 Census of Population: Social and Economic Characteristics, New Jersey",267,cp-2-32-1table139.pdf,Bergen County,
1990,Bergen County,New Jersey,139,Place of Birth of Foreign-Born Persons: 1990,Place of birth of foreign-born persons,North America,Canada,2134,,persons,Foreign-born persons,"1990 Census of Population: Social and Economic Characteristics, New Jersey",267,cp-2-32-1table139.pdf,Bergen County,
1990,Bergen County,New Jersey,139,Place of Birth of Foreign-Born Persons: 1990,Place of birth of foreign-born persons,North America,Mexico,574,,persons,Foreign-born persons,"1990 Census of Population: Social and Economic Characteristics, New Jersey",267,cp-2-32-1table139.pdf,Bergen County,
1990,Bergen County,New Jersey,139,Place of Birth of Foreign-Born Persons: 1990,Place of birth of foreign-born persons,North America,Caribbean,11846,,persons,Foreign-born persons,"1990 Census of Population: Social and Economic Characteristics, New Jersey",267,cp-2-32-1table139.pdf,Bergen County,
1990,Bergen County,New Jersey,139,Place of Birth of Foreign-Born Persons: 1990,Place of birth of foreign-born persons,Caribbean,Bahamas,48,,persons,Foreign-born persons,"1990 Census of Population: Social and Economic Characteristics, New Jersey",267,cp-2-32-1table139.pdf,Bergen County,
1990,Bergen County,New Jersey,139,Place of Birth of Foreign-Born Persons: 1990,Place of birth of foreign-born persons,Caribbean,Barbados,259,,persons,Foreign-born persons,"1990 Census of Population: Social and Economic Characteristics, New Jersey",267,cp-2-32-1table139.pdf,Bergen County,
1990,Bergen County,New Jersey,139,Place of Birth of Foreign-Born Persons: 1990,Place of birth of foreign-born persons,Caribbean,Cuba,4266,,persons,Foreign-born persons,"1990 Census of Population: Social and Economic Characteristics, New Jersey",267,cp-2-32-1table139.pdf,Bergen County,
1990,Bergen County,New Jersey,139,Place of Birth of Foreign-Born Persons: 1990,Place of birth of foreign-born persons,Caribbean,Dominican Republic,1945,,persons,Foreign-born persons,"1990 Census of Population: Social and Economic Characteristics, New Jersey",267,cp-2-32-1table139.pdf,Bergen County,
1990,Bergen County,New Jersey,139,Place of Birth of Foreign-Born Persons: 1990,Place of birth of foreign-born persons,Caribbean,Grenada,35,,persons,Foreign-born persons,"1990 Census of Population: Social and Economic Characteristics, New Jersey",267,cp-2-32-1table139.pdf,Bergen County,
1990,Bergen County,New Jersey,139,Place of Birth of Foreign-Born Persons: 1990,Place of birth of foreign-born persons,Caribbean,Haiti,530,,persons,Foreign-born persons,"1990 Census of Population: Social and Economic Characteristics, New Jersey",267,cp-2-32-1table139.pdf,Bergen County,
1990,Bergen County,New Jersey,139,Place of Birth of Foreign-Born Persons: 1990,Place of birth of foreign-born persons,Caribbean,Jamaica,3343,,persons,Foreign-born persons,"1990 Census of Population: Social and Economic Characteristics, New Jersey",267,cp-2-32-1table139.pdf,Bergen County,
1990,Bergen County,New Jersey,139,Place of Birth of Foreign-Born Persons: 1990,Place of birth of foreign-born persons,Caribbean,Trinidad and Tobago,868,,persons,Foreign-born persons,"1990 Census of Population: Social and Economic Characteristics, New Jersey",267,cp-2-32-1table139.pdf,Bergen County,
1990,Bergen County,New Jersey,139,Place of Birth of Foreign-Born Persons: 1990,Place of birth of foreign-born persons,North America,Central America,2863,,persons,Foreign-born persons,"1990 Census of Population: Social and Economic Characteristics, New Jersey",267,cp-2-32-1table139.pdf,Bergen County,
1990,Bergen County,New Jersey,139,Place of Birth of Foreign-Born Persons: 1990,Place of birth of foreign-born persons,Central America,Belize,39,,persons,Foreign-born persons,"1990 Census of Population: Social and Economic Characteristics, New Jersey",267,cp-2-32-1table139.pdf,Bergen County,
1990,Bergen County,New Jersey,139,Place of Birth of Foreign-Born Persons: 1990,Place of birth of foreign-born persons,Central America,Costa Rica,280,,persons,Foreign-born persons,"1990 Census of Population: Social and Economic Characteristics, New Jersey",267,cp-2-32-1table139.pdf,Bergen County,
1990,Bergen County,New Jersey,139,Place of Birth of Foreign-Born Persons: 1990,Place of birth of foreign-born persons,Central America,El Salvador,1309,,persons,Foreign-born persons,"1990 Census of Population: Social and Economic Characteristics, New Jersey",267,cp-2-32-1table139.pdf,Bergen County,
1990,Bergen County,New Jersey,139,Place of Birth of Foreign-Born Persons: 1990,Place of birth of foreign-born persons,Central America,Guatemala,457,,persons,Foreign-born persons,"1990 Census of Population: Social and Economic Characteristics, New Jersey",267,cp-2-32-1table139.pdf,Bergen County,
1990,Bergen County,New Jersey,139,Place of Birth of Foreign-Born Persons: 1990,Place of birth of foreign-born persons,Central America,Honduras,318,,persons,Foreign-born persons,"1990 Census of Population: Social and Economic Characteristics, New Jersey",267,cp-2-32-1table139.pdf,Bergen County,
1990,Bergen County,New Jersey,139,Place of Birth of Foreign-Born Persons: 1990,Place of birth of foreign-born persons,Central America,Nicaragua,250,,persons,Foreign-born persons,"1990 Census of Population: Social and Economic Characteristics, New Jersey",267,cp-2-32-1table139.pdf,Bergen County,
1990,Bergen County,New Jersey,139,Place of Birth of Foreign-Born Persons: 1990,Place of birth of foreign-born persons,Central America,Panama,196,,persons,Foreign-born persons,"1990 Census of Population: Social and Economic Characteristics, New Jersey",267,cp-2-32-1table139.pdf,Bergen County,
1990,Bergen County,New Jersey,139,Place of Birth of Foreign-Born Persons: 1990,Place of birth of foreign-born persons,Foreign-born persons,South America,14032,,persons,Foreign-born persons,"1990 Census of Population: Social and Economic Characteristics, New Jersey",267,cp-2-32-1table139.pdf,Bergen County,
1990,Bergen County,New Jersey,139,Place of Birth of Foreign-Born Persons: 1990,Place of birth of foreign-born persons,South America,Argentina,1283,,persons,Foreign-born persons,"1990 Census of Population: Social and Economic Characteristics, New Jersey",267,cp-2-32-1table139.pdf,Bergen County,
1990,Bergen County,New Jersey,139,Place of Birth of Foreign-Born Persons: 1990,Place of birth of foreign-born persons,South America,Bolivia,285,,persons,Foreign-born persons,"1990 Census of Population: Social and Economic Characteristics, New Jersey",267,cp-2-32-1table139.pdf,Bergen County,
1990,Bergen County,New Jersey,139,Place of Birth of Foreign-Born Persons: 1990,Place of birth of foreign-born persons,South America,Brazil,956,,persons,Foreign-born persons,"1990 Census of Population: Social and Economic Characteristics, New Jersey",267,cp-2-32-1table139.pdf,Bergen County,
1990,Bergen County,New Jersey,139,Place of Birth of Foreign-Born Persons: 1990,Place of birth of foreign-born persons,South America,Chile,483,,persons,Foreign-born persons,"1990 Census of Population: Social and Economic Characteristics, New Jersey",267,cp-2-32-1table139.pdf,Bergen County,
1990,Bergen County,New Jersey,139,Place of Birth of Foreign-Born Persons: 1990,Place of birth of foreign-born persons,South America,Colombia,6239,,persons,Foreign-born persons,"1990 Census of Population: Social and Economic Characteristics, New Jersey",267,cp-2-32-1table139.pdf,Bergen County,
1990,Bergen County,New Jersey,139,Place of Birth of Foreign-Born Persons: 1990,Place of birth of foreign-born persons,South America,Ecuador,2383,,persons,Foreign-born persons,"1990 Census of Population: Social and Economic Characteristics, New Jersey",267,cp-2-32-1table139.pdf,Bergen County,
1990,Bergen County,New Jersey,139,Place of Birth of Foreign-Born Persons: 1990,Place of birth of foreign-born persons,South America,Guyana,301,,persons,Foreign-born persons,"1990 Census of Population: Social and Economic Characteristics, New Jersey",267,cp-2-32-1table139.pdf,Bergen County,
1990,Bergen County,New Jersey,139,Place of Birth of Foreign-Born Persons: 1990,Place of birth of foreign-born persons,South America,Peru,1493,,persons,Foreign-born persons,"1990 Census of Population: Social and Economic Characteristics, New Jersey",267,cp-2-32-1table139.pdf,Bergen County,
1990,Bergen County,New Jersey,139,Place of Birth of Foreign-Born Persons: 1990,Place of birth of foreign-born persons,South America,Uruguay,280,,persons,Foreign-born persons,"1990 Census of Population: Social and Economic Characteristics, New Jersey",267,cp-2-32-1table139.pdf,Bergen County,
1990,Bergen County,New Jersey,139,Place of Birth of Foreign-Born Persons: 1990,Place of birth of foreign-born persons,South America,Venezuela,251,,persons,Foreign-born persons,"1990 Census of Population: Social and Economic Characteristics, New Jersey",267,cp-2-32-1table139.pdf,Bergen County,
1990,Bergen County,New Jersey,139,Place of Birth of Foreign-Born Persons: 1990,Place of birth of foreign-born persons,Foreign-born persons,Africa,2444,,persons,Foreign-born persons,"1990 Census of Population: Social and Economic Characteristics, New Jersey",267,cp-2-32-1table139.pdf,Bergen County,
1990,Bergen County,New Jersey,139,Place of Birth of Foreign-Born Persons: 1990,Place of birth of foreign-born persons,Africa,Cape Verde,,—,persons,Foreign-born persons,"1990 Census of Population: Social and Economic Characteristics, New Jersey",267,cp-2-32-1table139.pdf,Bergen County,Dash shown in source; numeric value left blank.
1990,Bergen County,New Jersey,139,Place of Birth of Foreign-Born Persons: 1990,Place of birth of foreign-born persons,Africa,Egypt,1125,,persons,Foreign-born persons,"1990 Census of Population: Social and Economic Characteristics, New Jersey",267,cp-2-32-1table139.pdf,Bergen County,
1990,Bergen County,New Jersey,139,Place of Birth of Foreign-Born Persons: 1990,Place of birth of foreign-born persons,Africa,Ethiopia,89,,persons,Foreign-born persons,"1990 Census of Population: Social and Economic Characteristics, New Jersey",267,cp-2-32-1table139.pdf,Bergen County,
1990,Bergen County,New Jersey,139,Place of Birth of Foreign-Born Persons: 1990,Place of birth of foreign-born persons,Africa,Ghana,87,,persons,Foreign-born persons,"1990 Census of Population: Social and Economic Characteristics, New Jersey",267,cp-2-32-1table139.pdf,Bergen County,
1990,Bergen County,New Jersey,139,Place of Birth of Foreign-Born Persons: 1990,Place of birth of foreign-born persons,Africa,Morocco,133,,persons,Foreign-born persons,"1990 Census of Population: Social and Economic Characteristics, New Jersey",267,cp-2-32-1table139.pdf,Bergen County,
1990,Bergen County,New Jersey,139,Place of Birth of Foreign-Born Persons: 1990,Place of birth of foreign-born persons,Africa,Nigeria,59,,persons,Foreign-born persons,"1990 Census of Population: Social and Economic Characteristics, New Jersey",267,cp-2-32-1table139.pdf,Bergen County,
1990,Bergen County,New Jersey,139,Place of Birth of Foreign-Born Persons: 1990,Place of birth of foreign-born persons,Africa,South Africa,290,,persons,Foreign-born persons,"1990 Census of Population: Social and Economic Characteristics, New Jersey",267,cp-2-32-1table139.pdf,Bergen County,
1990,Bergen County,New Jersey,139,Place of Birth of Foreign-Born Persons: 1990,Place of birth of foreign-born persons,Foreign-born persons,Oceania,243,,persons,Foreign-born persons,"1990 Census of Population: Social and Economic Characteristics, New Jersey",267,cp-2-32-1table139.pdf,Bergen County,
1990,Bergen County,New Jersey,139,Place of Birth of Foreign-Born Persons: 1990,Place of birth of foreign-born persons,Oceania,Australia,188,,persons,Foreign-born persons,"1990 Census of Population: Social and Economic Characteristics, New Jersey",267,cp-2-32-1table139.pdf,Bergen County,
1990,Bergen County,New Jersey,139,Place of Birth of Foreign-Born Persons: 1990,Place of birth of foreign-born persons,Oceania,New Zealand,20,,persons,Foreign-born persons,"1990 Census of Population: Social and Economic Characteristics, New Jersey",267,cp-2-32-1table139.pdf,Bergen County,
1990,Bergen County,New Jersey,139,Place of Birth of Foreign-Born Persons: 1990,Place of birth of foreign-born persons,Foreign-born persons,Area not reported,5295,,persons,Foreign-born persons,"1990 Census of Population: Social and Economic Characteristics, New Jersey",267,cp-2-32-1table139.pdf,Bergen County,
