year,geography,state,source_family,table_id,table_title,variable_id,variable_path,source_label,value,unit,value_type,universe,publication_or_dataset,printed_page,official_source_url,notes
2000,Bergen County,New Jersey,PHC-2,Table 1,"Place of Birth, Residence in 1995, and Language: 2000",,Total population,Total population,884118,persons,reported,Total population,"Census 2000, Summary Social, Economic, and Housing Characteristics: New Jersey (PHC-2-32)",New Jersey 1,https://www2.census.gov/library/publications/2003/dec/phc-2-32.pdf,Data based on a sample.
2000,Bergen County,New Jersey,PHC-2,Table 1,"Place of Birth, Residence in 1995, and Language: 2000",,Native population—Percent born in state of residence,Native population—Percent born in state of residence,59.9,percent,reported,Native population,"Census 2000, Summary Social, Economic, and Housing Characteristics: New Jersey (PHC-2-32)",New Jersey 1,https://www2.census.gov/library/publications/2003/dec/phc-2-32.pdf,Data based on a sample.
2000,Bergen County,New Jersey,PHC-2,Table 1,"Place of Birth, Residence in 1995, and Language: 2000",,Foreign-born population—Number,Foreign-born population—Number,222301,persons,reported,Total population,"Census 2000, Summary Social, Economic, and Housing Characteristics: New Jersey (PHC-2-32)",New Jersey 1,https://www2.census.gov/library/publications/2003/dec/phc-2-32.pdf,Data based on a sample.
2000,Bergen County,New Jersey,PHC-2,Table 1,"Place of Birth, Residence in 1995, and Language: 2000",,Foreign-born population—Percent of total population,Foreign-born population—Percent of total population,25.1,percent,reported,Total population,"Census 2000, Summary Social, Economic, and Housing Characteristics: New Jersey (PHC-2-32)",New Jersey 1,https://www2.census.gov/library/publications/2003/dec/phc-2-32.pdf,Data based on a sample.
2000,Bergen County,New Jersey,PHC-2,Table 1,"Place of Birth, Residence in 1995, and Language: 2000",,Foreign-born population—Percent naturalized citizens,Foreign-born population—Percent naturalized citizens,50.8,percent,reported,Foreign-born population,"Census 2000, Summary Social, Economic, and Housing Characteristics: New Jersey (PHC-2-32)",New Jersey 1,https://www2.census.gov/library/publications/2003/dec/phc-2-32.pdf,Data based on a sample.
2000,Bergen County,New Jersey,PHC-2,Table 1,"Place of Birth, Residence in 1995, and Language: 2000",,Population 5 years and over—Number,Population 5 years and over—Number,829455,persons,reported,Population 5 years and over,"Census 2000, Summary Social, Economic, and Housing Characteristics: New Jersey (PHC-2-32)",New Jersey 1,https://www2.census.gov/library/publications/2003/dec/phc-2-32.pdf,Data based on a sample.
2000,Bergen County,New Jersey,PHC-2,Table 1,"Place of Birth, Residence in 1995, and Language: 2000",,Population 5 years and over—Percent living in different house in 1995,Population 5 years and over—Percent living in different house in 1995,37.2,percent,reported,Population 5 years and over,"Census 2000, Summary Social, Economic, and Housing Characteristics: New Jersey (PHC-2-32)",New Jersey 1,https://www2.census.gov/library/publications/2003/dec/phc-2-32.pdf,Data based on a sample.
2000,Bergen County,New Jersey,PHC-2,Table 1,"Place of Birth, Residence in 1995, and Language: 2000",,Speak a language other than English at home—Population 5 to 17 years—Number,Speak a language other than English at home—Population 5 to 17 years—Number,46272,persons,reported,Population 5 to 17 years,"Census 2000, Summary Social, Economic, and Housing Characteristics: New Jersey (PHC-2-32)",New Jersey 1,https://www2.census.gov/library/publications/2003/dec/phc-2-32.pdf,Data based on a sample.
2000,Bergen County,New Jersey,PHC-2,Table 1,"Place of Birth, Residence in 1995, and Language: 2000",,Speak a language other than English at home—Population 5 to 17 years—Percent who speak English less than very well,Speak a language other than English at home—Population 5 to 17 years—Percent who speak English less than very well,24.5,percent,reported,Population 5 to 17 years speaking a language other than English at home,"Census 2000, Summary Social, Economic, and Housing Characteristics: New Jersey (PHC-2-32)",New Jersey 1,https://www2.census.gov/library/publications/2003/dec/phc-2-32.pdf,Data based on a sample.
2000,Bergen County,New Jersey,PHC-2,Table 1,"Place of Birth, Residence in 1995, and Language: 2000",,Speak a language other than English at home—Population 18 years and over—Number,Speak a language other than English at home—Population 18 years and over—Number,222840,persons,reported,Population 18 years and over,"Census 2000, Summary Social, Economic, and Housing Characteristics: New Jersey (PHC-2-32)",New Jersey 1,https://www2.census.gov/library/publications/2003/dec/phc-2-32.pdf,Data based on a sample.
2000,Bergen County,New Jersey,PHC-2,Table 1,"Place of Birth, Residence in 1995, and Language: 2000",,Speak a language other than English at home—Population 18 years and over—Percent who speak English less than very well,Speak a language other than English at home—Population 18 years and over—Percent who speak English less than very well,46.2,percent,reported,Population 18 years and over speaking a language other than English at home,"Census 2000, Summary Social, Economic, and Housing Characteristics: New Jersey (PHC-2-32)",New Jersey 1,https://www2.census.gov/library/publications/2003/dec/phc-2-32.pdf,Data based on a sample.
2000,Bergen County,New Jersey,SF3,PCT19,Place of Birth for the Foreign-Born Population,PCT019001,Total,Total,222301,persons,reported,Foreign-born population,Census 2000 Summary File 3 (SF 3),,https://api.census.gov/data/2000/dec/sf3/groups/PCT019.html,SF3 sample data; n.e.c. = not elsewhere classified.
2000,Bergen County,New Jersey,SF3,PCT19,Place of Birth for the Foreign-Born Population,PCT019002,Total!!Europe,Europe,67837,persons,reported,Foreign-born population,Census 2000 Summary File 3 (SF 3),,https://api.census.gov/data/2000/dec/sf3/groups/PCT019.html,SF3 sample data; n.e.c. = not elsewhere classified.
2000,Bergen County,New Jersey,SF3,PCT19,Place of Birth for the Foreign-Born Population,PCT019003,Total!!Europe!!Northern Europe,Northern Europe,7996,persons,reported,Foreign-born population,Census 2000 Summary File 3 (SF 3),,https://api.census.gov/data/2000/dec/sf3/groups/PCT019.html,SF3 sample data; n.e.c. = not elsewhere classified.
2000,Bergen County,New Jersey,SF3,PCT19,Place of Birth for the Foreign-Born Population,PCT019004,Total!!Europe!!Northern Europe!!United Kingdom,United Kingdom,3804,persons,reported,Foreign-born population,Census 2000 Summary File 3 (SF 3),,https://api.census.gov/data/2000/dec/sf3/groups/PCT019.html,SF3 sample data; n.e.c. = not elsewhere classified.
2000,Bergen County,New Jersey,SF3,PCT19,Place of Birth for the Foreign-Born Population,PCT019005,Total!!Europe!!Northern Europe!!Ireland,Ireland,3349,persons,reported,Foreign-born population,Census 2000 Summary File 3 (SF 3),,https://api.census.gov/data/2000/dec/sf3/groups/PCT019.html,SF3 sample data; n.e.c. = not elsewhere classified.
2000,Bergen County,New Jersey,SF3,PCT19,Place of Birth for the Foreign-Born Population,PCT019006,Total!!Europe!!Northern Europe!!Sweden,Sweden,380,persons,reported,Foreign-born population,Census 2000 Summary File 3 (SF 3),,https://api.census.gov/data/2000/dec/sf3/groups/PCT019.html,SF3 sample data; n.e.c. = not elsewhere classified.
2000,Bergen County,New Jersey,SF3,PCT19,Place of Birth for the Foreign-Born Population,PCT019007,Total!!Europe!!Northern Europe!!Other Northern Europe,Other Northern Europe,463,persons,reported,Foreign-born population,Census 2000 Summary File 3 (SF 3),,https://api.census.gov/data/2000/dec/sf3/groups/PCT019.html,SF3 sample data; n.e.c. = not elsewhere classified.
2000,Bergen County,New Jersey,SF3,PCT19,Place of Birth for the Foreign-Born Population,PCT019008,Total!!Europe!!Western Europe,Western Europe,8924,persons,reported,Foreign-born population,Census 2000 Summary File 3 (SF 3),,https://api.census.gov/data/2000/dec/sf3/groups/PCT019.html,SF3 sample data; n.e.c. = not elsewhere classified.
2000,Bergen County,New Jersey,SF3,PCT19,Place of Birth for the Foreign-Born Population,PCT019009,Total!!Europe!!Western Europe!!Austria,Austria,701,persons,reported,Foreign-born population,Census 2000 Summary File 3 (SF 3),,https://api.census.gov/data/2000/dec/sf3/groups/PCT019.html,SF3 sample data; n.e.c. = not elsewhere classified.
2000,Bergen County,New Jersey,SF3,PCT19,Place of Birth for the Foreign-Born Population,PCT019010,Total!!Europe!!Western Europe!!France,France,1157,persons,reported,Foreign-born population,Census 2000 Summary File 3 (SF 3),,https://api.census.gov/data/2000/dec/sf3/groups/PCT019.html,SF3 sample data; n.e.c. = not elsewhere classified.
2000,Bergen County,New Jersey,SF3,PCT19,Place of Birth for the Foreign-Born Population,PCT019011,Total!!Europe!!Western Europe!!Germany,Germany,5753,persons,reported,Foreign-born population,Census 2000 Summary File 3 (SF 3),,https://api.census.gov/data/2000/dec/sf3/groups/PCT019.html,SF3 sample data; n.e.c. = not elsewhere classified.
2000,Bergen County,New Jersey,SF3,PCT19,Place of Birth for the Foreign-Born Population,PCT019012,Total!!Europe!!Western Europe!!Netherlands,Netherlands,497,persons,reported,Foreign-born population,Census 2000 Summary File 3 (SF 3),,https://api.census.gov/data/2000/dec/sf3/groups/PCT019.html,SF3 sample data; n.e.c. = not elsewhere classified.
2000,Bergen County,New Jersey,SF3,PCT19,Place of Birth for the Foreign-Born Population,PCT019013,Total!!Europe!!Western Europe!!Other Western Europe,Other Western Europe,816,persons,reported,Foreign-born population,Census 2000 Summary File 3 (SF 3),,https://api.census.gov/data/2000/dec/sf3/groups/PCT019.html,SF3 sample data; n.e.c. = not elsewhere classified.
2000,Bergen County,New Jersey,SF3,PCT19,Place of Birth for the Foreign-Born Population,PCT019014,Total!!Europe!!Southern Europe,Southern Europe,18054,persons,reported,Foreign-born population,Census 2000 Summary File 3 (SF 3),,https://api.census.gov/data/2000/dec/sf3/groups/PCT019.html,SF3 sample data; n.e.c. = not elsewhere classified.
2000,Bergen County,New Jersey,SF3,PCT19,Place of Birth for the Foreign-Born Population,PCT019015,Total!!Europe!!Southern Europe!!Greece,Greece,3423,persons,reported,Foreign-born population,Census 2000 Summary File 3 (SF 3),,https://api.census.gov/data/2000/dec/sf3/groups/PCT019.html,SF3 sample data; n.e.c. = not elsewhere classified.
2000,Bergen County,New Jersey,SF3,PCT19,Place of Birth for the Foreign-Born Population,PCT019016,Total!!Europe!!Southern Europe!!Italy,Italy,11717,persons,reported,Foreign-born population,Census 2000 Summary File 3 (SF 3),,https://api.census.gov/data/2000/dec/sf3/groups/PCT019.html,SF3 sample data; n.e.c. = not elsewhere classified.
2000,Bergen County,New Jersey,SF3,PCT19,Place of Birth for the Foreign-Born Population,PCT019017,Total!!Europe!!Southern Europe!!Portugal,Portugal,1788,persons,reported,Foreign-born population,Census 2000 Summary File 3 (SF 3),,https://api.census.gov/data/2000/dec/sf3/groups/PCT019.html,SF3 sample data; n.e.c. = not elsewhere classified.
2000,Bergen County,New Jersey,SF3,PCT19,Place of Birth for the Foreign-Born Population,PCT019018,Total!!Europe!!Southern Europe!!Spain,Spain,1072,persons,reported,Foreign-born population,Census 2000 Summary File 3 (SF 3),,https://api.census.gov/data/2000/dec/sf3/groups/PCT019.html,SF3 sample data; n.e.c. = not elsewhere classified.
2000,Bergen County,New Jersey,SF3,PCT19,Place of Birth for the Foreign-Born Population,PCT019019,Total!!Europe!!Southern Europe!!Other Southern Europe,Other Southern Europe,54,persons,reported,Foreign-born population,Census 2000 Summary File 3 (SF 3),,https://api.census.gov/data/2000/dec/sf3/groups/PCT019.html,SF3 sample data; n.e.c. = not elsewhere classified.
2000,Bergen County,New Jersey,SF3,PCT19,Place of Birth for the Foreign-Born Population,PCT019020,Total!!Europe!!Eastern Europe,Eastern Europe,32854,persons,reported,Foreign-born population,Census 2000 Summary File 3 (SF 3),,https://api.census.gov/data/2000/dec/sf3/groups/PCT019.html,SF3 sample data; n.e.c. = not elsewhere classified.
2000,Bergen County,New Jersey,SF3,PCT19,Place of Birth for the Foreign-Born Population,PCT019021,Total!!Europe!!Eastern Europe!!Czechoslovakia,Czechoslovakia,668,persons,reported,Foreign-born population,Census 2000 Summary File 3 (SF 3),,https://api.census.gov/data/2000/dec/sf3/groups/PCT019.html,SF3 sample data; n.e.c. = not elsewhere classified.
2000,Bergen County,New Jersey,SF3,PCT19,Place of Birth for the Foreign-Born Population,PCT019022,Total!!Europe!!Eastern Europe!!Hungary,Hungary,1163,persons,reported,Foreign-born population,Census 2000 Summary File 3 (SF 3),,https://api.census.gov/data/2000/dec/sf3/groups/PCT019.html,SF3 sample data; n.e.c. = not elsewhere classified.
2000,Bergen County,New Jersey,SF3,PCT19,Place of Birth for the Foreign-Born Population,PCT019023,Total!!Europe!!Eastern Europe!!Poland,Poland,13737,persons,reported,Foreign-born population,Census 2000 Summary File 3 (SF 3),,https://api.census.gov/data/2000/dec/sf3/groups/PCT019.html,SF3 sample data; n.e.c. = not elsewhere classified.
2000,Bergen County,New Jersey,SF3,PCT19,Place of Birth for the Foreign-Born Population,PCT019024,Total!!Europe!!Eastern Europe!!Romania,Romania,1222,persons,reported,Foreign-born population,Census 2000 Summary File 3 (SF 3),,https://api.census.gov/data/2000/dec/sf3/groups/PCT019.html,SF3 sample data; n.e.c. = not elsewhere classified.
2000,Bergen County,New Jersey,SF3,PCT19,Place of Birth for the Foreign-Born Population,PCT019025,Total!!Europe!!Eastern Europe!!Belarus,Belarus,437,persons,reported,Foreign-born population,Census 2000 Summary File 3 (SF 3),,https://api.census.gov/data/2000/dec/sf3/groups/PCT019.html,SF3 sample data; n.e.c. = not elsewhere classified.
2000,Bergen County,New Jersey,SF3,PCT19,Place of Birth for the Foreign-Born Population,PCT019026,Total!!Europe!!Eastern Europe!!Russia,Russia,5258,persons,reported,Foreign-born population,Census 2000 Summary File 3 (SF 3),,https://api.census.gov/data/2000/dec/sf3/groups/PCT019.html,SF3 sample data; n.e.c. = not elsewhere classified.
2000,Bergen County,New Jersey,SF3,PCT19,Place of Birth for the Foreign-Born Population,PCT019027,Total!!Europe!!Eastern Europe!!Ukraine,Ukraine,2770,persons,reported,Foreign-born population,Census 2000 Summary File 3 (SF 3),,https://api.census.gov/data/2000/dec/sf3/groups/PCT019.html,SF3 sample data; n.e.c. = not elsewhere classified.
2000,Bergen County,New Jersey,SF3,PCT19,Place of Birth for the Foreign-Born Population,PCT019028,Total!!Europe!!Eastern Europe!!Bosnia and Herzegovina,Bosnia and Herzegovina,197,persons,reported,Foreign-born population,Census 2000 Summary File 3 (SF 3),,https://api.census.gov/data/2000/dec/sf3/groups/PCT019.html,SF3 sample data; n.e.c. = not elsewhere classified.
2000,Bergen County,New Jersey,SF3,PCT19,Place of Birth for the Foreign-Born Population,PCT019029,Total!!Europe!!Eastern Europe!!Yugoslavia,Yugoslavia,1355,persons,reported,Foreign-born population,Census 2000 Summary File 3 (SF 3),,https://api.census.gov/data/2000/dec/sf3/groups/PCT019.html,SF3 sample data; n.e.c. = not elsewhere classified.
2000,Bergen County,New Jersey,SF3,PCT19,Place of Birth for the Foreign-Born Population,PCT019030,Total!!Europe!!Eastern Europe!!Other Eastern Europe,Other Eastern Europe,6047,persons,reported,Foreign-born population,Census 2000 Summary File 3 (SF 3),,https://api.census.gov/data/2000/dec/sf3/groups/PCT019.html,SF3 sample data; n.e.c. = not elsewhere classified.
2000,Bergen County,New Jersey,SF3,PCT19,Place of Birth for the Foreign-Born Population,PCT019031,"Total!!Europe!!Europe, n.e.c.","Europe, n.e.c.",9,persons,reported,Foreign-born population,Census 2000 Summary File 3 (SF 3),,https://api.census.gov/data/2000/dec/sf3/groups/PCT019.html,SF3 sample data; n.e.c. = not elsewhere classified.
2000,Bergen County,New Jersey,SF3,PCT19,Place of Birth for the Foreign-Born Population,PCT019032,Total!!Asia,Asia,88017,persons,reported,Foreign-born population,Census 2000 Summary File 3 (SF 3),,https://api.census.gov/data/2000/dec/sf3/groups/PCT019.html,SF3 sample data; n.e.c. = not elsewhere classified.
2000,Bergen County,New Jersey,SF3,PCT19,Place of Birth for the Foreign-Born Population,PCT019033,Total!!Asia!!Eastern Asia,Eastern Asia,44578,persons,reported,Foreign-born population,Census 2000 Summary File 3 (SF 3),,https://api.census.gov/data/2000/dec/sf3/groups/PCT019.html,SF3 sample data; n.e.c. = not elsewhere classified.
2000,Bergen County,New Jersey,SF3,PCT19,Place of Birth for the Foreign-Born Population,PCT019034,Total!!Asia!!Eastern Asia!!China,China,8990,persons,reported,Foreign-born population,Census 2000 Summary File 3 (SF 3),,https://api.census.gov/data/2000/dec/sf3/groups/PCT019.html,SF3 sample data; n.e.c. = not elsewhere classified.
2000,Bergen County,New Jersey,SF3,PCT19,Place of Birth for the Foreign-Born Population,PCT019035,"Total!!Asia!!Eastern Asia!!China!!China, excluding Hong Kong and Taiwan","China, excluding Hong Kong and Taiwan",5482,persons,reported,Foreign-born population,Census 2000 Summary File 3 (SF 3),,https://api.census.gov/data/2000/dec/sf3/groups/PCT019.html,SF3 sample data; n.e.c. = not elsewhere classified.
2000,Bergen County,New Jersey,SF3,PCT19,Place of Birth for the Foreign-Born Population,PCT019036,Total!!Asia!!Eastern Asia!!China!!Hong Kong,Hong Kong,1049,persons,reported,Foreign-born population,Census 2000 Summary File 3 (SF 3),,https://api.census.gov/data/2000/dec/sf3/groups/PCT019.html,SF3 sample data; n.e.c. = not elsewhere classified.
2000,Bergen County,New Jersey,SF3,PCT19,Place of Birth for the Foreign-Born Population,PCT019037,Total!!Asia!!Eastern Asia!!China!!Taiwan,Taiwan,2459,persons,reported,Foreign-born population,Census 2000 Summary File 3 (SF 3),,https://api.census.gov/data/2000/dec/sf3/groups/PCT019.html,SF3 sample data; n.e.c. = not elsewhere classified.
2000,Bergen County,New Jersey,SF3,PCT19,Place of Birth for the Foreign-Born Population,PCT019038,Total!!Asia!!Eastern Asia!!Japan,Japan,6076,persons,reported,Foreign-born population,Census 2000 Summary File 3 (SF 3),,https://api.census.gov/data/2000/dec/sf3/groups/PCT019.html,SF3 sample data; n.e.c. = not elsewhere classified.
2000,Bergen County,New Jersey,SF3,PCT19,Place of Birth for the Foreign-Born Population,PCT019039,Total!!Asia!!Eastern Asia!!Korea,Korea,29506,persons,reported,Foreign-born population,Census 2000 Summary File 3 (SF 3),,https://api.census.gov/data/2000/dec/sf3/groups/PCT019.html,SF3 sample data; n.e.c. = not elsewhere classified.
2000,Bergen County,New Jersey,SF3,PCT19,Place of Birth for the Foreign-Born Population,PCT019040,Total!!Asia!!Eastern Asia!!Other Eastern Asia,Other Eastern Asia,6,persons,reported,Foreign-born population,Census 2000 Summary File 3 (SF 3),,https://api.census.gov/data/2000/dec/sf3/groups/PCT019.html,SF3 sample data; n.e.c. = not elsewhere classified.
2000,Bergen County,New Jersey,SF3,PCT19,Place of Birth for the Foreign-Born Population,PCT019041,Total!!Asia!!South Central Asia,South Central Asia,16867,persons,reported,Foreign-born population,Census 2000 Summary File 3 (SF 3),,https://api.census.gov/data/2000/dec/sf3/groups/PCT019.html,SF3 sample data; n.e.c. = not elsewhere classified.
2000,Bergen County,New Jersey,SF3,PCT19,Place of Birth for the Foreign-Born Population,PCT019042,Total!!Asia!!South Central Asia!!Afghanistan,Afghanistan,198,persons,reported,Foreign-born population,Census 2000 Summary File 3 (SF 3),,https://api.census.gov/data/2000/dec/sf3/groups/PCT019.html,SF3 sample data; n.e.c. = not elsewhere classified.
2000,Bergen County,New Jersey,SF3,PCT19,Place of Birth for the Foreign-Born Population,PCT019043,Total!!Asia!!South Central Asia!!Bangladesh,Bangladesh,270,persons,reported,Foreign-born population,Census 2000 Summary File 3 (SF 3),,https://api.census.gov/data/2000/dec/sf3/groups/PCT019.html,SF3 sample data; n.e.c. = not elsewhere classified.
2000,Bergen County,New Jersey,SF3,PCT19,Place of Birth for the Foreign-Born Population,PCT019044,Total!!Asia!!South Central Asia!!India,India,12557,persons,reported,Foreign-born population,Census 2000 Summary File 3 (SF 3),,https://api.census.gov/data/2000/dec/sf3/groups/PCT019.html,SF3 sample data; n.e.c. = not elsewhere classified.
2000,Bergen County,New Jersey,SF3,PCT19,Place of Birth for the Foreign-Born Population,PCT019045,Total!!Asia!!South Central Asia!!Iran,Iran,1621,persons,reported,Foreign-born population,Census 2000 Summary File 3 (SF 3),,https://api.census.gov/data/2000/dec/sf3/groups/PCT019.html,SF3 sample data; n.e.c. = not elsewhere classified.
2000,Bergen County,New Jersey,SF3,PCT19,Place of Birth for the Foreign-Born Population,PCT019046,Total!!Asia!!South Central Asia!!Pakistan,Pakistan,1855,persons,reported,Foreign-born population,Census 2000 Summary File 3 (SF 3),,https://api.census.gov/data/2000/dec/sf3/groups/PCT019.html,SF3 sample data; n.e.c. = not elsewhere classified.
2000,Bergen County,New Jersey,SF3,PCT19,Place of Birth for the Foreign-Born Population,PCT019047,Total!!Asia!!South Central Asia!!Other South Central Asia,Other South Central Asia,366,persons,reported,Foreign-born population,Census 2000 Summary File 3 (SF 3),,https://api.census.gov/data/2000/dec/sf3/groups/PCT019.html,SF3 sample data; n.e.c. = not elsewhere classified.
2000,Bergen County,New Jersey,SF3,PCT19,Place of Birth for the Foreign-Born Population,PCT019048,Total!!Asia!!South Eastern Asia,South Eastern Asia,14038,persons,reported,Foreign-born population,Census 2000 Summary File 3 (SF 3),,https://api.census.gov/data/2000/dec/sf3/groups/PCT019.html,SF3 sample data; n.e.c. = not elsewhere classified.
2000,Bergen County,New Jersey,SF3,PCT19,Place of Birth for the Foreign-Born Population,PCT019049,Total!!Asia!!South Eastern Asia!!Cambodia,Cambodia,18,persons,reported,Foreign-born population,Census 2000 Summary File 3 (SF 3),,https://api.census.gov/data/2000/dec/sf3/groups/PCT019.html,SF3 sample data; n.e.c. = not elsewhere classified.
2000,Bergen County,New Jersey,SF3,PCT19,Place of Birth for the Foreign-Born Population,PCT019050,Total!!Asia!!South Eastern Asia!!Indonesia,Indonesia,237,persons,reported,Foreign-born population,Census 2000 Summary File 3 (SF 3),,https://api.census.gov/data/2000/dec/sf3/groups/PCT019.html,SF3 sample data; n.e.c. = not elsewhere classified.
2000,Bergen County,New Jersey,SF3,PCT19,Place of Birth for the Foreign-Born Population,PCT019051,Total!!Asia!!South Eastern Asia!!Laos,Laos,104,persons,reported,Foreign-born population,Census 2000 Summary File 3 (SF 3),,https://api.census.gov/data/2000/dec/sf3/groups/PCT019.html,SF3 sample data; n.e.c. = not elsewhere classified.
2000,Bergen County,New Jersey,SF3,PCT19,Place of Birth for the Foreign-Born Population,PCT019052,Total!!Asia!!South Eastern Asia!!Malaysia,Malaysia,393,persons,reported,Foreign-born population,Census 2000 Summary File 3 (SF 3),,https://api.census.gov/data/2000/dec/sf3/groups/PCT019.html,SF3 sample data; n.e.c. = not elsewhere classified.
2000,Bergen County,New Jersey,SF3,PCT19,Place of Birth for the Foreign-Born Population,PCT019053,Total!!Asia!!South Eastern Asia!!Philippines,Philippines,11978,persons,reported,Foreign-born population,Census 2000 Summary File 3 (SF 3),,https://api.census.gov/data/2000/dec/sf3/groups/PCT019.html,SF3 sample data; n.e.c. = not elsewhere classified.
2000,Bergen County,New Jersey,SF3,PCT19,Place of Birth for the Foreign-Born Population,PCT019054,Total!!Asia!!South Eastern Asia!!Thailand,Thailand,446,persons,reported,Foreign-born population,Census 2000 Summary File 3 (SF 3),,https://api.census.gov/data/2000/dec/sf3/groups/PCT019.html,SF3 sample data; n.e.c. = not elsewhere classified.
2000,Bergen County,New Jersey,SF3,PCT19,Place of Birth for the Foreign-Born Population,PCT019055,Total!!Asia!!South Eastern Asia!!Vietnam,Vietnam,557,persons,reported,Foreign-born population,Census 2000 Summary File 3 (SF 3),,https://api.census.gov/data/2000/dec/sf3/groups/PCT019.html,SF3 sample data; n.e.c. = not elsewhere classified.
2000,Bergen County,New Jersey,SF3,PCT19,Place of Birth for the Foreign-Born Population,PCT019056,Total!!Asia!!South Eastern Asia!!Other South Eastern Asia,Other South Eastern Asia,305,persons,reported,Foreign-born population,Census 2000 Summary File 3 (SF 3),,https://api.census.gov/data/2000/dec/sf3/groups/PCT019.html,SF3 sample data; n.e.c. = not elsewhere classified.
2000,Bergen County,New Jersey,SF3,PCT19,Place of Birth for the Foreign-Born Population,PCT019057,Total!!Asia!!Western Asia,Western Asia,12255,persons,reported,Foreign-born population,Census 2000 Summary File 3 (SF 3),,https://api.census.gov/data/2000/dec/sf3/groups/PCT019.html,SF3 sample data; n.e.c. = not elsewhere classified.
2000,Bergen County,New Jersey,SF3,PCT19,Place of Birth for the Foreign-Born Population,PCT019058,Total!!Asia!!Western Asia!!Iraq,Iraq,302,persons,reported,Foreign-born population,Census 2000 Summary File 3 (SF 3),,https://api.census.gov/data/2000/dec/sf3/groups/PCT019.html,SF3 sample data; n.e.c. = not elsewhere classified.
2000,Bergen County,New Jersey,SF3,PCT19,Place of Birth for the Foreign-Born Population,PCT019059,Total!!Asia!!Western Asia!!Israel,Israel,3070,persons,reported,Foreign-born population,Census 2000 Summary File 3 (SF 3),,https://api.census.gov/data/2000/dec/sf3/groups/PCT019.html,SF3 sample data; n.e.c. = not elsewhere classified.
2000,Bergen County,New Jersey,SF3,PCT19,Place of Birth for the Foreign-Born Population,PCT019060,Total!!Asia!!Western Asia!!Jordan,Jordan,758,persons,reported,Foreign-born population,Census 2000 Summary File 3 (SF 3),,https://api.census.gov/data/2000/dec/sf3/groups/PCT019.html,SF3 sample data; n.e.c. = not elsewhere classified.
2000,Bergen County,New Jersey,SF3,PCT19,Place of Birth for the Foreign-Born Population,PCT019061,Total!!Asia!!Western Asia!!Lebanon,Lebanon,1758,persons,reported,Foreign-born population,Census 2000 Summary File 3 (SF 3),,https://api.census.gov/data/2000/dec/sf3/groups/PCT019.html,SF3 sample data; n.e.c. = not elsewhere classified.
2000,Bergen County,New Jersey,SF3,PCT19,Place of Birth for the Foreign-Born Population,PCT019062,Total!!Asia!!Western Asia!!Syria,Syria,1644,persons,reported,Foreign-born population,Census 2000 Summary File 3 (SF 3),,https://api.census.gov/data/2000/dec/sf3/groups/PCT019.html,SF3 sample data; n.e.c. = not elsewhere classified.
2000,Bergen County,New Jersey,SF3,PCT19,Place of Birth for the Foreign-Born Population,PCT019063,Total!!Asia!!Western Asia!!Turkey,Turkey,3333,persons,reported,Foreign-born population,Census 2000 Summary File 3 (SF 3),,https://api.census.gov/data/2000/dec/sf3/groups/PCT019.html,SF3 sample data; n.e.c. = not elsewhere classified.
2000,Bergen County,New Jersey,SF3,PCT19,Place of Birth for the Foreign-Born Population,PCT019064,Total!!Asia!!Western Asia!!Armenia,Armenia,385,persons,reported,Foreign-born population,Census 2000 Summary File 3 (SF 3),,https://api.census.gov/data/2000/dec/sf3/groups/PCT019.html,SF3 sample data; n.e.c. = not elsewhere classified.
2000,Bergen County,New Jersey,SF3,PCT19,Place of Birth for the Foreign-Born Population,PCT019065,Total!!Asia!!Western Asia!!Other Western Asia,Other Western Asia,1005,persons,reported,Foreign-born population,Census 2000 Summary File 3 (SF 3),,https://api.census.gov/data/2000/dec/sf3/groups/PCT019.html,SF3 sample data; n.e.c. = not elsewhere classified.
2000,Bergen County,New Jersey,SF3,PCT19,Place of Birth for the Foreign-Born Population,PCT019066,"Total!!Asia!!Asia, n.e.c.","Asia, n.e.c.",279,persons,reported,Foreign-born population,Census 2000 Summary File 3 (SF 3),,https://api.census.gov/data/2000/dec/sf3/groups/PCT019.html,SF3 sample data; n.e.c. = not elsewhere classified.
2000,Bergen County,New Jersey,SF3,PCT19,Place of Birth for the Foreign-Born Population,PCT019067,Total!!Africa,Africa,4874,persons,reported,Foreign-born population,Census 2000 Summary File 3 (SF 3),,https://api.census.gov/data/2000/dec/sf3/groups/PCT019.html,SF3 sample data; n.e.c. = not elsewhere classified.
2000,Bergen County,New Jersey,SF3,PCT19,Place of Birth for the Foreign-Born Population,PCT019068,Total!!Africa!!Eastern Africa,Eastern Africa,564,persons,reported,Foreign-born population,Census 2000 Summary File 3 (SF 3),,https://api.census.gov/data/2000/dec/sf3/groups/PCT019.html,SF3 sample data; n.e.c. = not elsewhere classified.
2000,Bergen County,New Jersey,SF3,PCT19,Place of Birth for the Foreign-Born Population,PCT019069,Total!!Africa!!Eastern Africa!!Ethiopia,Ethiopia,37,persons,reported,Foreign-born population,Census 2000 Summary File 3 (SF 3),,https://api.census.gov/data/2000/dec/sf3/groups/PCT019.html,SF3 sample data; n.e.c. = not elsewhere classified.
2000,Bergen County,New Jersey,SF3,PCT19,Place of Birth for the Foreign-Born Population,PCT019070,Total!!Africa!!Eastern Africa!!Other Eastern Africa,Other Eastern Africa,527,persons,reported,Foreign-born population,Census 2000 Summary File 3 (SF 3),,https://api.census.gov/data/2000/dec/sf3/groups/PCT019.html,SF3 sample data; n.e.c. = not elsewhere classified.
2000,Bergen County,New Jersey,SF3,PCT19,Place of Birth for the Foreign-Born Population,PCT019071,Total!!Africa!!Middle Africa,Middle Africa,49,persons,reported,Foreign-born population,Census 2000 Summary File 3 (SF 3),,https://api.census.gov/data/2000/dec/sf3/groups/PCT019.html,SF3 sample data; n.e.c. = not elsewhere classified.
2000,Bergen County,New Jersey,SF3,PCT19,Place of Birth for the Foreign-Born Population,PCT019072,Total!!Africa!!Northern Africa,Northern Africa,2549,persons,reported,Foreign-born population,Census 2000 Summary File 3 (SF 3),,https://api.census.gov/data/2000/dec/sf3/groups/PCT019.html,SF3 sample data; n.e.c. = not elsewhere classified.
2000,Bergen County,New Jersey,SF3,PCT19,Place of Birth for the Foreign-Born Population,PCT019073,Total!!Africa!!Northern Africa!!Egypt,Egypt,2151,persons,reported,Foreign-born population,Census 2000 Summary File 3 (SF 3),,https://api.census.gov/data/2000/dec/sf3/groups/PCT019.html,SF3 sample data; n.e.c. = not elsewhere classified.
2000,Bergen County,New Jersey,SF3,PCT19,Place of Birth for the Foreign-Born Population,PCT019074,Total!!Africa!!Northern Africa!!Other Northern Africa,Other Northern Africa,398,persons,reported,Foreign-born population,Census 2000 Summary File 3 (SF 3),,https://api.census.gov/data/2000/dec/sf3/groups/PCT019.html,SF3 sample data; n.e.c. = not elsewhere classified.
2000,Bergen County,New Jersey,SF3,PCT19,Place of Birth for the Foreign-Born Population,PCT019075,Total!!Africa!!Southern Africa,Southern Africa,364,persons,reported,Foreign-born population,Census 2000 Summary File 3 (SF 3),,https://api.census.gov/data/2000/dec/sf3/groups/PCT019.html,SF3 sample data; n.e.c. = not elsewhere classified.
2000,Bergen County,New Jersey,SF3,PCT19,Place of Birth for the Foreign-Born Population,PCT019076,Total!!Africa!!Southern Africa!!South Africa,South Africa,364,persons,reported,Foreign-born population,Census 2000 Summary File 3 (SF 3),,https://api.census.gov/data/2000/dec/sf3/groups/PCT019.html,SF3 sample data; n.e.c. = not elsewhere classified.
2000,Bergen County,New Jersey,SF3,PCT19,Place of Birth for the Foreign-Born Population,PCT019077,Total!!Africa!!Southern Africa!!Other Southern Africa,Other Southern Africa,0,persons,reported,Foreign-born population,Census 2000 Summary File 3 (SF 3),,https://api.census.gov/data/2000/dec/sf3/groups/PCT019.html,SF3 sample data; n.e.c. = not elsewhere classified.
2000,Bergen County,New Jersey,SF3,PCT19,Place of Birth for the Foreign-Born Population,PCT019078,Total!!Africa!!Western Africa,Western Africa,1150,persons,reported,Foreign-born population,Census 2000 Summary File 3 (SF 3),,https://api.census.gov/data/2000/dec/sf3/groups/PCT019.html,SF3 sample data; n.e.c. = not elsewhere classified.
2000,Bergen County,New Jersey,SF3,PCT19,Place of Birth for the Foreign-Born Population,PCT019079,Total!!Africa!!Western Africa!!Ghana,Ghana,531,persons,reported,Foreign-born population,Census 2000 Summary File 3 (SF 3),,https://api.census.gov/data/2000/dec/sf3/groups/PCT019.html,SF3 sample data; n.e.c. = not elsewhere classified.
2000,Bergen County,New Jersey,SF3,PCT19,Place of Birth for the Foreign-Born Population,PCT019080,Total!!Africa!!Western Africa!!Nigeria,Nigeria,415,persons,reported,Foreign-born population,Census 2000 Summary File 3 (SF 3),,https://api.census.gov/data/2000/dec/sf3/groups/PCT019.html,SF3 sample data; n.e.c. = not elsewhere classified.
2000,Bergen County,New Jersey,SF3,PCT19,Place of Birth for the Foreign-Born Population,PCT019081,Total!!Africa!!Western Africa!!Sierra Leone,Sierra Leone,74,persons,reported,Foreign-born population,Census 2000 Summary File 3 (SF 3),,https://api.census.gov/data/2000/dec/sf3/groups/PCT019.html,SF3 sample data; n.e.c. = not elsewhere classified.
2000,Bergen County,New Jersey,SF3,PCT19,Place of Birth for the Foreign-Born Population,PCT019082,Total!!Africa!!Western Africa!!Other Western Africa,Other Western Africa,130,persons,reported,Foreign-born population,Census 2000 Summary File 3 (SF 3),,https://api.census.gov/data/2000/dec/sf3/groups/PCT019.html,SF3 sample data; n.e.c. = not elsewhere classified.
2000,Bergen County,New Jersey,SF3,PCT19,Place of Birth for the Foreign-Born Population,PCT019083,"Total!!Africa!!Africa, n.e.c.","Africa, n.e.c.",198,persons,reported,Foreign-born population,Census 2000 Summary File 3 (SF 3),,https://api.census.gov/data/2000/dec/sf3/groups/PCT019.html,SF3 sample data; n.e.c. = not elsewhere classified.
2000,Bergen County,New Jersey,SF3,PCT19,Place of Birth for the Foreign-Born Population,PCT019084,Total!!Oceania,Oceania,319,persons,reported,Foreign-born population,Census 2000 Summary File 3 (SF 3),,https://api.census.gov/data/2000/dec/sf3/groups/PCT019.html,SF3 sample data; n.e.c. = not elsewhere classified.
2000,Bergen County,New Jersey,SF3,PCT19,Place of Birth for the Foreign-Born Population,PCT019085,Total!!Oceania!!Australia and New Zealand Subregion,Australia and New Zealand Subregion,311,persons,reported,Foreign-born population,Census 2000 Summary File 3 (SF 3),,https://api.census.gov/data/2000/dec/sf3/groups/PCT019.html,SF3 sample data; n.e.c. = not elsewhere classified.
2000,Bergen County,New Jersey,SF3,PCT19,Place of Birth for the Foreign-Born Population,PCT019086,Total!!Oceania!!Australia and New Zealand Subregion!!Australia,Australia,193,persons,reported,Foreign-born population,Census 2000 Summary File 3 (SF 3),,https://api.census.gov/data/2000/dec/sf3/groups/PCT019.html,SF3 sample data; n.e.c. = not elsewhere classified.
2000,Bergen County,New Jersey,SF3,PCT19,Place of Birth for the Foreign-Born Population,PCT019087,Total!!Oceania!!Australia and New Zealand Subregion!!Other Australian and New Zealand Subregion,Other Australian and New Zealand Subregion,118,persons,reported,Foreign-born population,Census 2000 Summary File 3 (SF 3),,https://api.census.gov/data/2000/dec/sf3/groups/PCT019.html,SF3 sample data; n.e.c. = not elsewhere classified.
2000,Bergen County,New Jersey,SF3,PCT19,Place of Birth for the Foreign-Born Population,PCT019088,Total!!Oceania!!Melanesia,Melanesia,0,persons,reported,Foreign-born population,Census 2000 Summary File 3 (SF 3),,https://api.census.gov/data/2000/dec/sf3/groups/PCT019.html,SF3 sample data; n.e.c. = not elsewhere classified.
2000,Bergen County,New Jersey,SF3,PCT19,Place of Birth for the Foreign-Born Population,PCT019089,Total!!Oceania!!Micronesia,Micronesia,8,persons,reported,Foreign-born population,Census 2000 Summary File 3 (SF 3),,https://api.census.gov/data/2000/dec/sf3/groups/PCT019.html,SF3 sample data; n.e.c. = not elsewhere classified.
2000,Bergen County,New Jersey,SF3,PCT19,Place of Birth for the Foreign-Born Population,PCT019090,Total!!Oceania!!Polynesia,Polynesia,0,persons,reported,Foreign-born population,Census 2000 Summary File 3 (SF 3),,https://api.census.gov/data/2000/dec/sf3/groups/PCT019.html,SF3 sample data; n.e.c. = not elsewhere classified.
2000,Bergen County,New Jersey,SF3,PCT19,Place of Birth for the Foreign-Born Population,PCT019091,"Total!!Oceania!!Oceania, n.e.c.","Oceania, n.e.c.",0,persons,reported,Foreign-born population,Census 2000 Summary File 3 (SF 3),,https://api.census.gov/data/2000/dec/sf3/groups/PCT019.html,SF3 sample data; n.e.c. = not elsewhere classified.
2000,Bergen County,New Jersey,SF3,PCT19,Place of Birth for the Foreign-Born Population,PCT019092,Total!!Americas,Americas,61254,persons,reported,Foreign-born population,Census 2000 Summary File 3 (SF 3),,https://api.census.gov/data/2000/dec/sf3/groups/PCT019.html,SF3 sample data; n.e.c. = not elsewhere classified.
2000,Bergen County,New Jersey,SF3,PCT19,Place of Birth for the Foreign-Born Population,PCT019093,Total!!Americas!!Latin America,Latin America,58904,persons,reported,Foreign-born population,Census 2000 Summary File 3 (SF 3),,https://api.census.gov/data/2000/dec/sf3/groups/PCT019.html,SF3 sample data; n.e.c. = not elsewhere classified.
2000,Bergen County,New Jersey,SF3,PCT19,Place of Birth for the Foreign-Born Population,PCT019094,Total!!Americas!!Latin America!!Caribbean,Caribbean,19890,persons,reported,Foreign-born population,Census 2000 Summary File 3 (SF 3),,https://api.census.gov/data/2000/dec/sf3/groups/PCT019.html,SF3 sample data; n.e.c. = not elsewhere classified.
2000,Bergen County,New Jersey,SF3,PCT19,Place of Birth for the Foreign-Born Population,PCT019095,Total!!Americas!!Latin America!!Caribbean!!Barbados,Barbados,188,persons,reported,Foreign-born population,Census 2000 Summary File 3 (SF 3),,https://api.census.gov/data/2000/dec/sf3/groups/PCT019.html,SF3 sample data; n.e.c. = not elsewhere classified.
2000,Bergen County,New Jersey,SF3,PCT19,Place of Birth for the Foreign-Born Population,PCT019096,Total!!Americas!!Latin America!!Caribbean!!Cuba,Cuba,5183,persons,reported,Foreign-born population,Census 2000 Summary File 3 (SF 3),,https://api.census.gov/data/2000/dec/sf3/groups/PCT019.html,SF3 sample data; n.e.c. = not elsewhere classified.
2000,Bergen County,New Jersey,SF3,PCT19,Place of Birth for the Foreign-Born Population,PCT019097,Total!!Americas!!Latin America!!Caribbean!!Dominican Republic,Dominican Republic,6669,persons,reported,Foreign-born population,Census 2000 Summary File 3 (SF 3),,https://api.census.gov/data/2000/dec/sf3/groups/PCT019.html,SF3 sample data; n.e.c. = not elsewhere classified.
2000,Bergen County,New Jersey,SF3,PCT19,Place of Birth for the Foreign-Born Population,PCT019098,Total!!Americas!!Latin America!!Caribbean!!Haiti,Haiti,669,persons,reported,Foreign-born population,Census 2000 Summary File 3 (SF 3),,https://api.census.gov/data/2000/dec/sf3/groups/PCT019.html,SF3 sample data; n.e.c. = not elsewhere classified.
2000,Bergen County,New Jersey,SF3,PCT19,Place of Birth for the Foreign-Born Population,PCT019099,Total!!Americas!!Latin America!!Caribbean!!Jamaica,Jamaica,4420,persons,reported,Foreign-born population,Census 2000 Summary File 3 (SF 3),,https://api.census.gov/data/2000/dec/sf3/groups/PCT019.html,SF3 sample data; n.e.c. = not elsewhere classified.
2000,Bergen County,New Jersey,SF3,PCT19,Place of Birth for the Foreign-Born Population,PCT019100,Total!!Americas!!Latin America!!Caribbean!!Trinidad and Tobago,Trinidad and Tobago,1675,persons,reported,Foreign-born population,Census 2000 Summary File 3 (SF 3),,https://api.census.gov/data/2000/dec/sf3/groups/PCT019.html,SF3 sample data; n.e.c. = not elsewhere classified.
2000,Bergen County,New Jersey,SF3,PCT19,Place of Birth for the Foreign-Born Population,PCT019101,Total!!Americas!!Latin America!!Caribbean!!Other Caribbean,Other Caribbean,1086,persons,reported,Foreign-born population,Census 2000 Summary File 3 (SF 3),,https://api.census.gov/data/2000/dec/sf3/groups/PCT019.html,SF3 sample data; n.e.c. = not elsewhere classified.
2000,Bergen County,New Jersey,SF3,PCT19,Place of Birth for the Foreign-Born Population,PCT019102,Total!!Americas!!Latin America!!Central America,Central America,10445,persons,reported,Foreign-born population,Census 2000 Summary File 3 (SF 3),,https://api.census.gov/data/2000/dec/sf3/groups/PCT019.html,SF3 sample data; n.e.c. = not elsewhere classified.
2000,Bergen County,New Jersey,SF3,PCT19,Place of Birth for the Foreign-Born Population,PCT019103,Total!!Americas!!Latin America!!Central America!!Mexico,Mexico,3038,persons,reported,Foreign-born population,Census 2000 Summary File 3 (SF 3),,https://api.census.gov/data/2000/dec/sf3/groups/PCT019.html,SF3 sample data; n.e.c. = not elsewhere classified.
2000,Bergen County,New Jersey,SF3,PCT19,Place of Birth for the Foreign-Born Population,PCT019104,Total!!Americas!!Latin America!!Central America!!Other Central America,Other Central America,7407,persons,reported,Foreign-born population,Census 2000 Summary File 3 (SF 3),,https://api.census.gov/data/2000/dec/sf3/groups/PCT019.html,SF3 sample data; n.e.c. = not elsewhere classified.
2000,Bergen County,New Jersey,SF3,PCT19,Place of Birth for the Foreign-Born Population,PCT019105,Total!!Americas!!Latin America!!Central America!!Other Central America!!Costa Rica,Costa Rica,828,persons,reported,Foreign-born population,Census 2000 Summary File 3 (SF 3),,https://api.census.gov/data/2000/dec/sf3/groups/PCT019.html,SF3 sample data; n.e.c. = not elsewhere classified.
2000,Bergen County,New Jersey,SF3,PCT19,Place of Birth for the Foreign-Born Population,PCT019106,Total!!Americas!!Latin America!!Central America!!Other Central America!!El Salvador,El Salvador,2959,persons,reported,Foreign-born population,Census 2000 Summary File 3 (SF 3),,https://api.census.gov/data/2000/dec/sf3/groups/PCT019.html,SF3 sample data; n.e.c. = not elsewhere classified.
2000,Bergen County,New Jersey,SF3,PCT19,Place of Birth for the Foreign-Born Population,PCT019107,Total!!Americas!!Latin America!!Central America!!Other Central America!!Guatemala,Guatemala,2497,persons,reported,Foreign-born population,Census 2000 Summary File 3 (SF 3),,https://api.census.gov/data/2000/dec/sf3/groups/PCT019.html,SF3 sample data; n.e.c. = not elsewhere classified.
2000,Bergen County,New Jersey,SF3,PCT19,Place of Birth for the Foreign-Born Population,PCT019108,Total!!Americas!!Latin America!!Central America!!Other Central America!!Honduras,Honduras,576,persons,reported,Foreign-born population,Census 2000 Summary File 3 (SF 3),,https://api.census.gov/data/2000/dec/sf3/groups/PCT019.html,SF3 sample data; n.e.c. = not elsewhere classified.
2000,Bergen County,New Jersey,SF3,PCT19,Place of Birth for the Foreign-Born Population,PCT019109,Total!!Americas!!Latin America!!Central America!!Other Central America!!Nicaragua,Nicaragua,238,persons,reported,Foreign-born population,Census 2000 Summary File 3 (SF 3),,https://api.census.gov/data/2000/dec/sf3/groups/PCT019.html,SF3 sample data; n.e.c. = not elsewhere classified.
2000,Bergen County,New Jersey,SF3,PCT19,Place of Birth for the Foreign-Born Population,PCT019110,Total!!Americas!!Latin America!!Central America!!Other Central America!!Panama,Panama,216,persons,reported,Foreign-born population,Census 2000 Summary File 3 (SF 3),,https://api.census.gov/data/2000/dec/sf3/groups/PCT019.html,SF3 sample data; n.e.c. = not elsewhere classified.
2000,Bergen County,New Jersey,SF3,PCT19,Place of Birth for the Foreign-Born Population,PCT019111,Total!!Americas!!Latin America!!Central America!!Other Central America!!Other Central America,Other Central America,93,persons,reported,Foreign-born population,Census 2000 Summary File 3 (SF 3),,https://api.census.gov/data/2000/dec/sf3/groups/PCT019.html,SF3 sample data; n.e.c. = not elsewhere classified.
2000,Bergen County,New Jersey,SF3,PCT19,Place of Birth for the Foreign-Born Population,PCT019112,Total!!Americas!!Latin America!!South America,South America,28569,persons,reported,Foreign-born population,Census 2000 Summary File 3 (SF 3),,https://api.census.gov/data/2000/dec/sf3/groups/PCT019.html,SF3 sample data; n.e.c. = not elsewhere classified.
2000,Bergen County,New Jersey,SF3,PCT19,Place of Birth for the Foreign-Born Population,PCT019113,Total!!Americas!!Latin America!!South America!!Argentina,Argentina,1340,persons,reported,Foreign-born population,Census 2000 Summary File 3 (SF 3),,https://api.census.gov/data/2000/dec/sf3/groups/PCT019.html,SF3 sample data; n.e.c. = not elsewhere classified.
2000,Bergen County,New Jersey,SF3,PCT19,Place of Birth for the Foreign-Born Population,PCT019114,Total!!Americas!!Latin America!!South America!!Bolivia,Bolivia,477,persons,reported,Foreign-born population,Census 2000 Summary File 3 (SF 3),,https://api.census.gov/data/2000/dec/sf3/groups/PCT019.html,SF3 sample data; n.e.c. = not elsewhere classified.
2000,Bergen County,New Jersey,SF3,PCT19,Place of Birth for the Foreign-Born Population,PCT019115,Total!!Americas!!Latin America!!South America!!Brazil,Brazil,1848,persons,reported,Foreign-born population,Census 2000 Summary File 3 (SF 3),,https://api.census.gov/data/2000/dec/sf3/groups/PCT019.html,SF3 sample data; n.e.c. = not elsewhere classified.
2000,Bergen County,New Jersey,SF3,PCT19,Place of Birth for the Foreign-Born Population,PCT019116,Total!!Americas!!Latin America!!South America!!Chile,Chile,747,persons,reported,Foreign-born population,Census 2000 Summary File 3 (SF 3),,https://api.census.gov/data/2000/dec/sf3/groups/PCT019.html,SF3 sample data; n.e.c. = not elsewhere classified.
2000,Bergen County,New Jersey,SF3,PCT19,Place of Birth for the Foreign-Born Population,PCT019117,Total!!Americas!!Latin America!!South America!!Colombia,Colombia,11973,persons,reported,Foreign-born population,Census 2000 Summary File 3 (SF 3),,https://api.census.gov/data/2000/dec/sf3/groups/PCT019.html,SF3 sample data; n.e.c. = not elsewhere classified.
2000,Bergen County,New Jersey,SF3,PCT19,Place of Birth for the Foreign-Born Population,PCT019118,Total!!Americas!!Latin America!!South America!!Ecuador,Ecuador,5926,persons,reported,Foreign-born population,Census 2000 Summary File 3 (SF 3),,https://api.census.gov/data/2000/dec/sf3/groups/PCT019.html,SF3 sample data; n.e.c. = not elsewhere classified.
2000,Bergen County,New Jersey,SF3,PCT19,Place of Birth for the Foreign-Born Population,PCT019119,Total!!Americas!!Latin America!!South America!!Guyana,Guyana,1219,persons,reported,Foreign-born population,Census 2000 Summary File 3 (SF 3),,https://api.census.gov/data/2000/dec/sf3/groups/PCT019.html,SF3 sample data; n.e.c. = not elsewhere classified.
2000,Bergen County,New Jersey,SF3,PCT19,Place of Birth for the Foreign-Born Population,PCT019120,Total!!Americas!!Latin America!!South America!!Peru,Peru,3905,persons,reported,Foreign-born population,Census 2000 Summary File 3 (SF 3),,https://api.census.gov/data/2000/dec/sf3/groups/PCT019.html,SF3 sample data; n.e.c. = not elsewhere classified.
2000,Bergen County,New Jersey,SF3,PCT19,Place of Birth for the Foreign-Born Population,PCT019121,Total!!Americas!!Latin America!!South America!!Venezuela,Venezuela,545,persons,reported,Foreign-born population,Census 2000 Summary File 3 (SF 3),,https://api.census.gov/data/2000/dec/sf3/groups/PCT019.html,SF3 sample data; n.e.c. = not elsewhere classified.
2000,Bergen County,New Jersey,SF3,PCT19,Place of Birth for the Foreign-Born Population,PCT019122,Total!!Americas!!Latin America!!South America!!Other South America,Other South America,589,persons,reported,Foreign-born population,Census 2000 Summary File 3 (SF 3),,https://api.census.gov/data/2000/dec/sf3/groups/PCT019.html,SF3 sample data; n.e.c. = not elsewhere classified.
2000,Bergen County,New Jersey,SF3,PCT19,Place of Birth for the Foreign-Born Population,PCT019123,Total!!Americas!!Northern America,Northern America,2350,persons,reported,Foreign-born population,Census 2000 Summary File 3 (SF 3),,https://api.census.gov/data/2000/dec/sf3/groups/PCT019.html,SF3 sample data; n.e.c. = not elsewhere classified.
2000,Bergen County,New Jersey,SF3,PCT19,Place of Birth for the Foreign-Born Population,PCT019124,Total!!Americas!!Northern America!!Canada,Canada,2264,persons,reported,Foreign-born population,Census 2000 Summary File 3 (SF 3),,https://api.census.gov/data/2000/dec/sf3/groups/PCT019.html,SF3 sample data; n.e.c. = not elsewhere classified.
2000,Bergen County,New Jersey,SF3,PCT19,Place of Birth for the Foreign-Born Population,PCT019125,Total!!Americas!!Northern America!!Other Northern America,Other Northern America,86,persons,reported,Foreign-born population,Census 2000 Summary File 3 (SF 3),,https://api.census.gov/data/2000/dec/sf3/groups/PCT019.html,SF3 sample data; n.e.c. = not elsewhere classified.
2000,Bergen County,New Jersey,SF3,PCT19,Place of Birth for the Foreign-Born Population,PCT019126,Total!!Born at sea,Born at sea,0,persons,reported,Foreign-born population,Census 2000 Summary File 3 (SF 3),,https://api.census.gov/data/2000/dec/sf3/groups/PCT019.html,SF3 sample data; n.e.c. = not elsewhere classified.
2000,Bergen County,New Jersey,SF3,PCT20,Place of Birth by Year of Entry by Citizenship Status for the Foreign-Born Population,PCT020001,Total,Total,222301,persons,reported,Foreign-born population,Census 2000 Summary File 3 (SF 3),,https://api.census.gov/data/2000/dec/sf3/groups/PCT020.html,SF3 sample data.
2000,Bergen County,New Jersey,SF3,PCT20,Place of Birth by Year of Entry by Citizenship Status for the Foreign-Born Population,PCT020002,Total!!Europe,Europe,67837,persons,reported,Foreign-born population,Census 2000 Summary File 3 (SF 3),,https://api.census.gov/data/2000/dec/sf3/groups/PCT020.html,SF3 sample data.
2000,Bergen County,New Jersey,SF3,PCT20,Place of Birth by Year of Entry by Citizenship Status for the Foreign-Born Population,PCT020003,Total!!Europe!!Year of entry 1990 to March 2000,Year of entry 1990 to March 2000,18690,persons,derived_exact,Foreign-born population,Census 2000 Summary File 3 (SF 3),,https://api.census.gov/data/2000/dec/sf3/groups/PCT020.html,SF3 sample data. Period total reconstructed exactly as naturalized citizen + not a citizen; the total is also an official PCT20 table variable.
2000,Bergen County,New Jersey,SF3,PCT20,Place of Birth by Year of Entry by Citizenship Status for the Foreign-Born Population,PCT020004,Total!!Europe!!Year of entry 1990 to March 2000!!Naturalized citizen,Naturalized citizen,3803,persons,reported,Foreign-born population,Census 2000 Summary File 3 (SF 3),,https://api.census.gov/data/2000/dec/sf3/groups/PCT020.html,SF3 sample data.
2000,Bergen County,New Jersey,SF3,PCT20,Place of Birth by Year of Entry by Citizenship Status for the Foreign-Born Population,PCT020005,Total!!Europe!!Year of entry 1990 to March 2000!!Not a citizen,Not a citizen,14887,persons,reported,Foreign-born population,Census 2000 Summary File 3 (SF 3),,https://api.census.gov/data/2000/dec/sf3/groups/PCT020.html,SF3 sample data.
2000,Bergen County,New Jersey,SF3,PCT20,Place of Birth by Year of Entry by Citizenship Status for the Foreign-Born Population,PCT020006,Total!!Europe!!Year of entry 1980 to 1989,Year of entry 1980 to 1989,10342,persons,derived_exact,Foreign-born population,Census 2000 Summary File 3 (SF 3),,https://api.census.gov/data/2000/dec/sf3/groups/PCT020.html,SF3 sample data. Period total reconstructed exactly as naturalized citizen + not a citizen; the total is also an official PCT20 table variable.
2000,Bergen County,New Jersey,SF3,PCT20,Place of Birth by Year of Entry by Citizenship Status for the Foreign-Born Population,PCT020007,Total!!Europe!!Year of entry 1980 to 1989!!Naturalized citizen,Naturalized citizen,5867,persons,reported,Foreign-born population,Census 2000 Summary File 3 (SF 3),,https://api.census.gov/data/2000/dec/sf3/groups/PCT020.html,SF3 sample data.
2000,Bergen County,New Jersey,SF3,PCT20,Place of Birth by Year of Entry by Citizenship Status for the Foreign-Born Population,PCT020008,Total!!Europe!!Year of entry 1980 to 1989!!Not a citizen,Not a citizen,4475,persons,reported,Foreign-born population,Census 2000 Summary File 3 (SF 3),,https://api.census.gov/data/2000/dec/sf3/groups/PCT020.html,SF3 sample data.
2000,Bergen County,New Jersey,SF3,PCT20,Place of Birth by Year of Entry by Citizenship Status for the Foreign-Born Population,PCT020009,Total!!Europe!!Year of entry before 1980,Year of entry before 1980,38805,persons,derived_exact,Foreign-born population,Census 2000 Summary File 3 (SF 3),,https://api.census.gov/data/2000/dec/sf3/groups/PCT020.html,SF3 sample data. Period total reconstructed exactly as naturalized citizen + not a citizen; the total is also an official PCT20 table variable.
2000,Bergen County,New Jersey,SF3,PCT20,Place of Birth by Year of Entry by Citizenship Status for the Foreign-Born Population,PCT020010,Total!!Europe!!Year of entry before 1980!!Naturalized citizen,Naturalized citizen,33261,persons,reported,Foreign-born population,Census 2000 Summary File 3 (SF 3),,https://api.census.gov/data/2000/dec/sf3/groups/PCT020.html,SF3 sample data.
2000,Bergen County,New Jersey,SF3,PCT20,Place of Birth by Year of Entry by Citizenship Status for the Foreign-Born Population,PCT020011,Total!!Europe!!Year of entry before 1980!!Not a citizen,Not a citizen,5544,persons,reported,Foreign-born population,Census 2000 Summary File 3 (SF 3),,https://api.census.gov/data/2000/dec/sf3/groups/PCT020.html,SF3 sample data.
2000,Bergen County,New Jersey,SF3,PCT20,Place of Birth by Year of Entry by Citizenship Status for the Foreign-Born Population,PCT020012,Total!!Asia,Asia,88017,persons,reported,Foreign-born population,Census 2000 Summary File 3 (SF 3),,https://api.census.gov/data/2000/dec/sf3/groups/PCT020.html,SF3 sample data.
2000,Bergen County,New Jersey,SF3,PCT20,Place of Birth by Year of Entry by Citizenship Status for the Foreign-Born Population,PCT020013,Total!!Asia!!Year of entry 1990 to March 2000,Year of entry 1990 to March 2000,39811,persons,derived_exact,Foreign-born population,Census 2000 Summary File 3 (SF 3),,https://api.census.gov/data/2000/dec/sf3/groups/PCT020.html,SF3 sample data. Period total reconstructed exactly as naturalized citizen + not a citizen; the total is also an official PCT20 table variable.
2000,Bergen County,New Jersey,SF3,PCT20,Place of Birth by Year of Entry by Citizenship Status for the Foreign-Born Population,PCT020014,Total!!Asia!!Year of entry 1990 to March 2000!!Naturalized citizen,Naturalized citizen,5048,persons,reported,Foreign-born population,Census 2000 Summary File 3 (SF 3),,https://api.census.gov/data/2000/dec/sf3/groups/PCT020.html,SF3 sample data.
2000,Bergen County,New Jersey,SF3,PCT20,Place of Birth by Year of Entry by Citizenship Status for the Foreign-Born Population,PCT020015,Total!!Asia!!Year of entry 1990 to March 2000!!Not a citizen,Not a citizen,34763,persons,reported,Foreign-born population,Census 2000 Summary File 3 (SF 3),,https://api.census.gov/data/2000/dec/sf3/groups/PCT020.html,SF3 sample data.
2000,Bergen County,New Jersey,SF3,PCT20,Place of Birth by Year of Entry by Citizenship Status for the Foreign-Born Population,PCT020016,Total!!Asia!!Year of entry 1980 to 1989,Year of entry 1980 to 1989,28499,persons,derived_exact,Foreign-born population,Census 2000 Summary File 3 (SF 3),,https://api.census.gov/data/2000/dec/sf3/groups/PCT020.html,SF3 sample data. Period total reconstructed exactly as naturalized citizen + not a citizen; the total is also an official PCT20 table variable.
2000,Bergen County,New Jersey,SF3,PCT20,Place of Birth by Year of Entry by Citizenship Status for the Foreign-Born Population,PCT020017,Total!!Asia!!Year of entry 1980 to 1989!!Naturalized citizen,Naturalized citizen,16478,persons,reported,Foreign-born population,Census 2000 Summary File 3 (SF 3),,https://api.census.gov/data/2000/dec/sf3/groups/PCT020.html,SF3 sample data.
2000,Bergen County,New Jersey,SF3,PCT20,Place of Birth by Year of Entry by Citizenship Status for the Foreign-Born Population,PCT020018,Total!!Asia!!Year of entry 1980 to 1989!!Not a citizen,Not a citizen,12021,persons,reported,Foreign-born population,Census 2000 Summary File 3 (SF 3),,https://api.census.gov/data/2000/dec/sf3/groups/PCT020.html,SF3 sample data.
2000,Bergen County,New Jersey,SF3,PCT20,Place of Birth by Year of Entry by Citizenship Status for the Foreign-Born Population,PCT020019,Total!!Asia!!Year of entry before 1980,Year of entry before 1980,19707,persons,derived_exact,Foreign-born population,Census 2000 Summary File 3 (SF 3),,https://api.census.gov/data/2000/dec/sf3/groups/PCT020.html,SF3 sample data. Period total reconstructed exactly as naturalized citizen + not a citizen; the total is also an official PCT20 table variable.
2000,Bergen County,New Jersey,SF3,PCT20,Place of Birth by Year of Entry by Citizenship Status for the Foreign-Born Population,PCT020020,Total!!Asia!!Year of entry before 1980!!Naturalized citizen,Naturalized citizen,16742,persons,reported,Foreign-born population,Census 2000 Summary File 3 (SF 3),,https://api.census.gov/data/2000/dec/sf3/groups/PCT020.html,SF3 sample data.
2000,Bergen County,New Jersey,SF3,PCT20,Place of Birth by Year of Entry by Citizenship Status for the Foreign-Born Population,PCT020021,Total!!Asia!!Year of entry before 1980!!Not a citizen,Not a citizen,2965,persons,reported,Foreign-born population,Census 2000 Summary File 3 (SF 3),,https://api.census.gov/data/2000/dec/sf3/groups/PCT020.html,SF3 sample data.
2000,Bergen County,New Jersey,SF3,PCT20,Place of Birth by Year of Entry by Citizenship Status for the Foreign-Born Population,PCT020022,Total!!Africa,Africa,4874,persons,reported,Foreign-born population,Census 2000 Summary File 3 (SF 3),,https://api.census.gov/data/2000/dec/sf3/groups/PCT020.html,SF3 sample data.
2000,Bergen County,New Jersey,SF3,PCT20,Place of Birth by Year of Entry by Citizenship Status for the Foreign-Born Population,PCT020023,Total!!Africa!!Year of entry 1990 to March 2000,Year of entry 1990 to March 2000,2093,persons,derived_exact,Foreign-born population,Census 2000 Summary File 3 (SF 3),,https://api.census.gov/data/2000/dec/sf3/groups/PCT020.html,SF3 sample data. Period total reconstructed exactly as naturalized citizen + not a citizen; the total is also an official PCT20 table variable.
2000,Bergen County,New Jersey,SF3,PCT20,Place of Birth by Year of Entry by Citizenship Status for the Foreign-Born Population,PCT020024,Total!!Africa!!Year of entry 1990 to March 2000!!Naturalized citizen,Naturalized citizen,402,persons,reported,Foreign-born population,Census 2000 Summary File 3 (SF 3),,https://api.census.gov/data/2000/dec/sf3/groups/PCT020.html,SF3 sample data.
2000,Bergen County,New Jersey,SF3,PCT20,Place of Birth by Year of Entry by Citizenship Status for the Foreign-Born Population,PCT020025,Total!!Africa!!Year of entry 1990 to March 2000!!Not a citizen,Not a citizen,1691,persons,reported,Foreign-born population,Census 2000 Summary File 3 (SF 3),,https://api.census.gov/data/2000/dec/sf3/groups/PCT020.html,SF3 sample data.
2000,Bergen County,New Jersey,SF3,PCT20,Place of Birth by Year of Entry by Citizenship Status for the Foreign-Born Population,PCT020026,Total!!Africa!!Year of entry 1980 to 1989,Year of entry 1980 to 1989,1276,persons,derived_exact,Foreign-born population,Census 2000 Summary File 3 (SF 3),,https://api.census.gov/data/2000/dec/sf3/groups/PCT020.html,SF3 sample data. Period total reconstructed exactly as naturalized citizen + not a citizen; the total is also an official PCT20 table variable.
2000,Bergen County,New Jersey,SF3,PCT20,Place of Birth by Year of Entry by Citizenship Status for the Foreign-Born Population,PCT020027,Total!!Africa!!Year of entry 1980 to 1989!!Naturalized citizen,Naturalized citizen,863,persons,reported,Foreign-born population,Census 2000 Summary File 3 (SF 3),,https://api.census.gov/data/2000/dec/sf3/groups/PCT020.html,SF3 sample data.
2000,Bergen County,New Jersey,SF3,PCT20,Place of Birth by Year of Entry by Citizenship Status for the Foreign-Born Population,PCT020028,Total!!Africa!!Year of entry 1980 to 1989!!Not a citizen,Not a citizen,413,persons,reported,Foreign-born population,Census 2000 Summary File 3 (SF 3),,https://api.census.gov/data/2000/dec/sf3/groups/PCT020.html,SF3 sample data.
2000,Bergen County,New Jersey,SF3,PCT20,Place of Birth by Year of Entry by Citizenship Status for the Foreign-Born Population,PCT020029,Total!!Africa!!Year of entry before 1980,Year of entry before 1980,1505,persons,derived_exact,Foreign-born population,Census 2000 Summary File 3 (SF 3),,https://api.census.gov/data/2000/dec/sf3/groups/PCT020.html,SF3 sample data. Period total reconstructed exactly as naturalized citizen + not a citizen; the total is also an official PCT20 table variable.
2000,Bergen County,New Jersey,SF3,PCT20,Place of Birth by Year of Entry by Citizenship Status for the Foreign-Born Population,PCT020030,Total!!Africa!!Year of entry before 1980!!Naturalized citizen,Naturalized citizen,1369,persons,reported,Foreign-born population,Census 2000 Summary File 3 (SF 3),,https://api.census.gov/data/2000/dec/sf3/groups/PCT020.html,SF3 sample data.
2000,Bergen County,New Jersey,SF3,PCT20,Place of Birth by Year of Entry by Citizenship Status for the Foreign-Born Population,PCT020031,Total!!Africa!!Year of entry before 1980!!Not a citizen,Not a citizen,136,persons,reported,Foreign-born population,Census 2000 Summary File 3 (SF 3),,https://api.census.gov/data/2000/dec/sf3/groups/PCT020.html,SF3 sample data.
2000,Bergen County,New Jersey,SF3,PCT20,Place of Birth by Year of Entry by Citizenship Status for the Foreign-Born Population,PCT020032,Total!!Oceania,Oceania,319,persons,reported,Foreign-born population,Census 2000 Summary File 3 (SF 3),,https://api.census.gov/data/2000/dec/sf3/groups/PCT020.html,SF3 sample data.
2000,Bergen County,New Jersey,SF3,PCT20,Place of Birth by Year of Entry by Citizenship Status for the Foreign-Born Population,PCT020033,Total!!Oceania!!Year of entry 1990 to March 2000,Year of entry 1990 to March 2000,180,persons,derived_exact,Foreign-born population,Census 2000 Summary File 3 (SF 3),,https://api.census.gov/data/2000/dec/sf3/groups/PCT020.html,SF3 sample data. Period total reconstructed exactly as naturalized citizen + not a citizen; the total is also an official PCT20 table variable.
2000,Bergen County,New Jersey,SF3,PCT20,Place of Birth by Year of Entry by Citizenship Status for the Foreign-Born Population,PCT020034,Total!!Oceania!!Year of entry 1990 to March 2000!!Naturalized citizen,Naturalized citizen,0,persons,reported,Foreign-born population,Census 2000 Summary File 3 (SF 3),,https://api.census.gov/data/2000/dec/sf3/groups/PCT020.html,SF3 sample data.
2000,Bergen County,New Jersey,SF3,PCT20,Place of Birth by Year of Entry by Citizenship Status for the Foreign-Born Population,PCT020035,Total!!Oceania!!Year of entry 1990 to March 2000!!Not a citizen,Not a citizen,180,persons,reported,Foreign-born population,Census 2000 Summary File 3 (SF 3),,https://api.census.gov/data/2000/dec/sf3/groups/PCT020.html,SF3 sample data.
2000,Bergen County,New Jersey,SF3,PCT20,Place of Birth by Year of Entry by Citizenship Status for the Foreign-Born Population,PCT020036,Total!!Oceania!!Year of entry 1980 to 1989,Year of entry 1980 to 1989,32,persons,derived_exact,Foreign-born population,Census 2000 Summary File 3 (SF 3),,https://api.census.gov/data/2000/dec/sf3/groups/PCT020.html,SF3 sample data. Period total reconstructed exactly as naturalized citizen + not a citizen; the total is also an official PCT20 table variable.
2000,Bergen County,New Jersey,SF3,PCT20,Place of Birth by Year of Entry by Citizenship Status for the Foreign-Born Population,PCT020037,Total!!Oceania!!Year of entry 1980 to 1989!!Naturalized citizen,Naturalized citizen,6,persons,reported,Foreign-born population,Census 2000 Summary File 3 (SF 3),,https://api.census.gov/data/2000/dec/sf3/groups/PCT020.html,SF3 sample data.
2000,Bergen County,New Jersey,SF3,PCT20,Place of Birth by Year of Entry by Citizenship Status for the Foreign-Born Population,PCT020038,Total!!Oceania!!Year of entry 1980 to 1989!!Not a citizen,Not a citizen,26,persons,reported,Foreign-born population,Census 2000 Summary File 3 (SF 3),,https://api.census.gov/data/2000/dec/sf3/groups/PCT020.html,SF3 sample data.
2000,Bergen County,New Jersey,SF3,PCT20,Place of Birth by Year of Entry by Citizenship Status for the Foreign-Born Population,PCT020039,Total!!Oceania!!Year of entry before 1980,Year of entry before 1980,107,persons,derived_exact,Foreign-born population,Census 2000 Summary File 3 (SF 3),,https://api.census.gov/data/2000/dec/sf3/groups/PCT020.html,SF3 sample data. Period total reconstructed exactly as naturalized citizen + not a citizen; the total is also an official PCT20 table variable.
2000,Bergen County,New Jersey,SF3,PCT20,Place of Birth by Year of Entry by Citizenship Status for the Foreign-Born Population,PCT020040,Total!!Oceania!!Year of entry before 1980!!Naturalized citizen,Naturalized citizen,93,persons,reported,Foreign-born population,Census 2000 Summary File 3 (SF 3),,https://api.census.gov/data/2000/dec/sf3/groups/PCT020.html,SF3 sample data.
2000,Bergen County,New Jersey,SF3,PCT20,Place of Birth by Year of Entry by Citizenship Status for the Foreign-Born Population,PCT020041,Total!!Oceania!!Year of entry before 1980!!Not a citizen,Not a citizen,14,persons,reported,Foreign-born population,Census 2000 Summary File 3 (SF 3),,https://api.census.gov/data/2000/dec/sf3/groups/PCT020.html,SF3 sample data.
2000,Bergen County,New Jersey,SF3,PCT20,Place of Birth by Year of Entry by Citizenship Status for the Foreign-Born Population,PCT020042,Total!!Americas,Americas,61254,persons,reported,Foreign-born population,Census 2000 Summary File 3 (SF 3),,https://api.census.gov/data/2000/dec/sf3/groups/PCT020.html,SF3 sample data.
2000,Bergen County,New Jersey,SF3,PCT20,Place of Birth by Year of Entry by Citizenship Status for the Foreign-Born Population,PCT020043,Total!!Americas!!Latin America,Latin America,58904,persons,reported,Foreign-born population,Census 2000 Summary File 3 (SF 3),,https://api.census.gov/data/2000/dec/sf3/groups/PCT020.html,SF3 sample data.
2000,Bergen County,New Jersey,SF3,PCT20,Place of Birth by Year of Entry by Citizenship Status for the Foreign-Born Population,PCT020044,Total!!Americas!!Latin America!!Caribbean,Caribbean,19890,persons,reported,Foreign-born population,Census 2000 Summary File 3 (SF 3),,https://api.census.gov/data/2000/dec/sf3/groups/PCT020.html,SF3 sample data.
2000,Bergen County,New Jersey,SF3,PCT20,Place of Birth by Year of Entry by Citizenship Status for the Foreign-Born Population,PCT020045,Total!!Americas!!Latin America!!Caribbean!!Year of entry 1990 to March 2000,Year of entry 1990 to March 2000,4111,persons,derived_exact,Foreign-born population,Census 2000 Summary File 3 (SF 3),,https://api.census.gov/data/2000/dec/sf3/groups/PCT020.html,SF3 sample data. Period total reconstructed exactly as naturalized citizen + not a citizen; the total is also an official PCT20 table variable.
2000,Bergen County,New Jersey,SF3,PCT20,Place of Birth by Year of Entry by Citizenship Status for the Foreign-Born Population,PCT020046,Total!!Americas!!Latin America!!Caribbean!!Year of entry 1990 to March 2000!!Naturalized citizen,Naturalized citizen,831,persons,reported,Foreign-born population,Census 2000 Summary File 3 (SF 3),,https://api.census.gov/data/2000/dec/sf3/groups/PCT020.html,SF3 sample data.
2000,Bergen County,New Jersey,SF3,PCT20,Place of Birth by Year of Entry by Citizenship Status for the Foreign-Born Population,PCT020047,Total!!Americas!!Latin America!!Caribbean!!Year of entry 1990 to March 2000!!Not a citizen,Not a citizen,3280,persons,reported,Foreign-born population,Census 2000 Summary File 3 (SF 3),,https://api.census.gov/data/2000/dec/sf3/groups/PCT020.html,SF3 sample data.
2000,Bergen County,New Jersey,SF3,PCT20,Place of Birth by Year of Entry by Citizenship Status for the Foreign-Born Population,PCT020048,Total!!Americas!!Latin America!!Caribbean!!Year of entry 1980 to 1989,Year of entry 1980 to 1989,5615,persons,derived_exact,Foreign-born population,Census 2000 Summary File 3 (SF 3),,https://api.census.gov/data/2000/dec/sf3/groups/PCT020.html,SF3 sample data. Period total reconstructed exactly as naturalized citizen + not a citizen; the total is also an official PCT20 table variable.
2000,Bergen County,New Jersey,SF3,PCT20,Place of Birth by Year of Entry by Citizenship Status for the Foreign-Born Population,PCT020049,Total!!Americas!!Latin America!!Caribbean!!Year of entry 1980 to 1989!!Naturalized citizen,Naturalized citizen,3125,persons,reported,Foreign-born population,Census 2000 Summary File 3 (SF 3),,https://api.census.gov/data/2000/dec/sf3/groups/PCT020.html,SF3 sample data.
2000,Bergen County,New Jersey,SF3,PCT20,Place of Birth by Year of Entry by Citizenship Status for the Foreign-Born Population,PCT020050,Total!!Americas!!Latin America!!Caribbean!!Year of entry 1980 to 1989!!Not a citizen,Not a citizen,2490,persons,reported,Foreign-born population,Census 2000 Summary File 3 (SF 3),,https://api.census.gov/data/2000/dec/sf3/groups/PCT020.html,SF3 sample data.
2000,Bergen County,New Jersey,SF3,PCT20,Place of Birth by Year of Entry by Citizenship Status for the Foreign-Born Population,PCT020051,Total!!Americas!!Latin America!!Caribbean!!Year of entry before 1980,Year of entry before 1980,10164,persons,derived_exact,Foreign-born population,Census 2000 Summary File 3 (SF 3),,https://api.census.gov/data/2000/dec/sf3/groups/PCT020.html,SF3 sample data. Period total reconstructed exactly as naturalized citizen + not a citizen; the total is also an official PCT20 table variable.
2000,Bergen County,New Jersey,SF3,PCT20,Place of Birth by Year of Entry by Citizenship Status for the Foreign-Born Population,PCT020052,Total!!Americas!!Latin America!!Caribbean!!Year of entry before 1980!!Naturalized citizen,Naturalized citizen,8554,persons,reported,Foreign-born population,Census 2000 Summary File 3 (SF 3),,https://api.census.gov/data/2000/dec/sf3/groups/PCT020.html,SF3 sample data.
2000,Bergen County,New Jersey,SF3,PCT20,Place of Birth by Year of Entry by Citizenship Status for the Foreign-Born Population,PCT020053,Total!!Americas!!Latin America!!Caribbean!!Year of entry before 1980!!Not a citizen,Not a citizen,1610,persons,reported,Foreign-born population,Census 2000 Summary File 3 (SF 3),,https://api.census.gov/data/2000/dec/sf3/groups/PCT020.html,SF3 sample data.
2000,Bergen County,New Jersey,SF3,PCT20,Place of Birth by Year of Entry by Citizenship Status for the Foreign-Born Population,PCT020054,Total!!Americas!!Latin America!!Central America,Central America,10445,persons,reported,Foreign-born population,Census 2000 Summary File 3 (SF 3),,https://api.census.gov/data/2000/dec/sf3/groups/PCT020.html,SF3 sample data.
2000,Bergen County,New Jersey,SF3,PCT20,Place of Birth by Year of Entry by Citizenship Status for the Foreign-Born Population,PCT020055,Total!!Americas!!Latin America!!Central America!!Mexico,Mexico,3038,persons,reported,Foreign-born population,Census 2000 Summary File 3 (SF 3),,https://api.census.gov/data/2000/dec/sf3/groups/PCT020.html,SF3 sample data.
2000,Bergen County,New Jersey,SF3,PCT20,Place of Birth by Year of Entry by Citizenship Status for the Foreign-Born Population,PCT020056,Total!!Americas!!Latin America!!Central America!!Mexico!!Year of entry 1990 to March 2000,Year of entry 1990 to March 2000,2136,persons,derived_exact,Foreign-born population,Census 2000 Summary File 3 (SF 3),,https://api.census.gov/data/2000/dec/sf3/groups/PCT020.html,SF3 sample data. Period total reconstructed exactly as naturalized citizen + not a citizen; the total is also an official PCT20 table variable.
2000,Bergen County,New Jersey,SF3,PCT20,Place of Birth by Year of Entry by Citizenship Status for the Foreign-Born Population,PCT020057,Total!!Americas!!Latin America!!Central America!!Mexico!!Year of entry 1990 to March 2000!!Naturalized citizen,Naturalized citizen,113,persons,reported,Foreign-born population,Census 2000 Summary File 3 (SF 3),,https://api.census.gov/data/2000/dec/sf3/groups/PCT020.html,SF3 sample data.
2000,Bergen County,New Jersey,SF3,PCT20,Place of Birth by Year of Entry by Citizenship Status for the Foreign-Born Population,PCT020058,Total!!Americas!!Latin America!!Central America!!Mexico!!Year of entry 1990 to March 2000!!Not a citizen,Not a citizen,2023,persons,reported,Foreign-born population,Census 2000 Summary File 3 (SF 3),,https://api.census.gov/data/2000/dec/sf3/groups/PCT020.html,SF3 sample data.
2000,Bergen County,New Jersey,SF3,PCT20,Place of Birth by Year of Entry by Citizenship Status for the Foreign-Born Population,PCT020059,Total!!Americas!!Latin America!!Central America!!Mexico!!Year of entry 1980 to 1989,Year of entry 1980 to 1989,587,persons,derived_exact,Foreign-born population,Census 2000 Summary File 3 (SF 3),,https://api.census.gov/data/2000/dec/sf3/groups/PCT020.html,SF3 sample data. Period total reconstructed exactly as naturalized citizen + not a citizen; the total is also an official PCT20 table variable.
2000,Bergen County,New Jersey,SF3,PCT20,Place of Birth by Year of Entry by Citizenship Status for the Foreign-Born Population,PCT020060,Total!!Americas!!Latin America!!Central America!!Mexico!!Year of entry 1980 to 1989!!Naturalized citizen,Naturalized citizen,179,persons,reported,Foreign-born population,Census 2000 Summary File 3 (SF 3),,https://api.census.gov/data/2000/dec/sf3/groups/PCT020.html,SF3 sample data.
2000,Bergen County,New Jersey,SF3,PCT20,Place of Birth by Year of Entry by Citizenship Status for the Foreign-Born Population,PCT020061,Total!!Americas!!Latin America!!Central America!!Mexico!!Year of entry 1980 to 1989!!Not a citizen,Not a citizen,408,persons,reported,Foreign-born population,Census 2000 Summary File 3 (SF 3),,https://api.census.gov/data/2000/dec/sf3/groups/PCT020.html,SF3 sample data.
2000,Bergen County,New Jersey,SF3,PCT20,Place of Birth by Year of Entry by Citizenship Status for the Foreign-Born Population,PCT020062,Total!!Americas!!Latin America!!Central America!!Mexico!!Year of entry before 1980,Year of entry before 1980,315,persons,derived_exact,Foreign-born population,Census 2000 Summary File 3 (SF 3),,https://api.census.gov/data/2000/dec/sf3/groups/PCT020.html,SF3 sample data. Period total reconstructed exactly as naturalized citizen + not a citizen; the total is also an official PCT20 table variable.
2000,Bergen County,New Jersey,SF3,PCT20,Place of Birth by Year of Entry by Citizenship Status for the Foreign-Born Population,PCT020063,Total!!Americas!!Latin America!!Central America!!Mexico!!Year of entry before 1980!!Naturalized citizen,Naturalized citizen,220,persons,reported,Foreign-born population,Census 2000 Summary File 3 (SF 3),,https://api.census.gov/data/2000/dec/sf3/groups/PCT020.html,SF3 sample data.
2000,Bergen County,New Jersey,SF3,PCT20,Place of Birth by Year of Entry by Citizenship Status for the Foreign-Born Population,PCT020064,Total!!Americas!!Latin America!!Central America!!Mexico!!Year of entry before 1980!!Not a citizen,Not a citizen,95,persons,reported,Foreign-born population,Census 2000 Summary File 3 (SF 3),,https://api.census.gov/data/2000/dec/sf3/groups/PCT020.html,SF3 sample data.
2000,Bergen County,New Jersey,SF3,PCT20,Place of Birth by Year of Entry by Citizenship Status for the Foreign-Born Population,PCT020065,Total!!Americas!!Latin America!!Central America!!Other Central America,Other Central America,7407,persons,reported,Foreign-born population,Census 2000 Summary File 3 (SF 3),,https://api.census.gov/data/2000/dec/sf3/groups/PCT020.html,SF3 sample data.
2000,Bergen County,New Jersey,SF3,PCT20,Place of Birth by Year of Entry by Citizenship Status for the Foreign-Born Population,PCT020066,Total!!Americas!!Latin America!!Central America!!Other Central America!!Year of entry 1990 to March 2000,Year of entry 1990 to March 2000,4018,persons,derived_exact,Foreign-born population,Census 2000 Summary File 3 (SF 3),,https://api.census.gov/data/2000/dec/sf3/groups/PCT020.html,SF3 sample data. Period total reconstructed exactly as naturalized citizen + not a citizen; the total is also an official PCT20 table variable.
2000,Bergen County,New Jersey,SF3,PCT20,Place of Birth by Year of Entry by Citizenship Status for the Foreign-Born Population,PCT020067,Total!!Americas!!Latin America!!Central America!!Other Central America!!Year of entry 1990 to March 2000!!Naturalized citizen,Naturalized citizen,394,persons,reported,Foreign-born population,Census 2000 Summary File 3 (SF 3),,https://api.census.gov/data/2000/dec/sf3/groups/PCT020.html,SF3 sample data.
2000,Bergen County,New Jersey,SF3,PCT20,Place of Birth by Year of Entry by Citizenship Status for the Foreign-Born Population,PCT020068,Total!!Americas!!Latin America!!Central America!!Other Central America!!Year of entry 1990 to March 2000!!Not a citizen,Not a citizen,3624,persons,reported,Foreign-born population,Census 2000 Summary File 3 (SF 3),,https://api.census.gov/data/2000/dec/sf3/groups/PCT020.html,SF3 sample data.
2000,Bergen County,New Jersey,SF3,PCT20,Place of Birth by Year of Entry by Citizenship Status for the Foreign-Born Population,PCT020069,Total!!Americas!!Latin America!!Central America!!Other Central America!!Year of entry 1980 to 1989,Year of entry 1980 to 1989,2182,persons,derived_exact,Foreign-born population,Census 2000 Summary File 3 (SF 3),,https://api.census.gov/data/2000/dec/sf3/groups/PCT020.html,SF3 sample data. Period total reconstructed exactly as naturalized citizen + not a citizen; the total is also an official PCT20 table variable.
2000,Bergen County,New Jersey,SF3,PCT20,Place of Birth by Year of Entry by Citizenship Status for the Foreign-Born Population,PCT020070,Total!!Americas!!Latin America!!Central America!!Other Central America!!Year of entry 1980 to 1989!!Naturalized citizen,Naturalized citizen,783,persons,reported,Foreign-born population,Census 2000 Summary File 3 (SF 3),,https://api.census.gov/data/2000/dec/sf3/groups/PCT020.html,SF3 sample data.
2000,Bergen County,New Jersey,SF3,PCT20,Place of Birth by Year of Entry by Citizenship Status for the Foreign-Born Population,PCT020071,Total!!Americas!!Latin America!!Central America!!Other Central America!!Year of entry 1980 to 1989!!Not a citizen,Not a citizen,1399,persons,reported,Foreign-born population,Census 2000 Summary File 3 (SF 3),,https://api.census.gov/data/2000/dec/sf3/groups/PCT020.html,SF3 sample data.
2000,Bergen County,New Jersey,SF3,PCT20,Place of Birth by Year of Entry by Citizenship Status for the Foreign-Born Population,PCT020072,Total!!Americas!!Latin America!!Central America!!Other Central America!!Year of entry before 1980,Year of entry before 1980,1207,persons,derived_exact,Foreign-born population,Census 2000 Summary File 3 (SF 3),,https://api.census.gov/data/2000/dec/sf3/groups/PCT020.html,SF3 sample data. Period total reconstructed exactly as naturalized citizen + not a citizen; the total is also an official PCT20 table variable.
2000,Bergen County,New Jersey,SF3,PCT20,Place of Birth by Year of Entry by Citizenship Status for the Foreign-Born Population,PCT020073,Total!!Americas!!Latin America!!Central America!!Other Central America!!Year of entry before 1980!!Naturalized citizen,Naturalized citizen,1044,persons,reported,Foreign-born population,Census 2000 Summary File 3 (SF 3),,https://api.census.gov/data/2000/dec/sf3/groups/PCT020.html,SF3 sample data.
2000,Bergen County,New Jersey,SF3,PCT20,Place of Birth by Year of Entry by Citizenship Status for the Foreign-Born Population,PCT020074,Total!!Americas!!Latin America!!Central America!!Other Central America!!Year of entry before 1980!!Not a citizen,Not a citizen,163,persons,reported,Foreign-born population,Census 2000 Summary File 3 (SF 3),,https://api.census.gov/data/2000/dec/sf3/groups/PCT020.html,SF3 sample data.
2000,Bergen County,New Jersey,SF3,PCT20,Place of Birth by Year of Entry by Citizenship Status for the Foreign-Born Population,PCT020075,Total!!Americas!!Latin America!!South America,South America,28569,persons,reported,Foreign-born population,Census 2000 Summary File 3 (SF 3),,https://api.census.gov/data/2000/dec/sf3/groups/PCT020.html,SF3 sample data.
2000,Bergen County,New Jersey,SF3,PCT20,Place of Birth by Year of Entry by Citizenship Status for the Foreign-Born Population,PCT020076,Total!!Americas!!Latin America!!South America!!Year of entry 1990 to March 2000,Year of entry 1990 to March 2000,11624,persons,derived_exact,Foreign-born population,Census 2000 Summary File 3 (SF 3),,https://api.census.gov/data/2000/dec/sf3/groups/PCT020.html,SF3 sample data. Period total reconstructed exactly as naturalized citizen + not a citizen; the total is also an official PCT20 table variable.
2000,Bergen County,New Jersey,SF3,PCT20,Place of Birth by Year of Entry by Citizenship Status for the Foreign-Born Population,PCT020077,Total!!Americas!!Latin America!!South America!!Year of entry 1990 to March 2000!!Naturalized citizen,Naturalized citizen,1484,persons,reported,Foreign-born population,Census 2000 Summary File 3 (SF 3),,https://api.census.gov/data/2000/dec/sf3/groups/PCT020.html,SF3 sample data.
2000,Bergen County,New Jersey,SF3,PCT20,Place of Birth by Year of Entry by Citizenship Status for the Foreign-Born Population,PCT020078,Total!!Americas!!Latin America!!South America!!Year of entry 1990 to March 2000!!Not a citizen,Not a citizen,10140,persons,reported,Foreign-born population,Census 2000 Summary File 3 (SF 3),,https://api.census.gov/data/2000/dec/sf3/groups/PCT020.html,SF3 sample data.
2000,Bergen County,New Jersey,SF3,PCT20,Place of Birth by Year of Entry by Citizenship Status for the Foreign-Born Population,PCT020079,Total!!Americas!!Latin America!!South America!!Year of entry 1980 to 1989,Year of entry 1980 to 1989,8969,persons,derived_exact,Foreign-born population,Census 2000 Summary File 3 (SF 3),,https://api.census.gov/data/2000/dec/sf3/groups/PCT020.html,SF3 sample data. Period total reconstructed exactly as naturalized citizen + not a citizen; the total is also an official PCT20 table variable.
2000,Bergen County,New Jersey,SF3,PCT20,Place of Birth by Year of Entry by Citizenship Status for the Foreign-Born Population,PCT020080,Total!!Americas!!Latin America!!South America!!Year of entry 1980 to 1989!!Naturalized citizen,Naturalized citizen,4550,persons,reported,Foreign-born population,Census 2000 Summary File 3 (SF 3),,https://api.census.gov/data/2000/dec/sf3/groups/PCT020.html,SF3 sample data.
2000,Bergen County,New Jersey,SF3,PCT20,Place of Birth by Year of Entry by Citizenship Status for the Foreign-Born Population,PCT020081,Total!!Americas!!Latin America!!South America!!Year of entry 1980 to 1989!!Not a citizen,Not a citizen,4419,persons,reported,Foreign-born population,Census 2000 Summary File 3 (SF 3),,https://api.census.gov/data/2000/dec/sf3/groups/PCT020.html,SF3 sample data.
2000,Bergen County,New Jersey,SF3,PCT20,Place of Birth by Year of Entry by Citizenship Status for the Foreign-Born Population,PCT020082,Total!!Americas!!Latin America!!South America!!Year of entry before 1980,Year of entry before 1980,7976,persons,derived_exact,Foreign-born population,Census 2000 Summary File 3 (SF 3),,https://api.census.gov/data/2000/dec/sf3/groups/PCT020.html,SF3 sample data. Period total reconstructed exactly as naturalized citizen + not a citizen; the total is also an official PCT20 table variable.
2000,Bergen County,New Jersey,SF3,PCT20,Place of Birth by Year of Entry by Citizenship Status for the Foreign-Born Population,PCT020083,Total!!Americas!!Latin America!!South America!!Year of entry before 1980!!Naturalized citizen,Naturalized citizen,6499,persons,reported,Foreign-born population,Census 2000 Summary File 3 (SF 3),,https://api.census.gov/data/2000/dec/sf3/groups/PCT020.html,SF3 sample data.
2000,Bergen County,New Jersey,SF3,PCT20,Place of Birth by Year of Entry by Citizenship Status for the Foreign-Born Population,PCT020084,Total!!Americas!!Latin America!!South America!!Year of entry before 1980!!Not a citizen,Not a citizen,1477,persons,reported,Foreign-born population,Census 2000 Summary File 3 (SF 3),,https://api.census.gov/data/2000/dec/sf3/groups/PCT020.html,SF3 sample data.
2000,Bergen County,New Jersey,SF3,PCT20,Place of Birth by Year of Entry by Citizenship Status for the Foreign-Born Population,PCT020085,Total!!Americas!!Northern America,Northern America,2350,persons,reported,Foreign-born population,Census 2000 Summary File 3 (SF 3),,https://api.census.gov/data/2000/dec/sf3/groups/PCT020.html,SF3 sample data.
2000,Bergen County,New Jersey,SF3,PCT20,Place of Birth by Year of Entry by Citizenship Status for the Foreign-Born Population,PCT020086,Total!!Americas!!Northern America!!Year of entry 1990 to March 2000,Year of entry 1990 to March 2000,793,persons,derived_exact,Foreign-born population,Census 2000 Summary File 3 (SF 3),,https://api.census.gov/data/2000/dec/sf3/groups/PCT020.html,SF3 sample data. Period total reconstructed exactly as naturalized citizen + not a citizen; the total is also an official PCT20 table variable.
2000,Bergen County,New Jersey,SF3,PCT20,Place of Birth by Year of Entry by Citizenship Status for the Foreign-Born Population,PCT020087,Total!!Americas!!Northern America!!Year of entry 1990 to March 2000!!Naturalized citizen,Naturalized citizen,104,persons,reported,Foreign-born population,Census 2000 Summary File 3 (SF 3),,https://api.census.gov/data/2000/dec/sf3/groups/PCT020.html,SF3 sample data.
2000,Bergen County,New Jersey,SF3,PCT20,Place of Birth by Year of Entry by Citizenship Status for the Foreign-Born Population,PCT020088,Total!!Americas!!Northern America!!Year of entry 1990 to March 2000!!Not a citizen,Not a citizen,689,persons,reported,Foreign-born population,Census 2000 Summary File 3 (SF 3),,https://api.census.gov/data/2000/dec/sf3/groups/PCT020.html,SF3 sample data.
2000,Bergen County,New Jersey,SF3,PCT20,Place of Birth by Year of Entry by Citizenship Status for the Foreign-Born Population,PCT020089,Total!!Americas!!Northern America!!Year of entry 1980 to 1989,Year of entry 1980 to 1989,290,persons,derived_exact,Foreign-born population,Census 2000 Summary File 3 (SF 3),,https://api.census.gov/data/2000/dec/sf3/groups/PCT020.html,SF3 sample data. Period total reconstructed exactly as naturalized citizen + not a citizen; the total is also an official PCT20 table variable.
2000,Bergen County,New Jersey,SF3,PCT20,Place of Birth by Year of Entry by Citizenship Status for the Foreign-Born Population,PCT020090,Total!!Americas!!Northern America!!Year of entry 1980 to 1989!!Naturalized citizen,Naturalized citizen,117,persons,reported,Foreign-born population,Census 2000 Summary File 3 (SF 3),,https://api.census.gov/data/2000/dec/sf3/groups/PCT020.html,SF3 sample data.
2000,Bergen County,New Jersey,SF3,PCT20,Place of Birth by Year of Entry by Citizenship Status for the Foreign-Born Population,PCT020091,Total!!Americas!!Northern America!!Year of entry 1980 to 1989!!Not a citizen,Not a citizen,173,persons,reported,Foreign-born population,Census 2000 Summary File 3 (SF 3),,https://api.census.gov/data/2000/dec/sf3/groups/PCT020.html,SF3 sample data.
2000,Bergen County,New Jersey,SF3,PCT20,Place of Birth by Year of Entry by Citizenship Status for the Foreign-Born Population,PCT020092,Total!!Americas!!Northern America!!Year of entry before 1980,Year of entry before 1980,1267,persons,derived_exact,Foreign-born population,Census 2000 Summary File 3 (SF 3),,https://api.census.gov/data/2000/dec/sf3/groups/PCT020.html,SF3 sample data. Period total reconstructed exactly as naturalized citizen + not a citizen; the total is also an official PCT20 table variable.
2000,Bergen County,New Jersey,SF3,PCT20,Place of Birth by Year of Entry by Citizenship Status for the Foreign-Born Population,PCT020093,Total!!Americas!!Northern America!!Year of entry before 1980!!Naturalized citizen,Naturalized citizen,953,persons,reported,Foreign-born population,Census 2000 Summary File 3 (SF 3),,https://api.census.gov/data/2000/dec/sf3/groups/PCT020.html,SF3 sample data.
2000,Bergen County,New Jersey,SF3,PCT20,Place of Birth by Year of Entry by Citizenship Status for the Foreign-Born Population,PCT020094,Total!!Americas!!Northern America!!Year of entry before 1980!!Not a citizen,Not a citizen,314,persons,reported,Foreign-born population,Census 2000 Summary File 3 (SF 3),,https://api.census.gov/data/2000/dec/sf3/groups/PCT020.html,SF3 sample data.
2000,Bergen County,New Jersey,SF3,PCT20,Place of Birth by Year of Entry by Citizenship Status for the Foreign-Born Population,PCT020095,Total!!Born at sea,Born at sea,0,persons,reported,Foreign-born population,Census 2000 Summary File 3 (SF 3),,https://api.census.gov/data/2000/dec/sf3/groups/PCT020.html,SF3 sample data.
2000,Bergen County,New Jersey,SF3,PCT20,Place of Birth by Year of Entry by Citizenship Status for the Foreign-Born Population,PCT020096,Total!!Born at sea!!Year of entry 1990 to March 2000,Year of entry 1990 to March 2000,0,persons,derived_exact,Foreign-born population,Census 2000 Summary File 3 (SF 3),,https://api.census.gov/data/2000/dec/sf3/groups/PCT020.html,SF3 sample data. Period total reconstructed exactly as naturalized citizen + not a citizen; the total is also an official PCT20 table variable.
2000,Bergen County,New Jersey,SF3,PCT20,Place of Birth by Year of Entry by Citizenship Status for the Foreign-Born Population,PCT020097,Total!!Born at sea!!Year of entry 1990 to March 2000!!Naturalized citizen,Naturalized citizen,0,persons,reported,Foreign-born population,Census 2000 Summary File 3 (SF 3),,https://api.census.gov/data/2000/dec/sf3/groups/PCT020.html,SF3 sample data.
2000,Bergen County,New Jersey,SF3,PCT20,Place of Birth by Year of Entry by Citizenship Status for the Foreign-Born Population,PCT020098,Total!!Born at sea!!Year of entry 1990 to March 2000!!Not a citizen,Not a citizen,0,persons,reported,Foreign-born population,Census 2000 Summary File 3 (SF 3),,https://api.census.gov/data/2000/dec/sf3/groups/PCT020.html,SF3 sample data.
2000,Bergen County,New Jersey,SF3,PCT20,Place of Birth by Year of Entry by Citizenship Status for the Foreign-Born Population,PCT020099,Total!!Born at sea!!Year of entry 1980 to 1989,Year of entry 1980 to 1989,0,persons,derived_exact,Foreign-born population,Census 2000 Summary File 3 (SF 3),,https://api.census.gov/data/2000/dec/sf3/groups/PCT020.html,SF3 sample data. Period total reconstructed exactly as naturalized citizen + not a citizen; the total is also an official PCT20 table variable.
2000,Bergen County,New Jersey,SF3,PCT20,Place of Birth by Year of Entry by Citizenship Status for the Foreign-Born Population,PCT020100,Total!!Born at sea!!Year of entry 1980 to 1989!!Naturalized citizen,Naturalized citizen,0,persons,reported,Foreign-born population,Census 2000 Summary File 3 (SF 3),,https://api.census.gov/data/2000/dec/sf3/groups/PCT020.html,SF3 sample data.
2000,Bergen County,New Jersey,SF3,PCT20,Place of Birth by Year of Entry by Citizenship Status for the Foreign-Born Population,PCT020101,Total!!Born at sea!!Year of entry 1980 to 1989!!Not a citizen,Not a citizen,0,persons,reported,Foreign-born population,Census 2000 Summary File 3 (SF 3),,https://api.census.gov/data/2000/dec/sf3/groups/PCT020.html,SF3 sample data.
2000,Bergen County,New Jersey,SF3,PCT20,Place of Birth by Year of Entry by Citizenship Status for the Foreign-Born Population,PCT020102,Total!!Born at sea!!Year of entry before 1980,Year of entry before 1980,0,persons,derived_exact,Foreign-born population,Census 2000 Summary File 3 (SF 3),,https://api.census.gov/data/2000/dec/sf3/groups/PCT020.html,SF3 sample data. Period total reconstructed exactly as naturalized citizen + not a citizen; the total is also an official PCT20 table variable.
2000,Bergen County,New Jersey,SF3,PCT20,Place of Birth by Year of Entry by Citizenship Status for the Foreign-Born Population,PCT020103,Total!!Born at sea!!Year of entry before 1980!!Naturalized citizen,Naturalized citizen,0,persons,reported,Foreign-born population,Census 2000 Summary File 3 (SF 3),,https://api.census.gov/data/2000/dec/sf3/groups/PCT020.html,SF3 sample data.
2000,Bergen County,New Jersey,SF3,PCT20,Place of Birth by Year of Entry by Citizenship Status for the Foreign-Born Population,PCT020104,Total!!Born at sea!!Year of entry before 1980!!Not a citizen,Not a citizen,0,persons,reported,Foreign-born population,Census 2000 Summary File 3 (SF 3),,https://api.census.gov/data/2000/dec/sf3/groups/PCT020.html,SF3 sample data.
