year,source_period,geography,asian_group,group_type,asian_subregion,hierarchy_level,population,margin_of_error,unit,measure_scope,historical_comparability,standard_variable,parent_label,source_label,table_id,variable_id,table,crosswalk_id,publication,official_source_url,source_file,verification_status,notes
1970,1970,Bergen County,Asia,region_total,,0,5020,,persons,foreign_born_population,1970_decennial_sample_broad_origin_categories,foreign_born_country_of_birth_asia,,Asia,NT22,NT22_FB_ASIA,Tabulation 22: Country of Origin and Nativity (15%),BC-1970-031,1970 Census of Population: Fourth Count Population Summary Tape,https://catalog.archives.gov/id/594239,CEN70.CT4CP.NJ.TXT,decoded_and_reconciled,"1970 Fourth Count 15% sample tabulation. County value decoded from NT22 and constructed by summing Urban Total (record 01), Rural Nonfarm Total (05), and Rural Farm Total (09). NT22 reconciles exactly to 95,393 foreign-born persons and 352,196 foreign-stock persons. Asia is a complete sum of the four Asian-origin categories published in NT22: 2,540 + 637 + 571 + 1,272 = 5,020."
1970,1970,Bergen County,Southwest Asia,historical_region_or_area,,1,2540,,persons,foreign_born_population,1970_decennial_sample_broad_origin_categories,foreign_born_country_of_birth_southwest_asia,Asia (1970 published categories),Southwest Asia,NT22,NT22_FB_SOUTHWEST_ASIA,Tabulation 22: Country of Origin and Nativity (15%),BC-1970-032,1970 Census of Population: Fourth Count Population Summary Tape,https://catalog.archives.gov/id/594239,CEN70.CT4CP.NJ.TXT,decoded_and_reconciled,"1970 Fourth Count 15% sample tabulation. County value decoded from NT22 and constructed by summing Urban Total (record 01), Rural Nonfarm Total (05), and Rural Farm Total (09). NT22 reconciles exactly to 95,393 foreign-born persons and 352,196 foreign-stock persons. “Southwest Asia” is the historical Census label and should not automatically be treated as identical to later Western Asia."
1970,1970,Bergen County,China,country_or_area,,1,637,,persons,foreign_born_population,1970_decennial_sample_broad_origin_categories,foreign_born_country_of_birth_china,Asia (1970 published categories),China,NT22,NT22_FB_CHINA,Tabulation 22: Country of Origin and Nativity (15%),BC-1970-033,1970 Census of Population: Fourth Count Population Summary Tape,https://catalog.archives.gov/id/594239,CEN70.CT4CP.NJ.TXT,decoded_and_reconciled,"1970 Fourth Count 15% sample tabulation. County value decoded from NT22 and constructed by summing Urban Total (record 01), Rural Nonfarm Total (05), and Rural Farm Total (09). NT22 reconciles exactly to 95,393 foreign-born persons and 352,196 foreign-stock persons. Historical China geographic treatment may differ from later tables that separately identify Hong Kong and Taiwan."
1970,1970,Bergen County,Japan,country_or_area,,1,571,,persons,foreign_born_population,1970_decennial_sample_broad_origin_categories,foreign_born_country_of_birth_japan,Asia (1970 published categories),Japan,NT22,NT22_FB_JAPAN,Tabulation 22: Country of Origin and Nativity (15%),BC-1970-034,1970 Census of Population: Fourth Count Population Summary Tape,https://catalog.archives.gov/id/594239,CEN70.CT4CP.NJ.TXT,decoded_and_reconciled,"1970 Fourth Count 15% sample tabulation. County value decoded from NT22 and constructed by summing Urban Total (record 01), Rural Nonfarm Total (05), and Rural Farm Total (09). NT22 reconciles exactly to 95,393 foreign-born persons and 352,196 foreign-stock persons."
1970,1970,Bergen County,Other Asia,residual_category,,1,1272,,persons,foreign_born_population,1970_decennial_sample_broad_origin_categories,foreign_born_country_of_birth_other_asia,Asia (1970 published categories),Other Asia,NT22,NT22_FB_OTHER_ASIA,Tabulation 22: Country of Origin and Nativity (15%),BC-1970-035,1970 Census of Population: Fourth Count Population Summary Tape,https://catalog.archives.gov/id/594239,CEN70.CT4CP.NJ.TXT,decoded_and_reconciled,"1970 Fourth Count 15% sample tabulation. County value decoded from NT22 and constructed by summing Urban Total (record 01), Rural Nonfarm Total (05), and Rural Farm Total (09). NT22 reconciles exactly to 95,393 foreign-born persons and 352,196 foreign-stock persons. Residual “Other Asia” cannot be split into individual countries from NT22."
1980,1980,Bergen County,Asia,region_total,,0,20688,,persons,foreign_born_population,decennial_census_foreign_born,foreign_born_country_of_birth_asia,,Asia,,,Table 172: Nativity and Language for Counties: 1980,BC-1980-032,1980 Census of Population,,1980a_njc-09table172.pdf,,
1980,1980,Bergen County,China,country_or_area,,1,1398,,persons,foreign_born_population,decennial_census_foreign_born,foreign_born_country_of_birth_china,,China,,,Table 172: Nativity and Language for Counties: 1980,BC-1980-035,1980 Census of Population,,1980a_njc-09table172.pdf,,
1980,1980,Bergen County,India,country_or_area,,1,2780,,persons,foreign_born_population,decennial_census_foreign_born,foreign_born_country_of_birth_india,,India,,,Table 172: Nativity and Language for Counties: 1980,BC-1980-047,1980 Census of Population,,1980a_njc-09table172.pdf,,
1980,1980,Bergen County,Japan,country_or_area,,1,3625,,persons,foreign_born_population,decennial_census_foreign_born,foreign_born_country_of_birth_japan,,Japan,,,Table 172: Nativity and Language for Counties: 1980,BC-1980-051,1980 Census of Population,,1980a_njc-09table172.pdf,,
1980,1980,Bergen County,Korea,country_or_area,,1,2465,,persons,foreign_born_population,decennial_census_foreign_born,foreign_born_country_of_birth_korea,,Korea,,,Table 172: Nativity and Language for Counties: 1980,BC-1980-052,1980 Census of Population,,1980a_njc-09table172.pdf,,
1980,1980,Bergen County,Philippines,country_or_area,,1,2525,,persons,foreign_born_population,decennial_census_foreign_born,foreign_born_country_of_birth_philippines,,Philippines,,,Table 172: Nativity and Language for Counties: 1980,BC-1980-059,1980 Census of Population,,1980a_njc-09table172.pdf,,
1980,1980,Bergen County,Vietnam,country_or_area,,1,349,,persons,foreign_born_population,decennial_census_foreign_born,foreign_born_country_of_birth_vietnam,,Vietnam,,,Table 172: Nativity and Language for Counties: 1980,BC-1980-067,1980 Census of Population,,1980a_njc-09table172.pdf,,
1980,1980,Bergen County,Other Asia (not separately reported),residual_category,,1,7546,,persons,foreign_born_population,decennial_census_foreign_born,foreign_born_country_of_birth_asia_other_not_separately_reported,Asia,Other Asia (not separately reported),,,Table 172: Nativity and Language for Counties: 1980,BC-1980-ASIA-RESIDUAL,Derived from 1980 Census of Population,https://www2.census.gov/library/publications/decennial/1980/volume-1/new-jersey/1980a_njc-09.pdf,1980a_njc-09table172.pdf,verified_derived_reconciliation,"Exact derived residual: 20,688 Asia total minus 13,142 across the separately published Asian country totals. The source does not identify the origins contained in this remainder."
1990,1990,Bergen County,Asia,region_total,,0,49337,,persons,foreign_born_population,decennial_census_foreign_born,foreign_born_region_of_birth_asia,Foreign-born persons,Asia,,,Table 139: Place of Birth of Foreign-Born Persons: 1990,BC-1990-116,"1990 Census of Population: Social and Economic Characteristics, New Jersey",,cp-2-32-1table139.pdf,,
1990,1990,Bergen County,Afghanistan,country_or_area,,1,191,,persons,foreign_born_population,decennial_census_foreign_born,foreign_born_country_of_birth_afghanistan,Asia,Afghanistan,,,Table 139: Place of Birth of Foreign-Born Persons: 1990,BC-1990-117,"1990 Census of Population: Social and Economic Characteristics, New Jersey",,cp-2-32-1table139.pdf,,
1990,1990,Bergen County,Burma,country_or_area,,1,39,,persons,foreign_born_population,decennial_census_foreign_born,foreign_born_country_of_birth_burma,Asia,Burma,,,Table 139: Place of Birth of Foreign-Born Persons: 1990,BC-1990-118,"1990 Census of Population: Social and Economic Characteristics, New Jersey",,cp-2-32-1table139.pdf,,
1990,1990,Bergen County,Cambodia,country_or_area,,1,4,,persons,foreign_born_population,decennial_census_foreign_born,foreign_born_country_of_birth_cambodia,Asia,Cambodia,,,Table 139: Place of Birth of Foreign-Born Persons: 1990,BC-1990-119,"1990 Census of Population: Social and Economic Characteristics, New Jersey",,cp-2-32-1table139.pdf,,
1990,1990,Bergen County,China,country_or_area,,1,2731,,persons,foreign_born_population,decennial_census_foreign_born,foreign_born_country_of_birth_china,Asia,China,,,Table 139: Place of Birth of Foreign-Born Persons: 1990,BC-1990-120,"1990 Census of Population: Social and Economic Characteristics, New Jersey",,cp-2-32-1table139.pdf,,
1990,1990,Bergen County,Hong Kong,country_or_area,,1,582,,persons,foreign_born_population,decennial_census_foreign_born,foreign_born_country_of_birth_hong_kong,Asia,Hong Kong,,,Table 139: Place of Birth of Foreign-Born Persons: 1990,BC-1990-121,"1990 Census of Population: Social and Economic Characteristics, New Jersey",,cp-2-32-1table139.pdf,,
1990,1990,Bergen County,India,country_or_area,,1,6346,,persons,foreign_born_population,decennial_census_foreign_born,foreign_born_country_of_birth_india,Asia,India,,,Table 139: Place of Birth of Foreign-Born Persons: 1990,BC-1990-122,"1990 Census of Population: Social and Economic Characteristics, New Jersey",,cp-2-32-1table139.pdf,,
1990,1990,Bergen County,Indonesia,country_or_area,,1,222,,persons,foreign_born_population,decennial_census_foreign_born,foreign_born_country_of_birth_indonesia,Asia,Indonesia,,,Table 139: Place of Birth of Foreign-Born Persons: 1990,BC-1990-123,"1990 Census of Population: Social and Economic Characteristics, New Jersey",,cp-2-32-1table139.pdf,,
1990,1990,Bergen County,Iran,country_or_area,,1,1414,,persons,foreign_born_population,decennial_census_foreign_born,foreign_born_country_of_birth_iran,Asia,Iran,,,Table 139: Place of Birth of Foreign-Born Persons: 1990,BC-1990-124,"1990 Census of Population: Social and Economic Characteristics, New Jersey",,cp-2-32-1table139.pdf,,
1990,1990,Bergen County,Iraq,country_or_area,,1,220,,persons,foreign_born_population,decennial_census_foreign_born,foreign_born_country_of_birth_iraq,Asia,Iraq,,,Table 139: Place of Birth of Foreign-Born Persons: 1990,BC-1990-125,"1990 Census of Population: Social and Economic Characteristics, New Jersey",,cp-2-32-1table139.pdf,,
1990,1990,Bergen County,Israel,country_or_area,,1,2190,,persons,foreign_born_population,decennial_census_foreign_born,foreign_born_country_of_birth_israel,Asia,Israel,,,Table 139: Place of Birth of Foreign-Born Persons: 1990,BC-1990-126,"1990 Census of Population: Social and Economic Characteristics, New Jersey",,cp-2-32-1table139.pdf,,
1990,1990,Bergen County,Japan,country_or_area,,1,8924,,persons,foreign_born_population,decennial_census_foreign_born,foreign_born_country_of_birth_japan,Asia,Japan,,,Table 139: Place of Birth of Foreign-Born Persons: 1990,BC-1990-127,"1990 Census of Population: Social and Economic Characteristics, New Jersey",,cp-2-32-1table139.pdf,,
1990,1990,Bergen County,Jordan,country_or_area,,1,349,,persons,foreign_born_population,decennial_census_foreign_born,foreign_born_country_of_birth_jordan,Asia,Jordan,,,Table 139: Place of Birth of Foreign-Born Persons: 1990,BC-1990-128,"1990 Census of Population: Social and Economic Characteristics, New Jersey",,cp-2-32-1table139.pdf,,
1990,1990,Bergen County,Korea,country_or_area,,1,12240,,persons,foreign_born_population,decennial_census_foreign_born,foreign_born_country_of_birth_korea,Asia,Korea,,,Table 139: Place of Birth of Foreign-Born Persons: 1990,BC-1990-129,"1990 Census of Population: Social and Economic Characteristics, New Jersey",,cp-2-32-1table139.pdf,,
1990,1990,Bergen County,Laos,country_or_area,,1,125,,persons,foreign_born_population,decennial_census_foreign_born,foreign_born_country_of_birth_laos,Asia,Laos,,,Table 139: Place of Birth of Foreign-Born Persons: 1990,BC-1990-130,"1990 Census of Population: Social and Economic Characteristics, New Jersey",,cp-2-32-1table139.pdf,,
1990,1990,Bergen County,Lebanon,country_or_area,,1,1264,,persons,foreign_born_population,decennial_census_foreign_born,foreign_born_country_of_birth_lebanon,Asia,Lebanon,,,Table 139: Place of Birth of Foreign-Born Persons: 1990,BC-1990-131,"1990 Census of Population: Social and Economic Characteristics, New Jersey",,cp-2-32-1table139.pdf,,
1990,1990,Bergen County,Malaysia,country_or_area,,1,114,,persons,foreign_born_population,decennial_census_foreign_born,foreign_born_country_of_birth_malaysia,Asia,Malaysia,,,Table 139: Place of Birth of Foreign-Born Persons: 1990,BC-1990-132,"1990 Census of Population: Social and Economic Characteristics, New Jersey",,cp-2-32-1table139.pdf,,
1990,1990,Bergen County,Pakistan,country_or_area,,1,900,,persons,foreign_born_population,decennial_census_foreign_born,foreign_born_country_of_birth_pakistan,Asia,Pakistan,,,Table 139: Place of Birth of Foreign-Born Persons: 1990,BC-1990-133,"1990 Census of Population: Social and Economic Characteristics, New Jersey",,cp-2-32-1table139.pdf,,
1990,1990,Bergen County,Philippines,country_or_area,,1,5129,,persons,foreign_born_population,decennial_census_foreign_born,foreign_born_country_of_birth_philippines,Asia,Philippines,,,Table 139: Place of Birth of Foreign-Born Persons: 1990,BC-1990-134,"1990 Census of Population: Social and Economic Characteristics, New Jersey",,cp-2-32-1table139.pdf,,
1990,1990,Bergen County,Saudi Arabia,country_or_area,,1,60,,persons,foreign_born_population,decennial_census_foreign_born,foreign_born_country_of_birth_saudi_arabia,Asia,Saudi Arabia,,,Table 139: Place of Birth of Foreign-Born Persons: 1990,BC-1990-135,"1990 Census of Population: Social and Economic Characteristics, New Jersey",,cp-2-32-1table139.pdf,,
1990,1990,Bergen County,Syria,country_or_area,,1,877,,persons,foreign_born_population,decennial_census_foreign_born,foreign_born_country_of_birth_syria,Asia,Syria,,,Table 139: Place of Birth of Foreign-Born Persons: 1990,BC-1990-136,"1990 Census of Population: Social and Economic Characteristics, New Jersey",,cp-2-32-1table139.pdf,,
1990,1990,Bergen County,Taiwan,country_or_area,,1,1835,,persons,foreign_born_population,decennial_census_foreign_born,foreign_born_country_of_birth_taiwan,Asia,Taiwan,,,Table 139: Place of Birth of Foreign-Born Persons: 1990,BC-1990-137,"1990 Census of Population: Social and Economic Characteristics, New Jersey",,cp-2-32-1table139.pdf,,
1990,1990,Bergen County,Thailand,country_or_area,,1,352,,persons,foreign_born_population,decennial_census_foreign_born,foreign_born_country_of_birth_thailand,Asia,Thailand,,,Table 139: Place of Birth of Foreign-Born Persons: 1990,BC-1990-138,"1990 Census of Population: Social and Economic Characteristics, New Jersey",,cp-2-32-1table139.pdf,,
1990,1990,Bergen County,Turkey,country_or_area,,1,2137,,persons,foreign_born_population,decennial_census_foreign_born,foreign_born_country_of_birth_turkey,Asia,Turkey,,,Table 139: Place of Birth of Foreign-Born Persons: 1990,BC-1990-139,"1990 Census of Population: Social and Economic Characteristics, New Jersey",,cp-2-32-1table139.pdf,,
1990,1990,Bergen County,Vietnam,country_or_area,,1,342,,persons,foreign_born_population,decennial_census_foreign_born,foreign_born_country_of_birth_vietnam,Asia,Vietnam,,,Table 139: Place of Birth of Foreign-Born Persons: 1990,BC-1990-140,"1990 Census of Population: Social and Economic Characteristics, New Jersey",,cp-2-32-1table139.pdf,,
1990,1990,Bergen County,Other Asia (not separately reported),residual_category,,1,750,,persons,foreign_born_population,decennial_census_foreign_born,foreign_born_country_of_birth_asia_other_not_separately_reported,Asia,Other Asia (not separately reported),,,Table 139: Place of Birth of Foreign-Born Persons: 1990,BC-1990-ASIA-RESIDUAL,"Derived from 1990 Census of Population: Social and Economic Characteristics, New Jersey",https://www2.census.gov/library/publications/decennial/1990/cp-2/cp-2-32-1.pdf,cp-2-32-1table139.pdf,verified_derived_reconciliation,"Exact derived residual: 49,337 Asia total minus 48,587 across the separately published Asian country totals. The source does not identify the origins contained in this remainder."
2000,2000,Bergen County,Asia,region_total,,0,88017,,persons,foreign_born_population,decennial_census_foreign_born,foreign_born_country_of_birth_asia,,Asia,PCT19,PCT019032,PCT19: Place of Birth for the Foreign-Born Population,BC-2000-043,Census 2000 Summary File 3 (SF 3),https://api.census.gov/data/2000/dec/sf3/groups/PCT019.html,bergen_county_2000_immigration_tables.csv,,SF3 sample data; n.e.c. = not elsewhere classified.
2000,2000,Bergen County,Eastern Asia,subregion_total,Eastern Asia,1,44578,,persons,foreign_born_population,decennial_census_foreign_born,foreign_born_country_of_birth_asia_eastern_asia,Asia,Eastern Asia,PCT19,PCT019033,PCT19: Place of Birth for the Foreign-Born Population,BC-2000-044,Census 2000 Summary File 3 (SF 3),https://api.census.gov/data/2000/dec/sf3/groups/PCT019.html,bergen_county_2000_immigration_tables.csv,,SF3 sample data; n.e.c. = not elsewhere classified.
2000,2000,Bergen County,South Central Asia,subregion_total,South Central Asia,1,16867,,persons,foreign_born_population,decennial_census_foreign_born,foreign_born_country_of_birth_asia_south_central_asia,Asia,South Central Asia,PCT19,PCT019041,PCT19: Place of Birth for the Foreign-Born Population,BC-2000-052,Census 2000 Summary File 3 (SF 3),https://api.census.gov/data/2000/dec/sf3/groups/PCT019.html,bergen_county_2000_immigration_tables.csv,,SF3 sample data; n.e.c. = not elsewhere classified.
2000,2000,Bergen County,South Eastern Asia,subregion_total,South Eastern Asia,1,14038,,persons,foreign_born_population,decennial_census_foreign_born,foreign_born_country_of_birth_asia_south_eastern_asia,Asia,South Eastern Asia,PCT19,PCT019048,PCT19: Place of Birth for the Foreign-Born Population,BC-2000-059,Census 2000 Summary File 3 (SF 3),https://api.census.gov/data/2000/dec/sf3/groups/PCT019.html,bergen_county_2000_immigration_tables.csv,,SF3 sample data; n.e.c. = not elsewhere classified.
2000,2000,Bergen County,Western Asia,subregion_total,Western Asia,1,12255,,persons,foreign_born_population,decennial_census_foreign_born,foreign_born_country_of_birth_asia_western_asia,Asia,Western Asia,PCT19,PCT019057,PCT19: Place of Birth for the Foreign-Born Population,BC-2000-068,Census 2000 Summary File 3 (SF 3),https://api.census.gov/data/2000/dec/sf3/groups/PCT019.html,bergen_county_2000_immigration_tables.csv,,SF3 sample data; n.e.c. = not elsewhere classified.
2000,2000,Bergen County,"Asia, n.e.c.",residual_category,,1,279,,persons,foreign_born_population,decennial_census_foreign_born,foreign_born_country_of_birth_asia_asia_n_e_c,Asia,"Asia, n.e.c.",PCT19,PCT019066,PCT19: Place of Birth for the Foreign-Born Population,BC-2000-077,Census 2000 Summary File 3 (SF 3),https://api.census.gov/data/2000/dec/sf3/groups/PCT019.html,bergen_county_2000_immigration_tables.csv,,SF3 sample data; n.e.c. = not elsewhere classified.
2000,2000,Bergen County,Afghanistan,country_or_area,South Central Asia,2,198,,persons,foreign_born_population,decennial_census_foreign_born,foreign_born_country_of_birth_afghanistan,Asia > South Central Asia,Afghanistan,PCT19,PCT019042,PCT19: Place of Birth for the Foreign-Born Population,BC-2000-053,Census 2000 Summary File 3 (SF 3),https://api.census.gov/data/2000/dec/sf3/groups/PCT019.html,bergen_county_2000_immigration_tables.csv,,SF3 sample data; n.e.c. = not elsewhere classified.
2000,2000,Bergen County,Armenia,country_or_area,Western Asia,2,385,,persons,foreign_born_population,decennial_census_foreign_born,foreign_born_country_of_birth_asia_western_asia_armenia,Asia > Western Asia,Armenia,PCT19,PCT019064,PCT19: Place of Birth for the Foreign-Born Population,BC-2000-075,Census 2000 Summary File 3 (SF 3),https://api.census.gov/data/2000/dec/sf3/groups/PCT019.html,bergen_county_2000_immigration_tables.csv,,SF3 sample data; n.e.c. = not elsewhere classified.
2000,2000,Bergen County,Bangladesh,country_or_area,South Central Asia,2,270,,persons,foreign_born_population,decennial_census_foreign_born,foreign_born_country_of_birth_asia_south_central_asia_bangladesh,Asia > South Central Asia,Bangladesh,PCT19,PCT019043,PCT19: Place of Birth for the Foreign-Born Population,BC-2000-054,Census 2000 Summary File 3 (SF 3),https://api.census.gov/data/2000/dec/sf3/groups/PCT019.html,bergen_county_2000_immigration_tables.csv,,SF3 sample data; n.e.c. = not elsewhere classified.
2000,2000,Bergen County,Cambodia,country_or_area,South Eastern Asia,2,18,,persons,foreign_born_population,decennial_census_foreign_born,foreign_born_country_of_birth_cambodia,Asia > South Eastern Asia,Cambodia,PCT19,PCT019049,PCT19: Place of Birth for the Foreign-Born Population,BC-2000-060,Census 2000 Summary File 3 (SF 3),https://api.census.gov/data/2000/dec/sf3/groups/PCT019.html,bergen_county_2000_immigration_tables.csv,,SF3 sample data; n.e.c. = not elsewhere classified.
2000,2000,Bergen County,China,country_or_area,Eastern Asia,2,8990,,persons,foreign_born_population,decennial_census_foreign_born,foreign_born_country_of_birth_china,Asia > Eastern Asia,China,PCT19,PCT019034,PCT19: Place of Birth for the Foreign-Born Population,BC-2000-045,Census 2000 Summary File 3 (SF 3),https://api.census.gov/data/2000/dec/sf3/groups/PCT019.html,bergen_county_2000_immigration_tables.csv,,SF3 sample data; n.e.c. = not elsewhere classified.
2000,2000,Bergen County,India,country_or_area,South Central Asia,2,12557,,persons,foreign_born_population,decennial_census_foreign_born,foreign_born_country_of_birth_india,Asia > South Central Asia,India,PCT19,PCT019044,PCT19: Place of Birth for the Foreign-Born Population,BC-2000-055,Census 2000 Summary File 3 (SF 3),https://api.census.gov/data/2000/dec/sf3/groups/PCT019.html,bergen_county_2000_immigration_tables.csv,,SF3 sample data; n.e.c. = not elsewhere classified.
2000,2000,Bergen County,Indonesia,country_or_area,South Eastern Asia,2,237,,persons,foreign_born_population,decennial_census_foreign_born,foreign_born_country_of_birth_indonesia,Asia > South Eastern Asia,Indonesia,PCT19,PCT019050,PCT19: Place of Birth for the Foreign-Born Population,BC-2000-061,Census 2000 Summary File 3 (SF 3),https://api.census.gov/data/2000/dec/sf3/groups/PCT019.html,bergen_county_2000_immigration_tables.csv,,SF3 sample data; n.e.c. = not elsewhere classified.
2000,2000,Bergen County,Iran,country_or_area,South Central Asia,2,1621,,persons,foreign_born_population,decennial_census_foreign_born,foreign_born_country_of_birth_iran,Asia > South Central Asia,Iran,PCT19,PCT019045,PCT19: Place of Birth for the Foreign-Born Population,BC-2000-056,Census 2000 Summary File 3 (SF 3),https://api.census.gov/data/2000/dec/sf3/groups/PCT019.html,bergen_county_2000_immigration_tables.csv,,SF3 sample data; n.e.c. = not elsewhere classified.
2000,2000,Bergen County,Iraq,country_or_area,Western Asia,2,302,,persons,foreign_born_population,decennial_census_foreign_born,foreign_born_country_of_birth_iraq,Asia > Western Asia,Iraq,PCT19,PCT019058,PCT19: Place of Birth for the Foreign-Born Population,BC-2000-069,Census 2000 Summary File 3 (SF 3),https://api.census.gov/data/2000/dec/sf3/groups/PCT019.html,bergen_county_2000_immigration_tables.csv,,SF3 sample data; n.e.c. = not elsewhere classified.
2000,2000,Bergen County,Israel,country_or_area,Western Asia,2,3070,,persons,foreign_born_population,decennial_census_foreign_born,foreign_born_country_of_birth_israel,Asia > Western Asia,Israel,PCT19,PCT019059,PCT19: Place of Birth for the Foreign-Born Population,BC-2000-070,Census 2000 Summary File 3 (SF 3),https://api.census.gov/data/2000/dec/sf3/groups/PCT019.html,bergen_county_2000_immigration_tables.csv,,SF3 sample data; n.e.c. = not elsewhere classified.
2000,2000,Bergen County,Japan,country_or_area,Eastern Asia,2,6076,,persons,foreign_born_population,decennial_census_foreign_born,foreign_born_country_of_birth_japan,Asia > Eastern Asia,Japan,PCT19,PCT019038,PCT19: Place of Birth for the Foreign-Born Population,BC-2000-049,Census 2000 Summary File 3 (SF 3),https://api.census.gov/data/2000/dec/sf3/groups/PCT019.html,bergen_county_2000_immigration_tables.csv,,SF3 sample data; n.e.c. = not elsewhere classified.
2000,2000,Bergen County,Jordan,country_or_area,Western Asia,2,758,,persons,foreign_born_population,decennial_census_foreign_born,foreign_born_country_of_birth_jordan,Asia > Western Asia,Jordan,PCT19,PCT019060,PCT19: Place of Birth for the Foreign-Born Population,BC-2000-071,Census 2000 Summary File 3 (SF 3),https://api.census.gov/data/2000/dec/sf3/groups/PCT019.html,bergen_county_2000_immigration_tables.csv,,SF3 sample data; n.e.c. = not elsewhere classified.
2000,2000,Bergen County,Korea,country_or_area,Eastern Asia,2,29506,,persons,foreign_born_population,decennial_census_foreign_born,foreign_born_country_of_birth_korea,Asia > Eastern Asia,Korea,PCT19,PCT019039,PCT19: Place of Birth for the Foreign-Born Population,BC-2000-050,Census 2000 Summary File 3 (SF 3),https://api.census.gov/data/2000/dec/sf3/groups/PCT019.html,bergen_county_2000_immigration_tables.csv,,SF3 sample data; n.e.c. = not elsewhere classified.
2000,2000,Bergen County,Laos,country_or_area,South Eastern Asia,2,104,,persons,foreign_born_population,decennial_census_foreign_born,foreign_born_country_of_birth_laos,Asia > South Eastern Asia,Laos,PCT19,PCT019051,PCT19: Place of Birth for the Foreign-Born Population,BC-2000-062,Census 2000 Summary File 3 (SF 3),https://api.census.gov/data/2000/dec/sf3/groups/PCT019.html,bergen_county_2000_immigration_tables.csv,,SF3 sample data; n.e.c. = not elsewhere classified.
2000,2000,Bergen County,Lebanon,country_or_area,Western Asia,2,1758,,persons,foreign_born_population,decennial_census_foreign_born,foreign_born_country_of_birth_lebanon,Asia > Western Asia,Lebanon,PCT19,PCT019061,PCT19: Place of Birth for the Foreign-Born Population,BC-2000-072,Census 2000 Summary File 3 (SF 3),https://api.census.gov/data/2000/dec/sf3/groups/PCT019.html,bergen_county_2000_immigration_tables.csv,,SF3 sample data; n.e.c. = not elsewhere classified.
2000,2000,Bergen County,Malaysia,country_or_area,South Eastern Asia,2,393,,persons,foreign_born_population,decennial_census_foreign_born,foreign_born_country_of_birth_malaysia,Asia > South Eastern Asia,Malaysia,PCT19,PCT019052,PCT19: Place of Birth for the Foreign-Born Population,BC-2000-063,Census 2000 Summary File 3 (SF 3),https://api.census.gov/data/2000/dec/sf3/groups/PCT019.html,bergen_county_2000_immigration_tables.csv,,SF3 sample data; n.e.c. = not elsewhere classified.
2000,2000,Bergen County,Pakistan,country_or_area,South Central Asia,2,1855,,persons,foreign_born_population,decennial_census_foreign_born,foreign_born_country_of_birth_pakistan,Asia > South Central Asia,Pakistan,PCT19,PCT019046,PCT19: Place of Birth for the Foreign-Born Population,BC-2000-057,Census 2000 Summary File 3 (SF 3),https://api.census.gov/data/2000/dec/sf3/groups/PCT019.html,bergen_county_2000_immigration_tables.csv,,SF3 sample data; n.e.c. = not elsewhere classified.
2000,2000,Bergen County,Philippines,country_or_area,South Eastern Asia,2,11978,,persons,foreign_born_population,decennial_census_foreign_born,foreign_born_country_of_birth_philippines,Asia > South Eastern Asia,Philippines,PCT19,PCT019053,PCT19: Place of Birth for the Foreign-Born Population,BC-2000-064,Census 2000 Summary File 3 (SF 3),https://api.census.gov/data/2000/dec/sf3/groups/PCT019.html,bergen_county_2000_immigration_tables.csv,,SF3 sample data; n.e.c. = not elsewhere classified.
2000,2000,Bergen County,Syria,country_or_area,Western Asia,2,1644,,persons,foreign_born_population,decennial_census_foreign_born,foreign_born_country_of_birth_syria,Asia > Western Asia,Syria,PCT19,PCT019062,PCT19: Place of Birth for the Foreign-Born Population,BC-2000-073,Census 2000 Summary File 3 (SF 3),https://api.census.gov/data/2000/dec/sf3/groups/PCT019.html,bergen_county_2000_immigration_tables.csv,,SF3 sample data; n.e.c. = not elsewhere classified.
2000,2000,Bergen County,Thailand,country_or_area,South Eastern Asia,2,446,,persons,foreign_born_population,decennial_census_foreign_born,foreign_born_country_of_birth_thailand,Asia > South Eastern Asia,Thailand,PCT19,PCT019054,PCT19: Place of Birth for the Foreign-Born Population,BC-2000-065,Census 2000 Summary File 3 (SF 3),https://api.census.gov/data/2000/dec/sf3/groups/PCT019.html,bergen_county_2000_immigration_tables.csv,,SF3 sample data; n.e.c. = not elsewhere classified.
2000,2000,Bergen County,Turkey,country_or_area,Western Asia,2,3333,,persons,foreign_born_population,decennial_census_foreign_born,foreign_born_country_of_birth_turkey,Asia > Western Asia,Turkey,PCT19,PCT019063,PCT19: Place of Birth for the Foreign-Born Population,BC-2000-074,Census 2000 Summary File 3 (SF 3),https://api.census.gov/data/2000/dec/sf3/groups/PCT019.html,bergen_county_2000_immigration_tables.csv,,SF3 sample data; n.e.c. = not elsewhere classified.
2000,2000,Bergen County,Vietnam,country_or_area,South Eastern Asia,2,557,,persons,foreign_born_population,decennial_census_foreign_born,foreign_born_country_of_birth_vietnam,Asia > South Eastern Asia,Vietnam,PCT19,PCT019055,PCT19: Place of Birth for the Foreign-Born Population,BC-2000-066,Census 2000 Summary File 3 (SF 3),https://api.census.gov/data/2000/dec/sf3/groups/PCT019.html,bergen_county_2000_immigration_tables.csv,,SF3 sample data; n.e.c. = not elsewhere classified.
2000,2000,Bergen County,Other Eastern Asia,residual_category,Eastern Asia,2,6,,persons,foreign_born_population,decennial_census_foreign_born,foreign_born_country_of_birth_asia_eastern_asia_other_eastern_asia,Asia > Eastern Asia,Other Eastern Asia,PCT19,PCT019040,PCT19: Place of Birth for the Foreign-Born Population,BC-2000-051,Census 2000 Summary File 3 (SF 3),https://api.census.gov/data/2000/dec/sf3/groups/PCT019.html,bergen_county_2000_immigration_tables.csv,,SF3 sample data; n.e.c. = not elsewhere classified.
2000,2000,Bergen County,Other South Central Asia,residual_category,South Central Asia,2,366,,persons,foreign_born_population,decennial_census_foreign_born,foreign_born_country_of_birth_asia_south_central_asia_other_south_central_asia,Asia > South Central Asia,Other South Central Asia,PCT19,PCT019047,PCT19: Place of Birth for the Foreign-Born Population,BC-2000-058,Census 2000 Summary File 3 (SF 3),https://api.census.gov/data/2000/dec/sf3/groups/PCT019.html,bergen_county_2000_immigration_tables.csv,,SF3 sample data; n.e.c. = not elsewhere classified.
2000,2000,Bergen County,Other South Eastern Asia,residual_category,South Eastern Asia,2,305,,persons,foreign_born_population,decennial_census_foreign_born,foreign_born_country_of_birth_asia_south_eastern_asia_other_south_eastern_asia,Asia > South Eastern Asia,Other South Eastern Asia,PCT19,PCT019056,PCT19: Place of Birth for the Foreign-Born Population,BC-2000-067,Census 2000 Summary File 3 (SF 3),https://api.census.gov/data/2000/dec/sf3/groups/PCT019.html,bergen_county_2000_immigration_tables.csv,,SF3 sample data; n.e.c. = not elsewhere classified.
2000,2000,Bergen County,Other Western Asia,residual_category,Western Asia,2,1005,,persons,foreign_born_population,decennial_census_foreign_born,foreign_born_country_of_birth_asia_western_asia_other_western_asia,Asia > Western Asia,Other Western Asia,PCT19,PCT019065,PCT19: Place of Birth for the Foreign-Born Population,BC-2000-076,Census 2000 Summary File 3 (SF 3),https://api.census.gov/data/2000/dec/sf3/groups/PCT019.html,bergen_county_2000_immigration_tables.csv,,SF3 sample data; n.e.c. = not elsewhere classified.
2000,2000,Bergen County,"China, excluding Hong Kong and Taiwan",country_component,Eastern Asia,3,5482,,persons,foreign_born_population,decennial_census_foreign_born,foreign_born_country_of_birth_asia_eastern_asia_china_china_excluding_hong_kong_and_taiwan,Asia > Eastern Asia > China,"China, excluding Hong Kong and Taiwan",PCT19,PCT019035,PCT19: Place of Birth for the Foreign-Born Population,BC-2000-046,Census 2000 Summary File 3 (SF 3),https://api.census.gov/data/2000/dec/sf3/groups/PCT019.html,bergen_county_2000_immigration_tables.csv,,SF3 sample data; n.e.c. = not elsewhere classified.
2000,2000,Bergen County,Hong Kong,country_component,Eastern Asia,3,1049,,persons,foreign_born_population,decennial_census_foreign_born,foreign_born_country_of_birth_hong_kong,Asia > Eastern Asia > China,Hong Kong,PCT19,PCT019036,PCT19: Place of Birth for the Foreign-Born Population,BC-2000-047,Census 2000 Summary File 3 (SF 3),https://api.census.gov/data/2000/dec/sf3/groups/PCT019.html,bergen_county_2000_immigration_tables.csv,,SF3 sample data; n.e.c. = not elsewhere classified.
2000,2000,Bergen County,Taiwan,country_component,Eastern Asia,3,2459,,persons,foreign_born_population,decennial_census_foreign_born,foreign_born_country_of_birth_taiwan,Asia > Eastern Asia > China,Taiwan,PCT19,PCT019037,PCT19: Place of Birth for the Foreign-Born Population,BC-2000-048,Census 2000 Summary File 3 (SF 3),https://api.census.gov/data/2000/dec/sf3/groups/PCT019.html,bergen_county_2000_immigration_tables.csv,,SF3 sample data; n.e.c. = not elsewhere classified.
2010,2006-2010,Bergen County,Asia,region_total,,0,110531,1858,persons,foreign_born_population,acs_5_year_estimate,foreign_born_country_of_birth_asia,,Estimate!!Total!!Asia,B05006,B05006_047E,B05006: PLACE OF BIRTH FOR THE FOREIGN-BORN POPULATION IN THE UNITED STATES,BC-2010-047,2006-2010 ACS 5-Year Detailed Tables,https://api.census.gov/data/2010/acs/acs5/groups/B05006.html,bergen_county_2010_acs_B05006_B05007.csv,api_response_and_metadata_validated,source_period=2006-2010; geoid=05000US34003; margin_of_error=1858; 2006-2010 ACS 5-year period estimate; sample-based. MOE is Census-published margin of error.
2010,2006-2010,Bergen County,Eastern Asia,subregion_total,Eastern Asia,1,56771,1799,persons,foreign_born_population,acs_5_year_estimate,foreign_born_country_of_birth_asia_eastern_asia,Asia,Estimate!!Total!!Asia!!Eastern Asia,B05006,B05006_048E,B05006: PLACE OF BIRTH FOR THE FOREIGN-BORN POPULATION IN THE UNITED STATES,BC-2010-048,2006-2010 ACS 5-Year Detailed Tables,https://api.census.gov/data/2010/acs/acs5/groups/B05006.html,bergen_county_2010_acs_B05006_B05007.csv,api_response_and_metadata_validated,source_period=2006-2010; geoid=05000US34003; margin_of_error=1799; 2006-2010 ACS 5-year period estimate; sample-based. MOE is Census-published margin of error.
2010,2006-2010,Bergen County,South Central Asia,subregion_total,South Central Asia,1,23346,1687,persons,foreign_born_population,acs_5_year_estimate,foreign_born_country_of_birth_asia_south_central_asia,Asia,Estimate!!Total!!Asia!!South Central Asia,B05006,B05006_056E,B05006: PLACE OF BIRTH FOR THE FOREIGN-BORN POPULATION IN THE UNITED STATES,BC-2010-056,2006-2010 ACS 5-Year Detailed Tables,https://api.census.gov/data/2010/acs/acs5/groups/B05006.html,bergen_county_2010_acs_B05006_B05007.csv,api_response_and_metadata_validated,source_period=2006-2010; geoid=05000US34003; margin_of_error=1687; 2006-2010 ACS 5-year period estimate; sample-based. MOE is Census-published margin of error.
2010,2006-2010,Bergen County,South Eastern Asia,subregion_total,South Eastern Asia,1,16988,1384,persons,foreign_born_population,acs_5_year_estimate,foreign_born_country_of_birth_asia_south_eastern_asia,Asia,Estimate!!Total!!Asia!!South Eastern Asia,B05006,B05006_067E,B05006: PLACE OF BIRTH FOR THE FOREIGN-BORN POPULATION IN THE UNITED STATES,BC-2010-067,2006-2010 ACS 5-Year Detailed Tables,https://api.census.gov/data/2010/acs/acs5/groups/B05006.html,bergen_county_2010_acs_B05006_B05007.csv,api_response_and_metadata_validated,source_period=2006-2010; geoid=05000US34003; margin_of_error=1384; 2006-2010 ACS 5-year period estimate; sample-based. MOE is Census-published margin of error.
2010,2006-2010,Bergen County,Western Asia,subregion_total,Western Asia,1,13310,1269,persons,foreign_born_population,acs_5_year_estimate,foreign_born_country_of_birth_asia_western_asia,Asia,Estimate!!Total!!Asia!!Western Asia,B05006,B05006_078E,B05006: PLACE OF BIRTH FOR THE FOREIGN-BORN POPULATION IN THE UNITED STATES,BC-2010-078,2006-2010 ACS 5-Year Detailed Tables,https://api.census.gov/data/2010/acs/acs5/groups/B05006.html,bergen_county_2010_acs_B05006_B05007.csv,api_response_and_metadata_validated,source_period=2006-2010; geoid=05000US34003; margin_of_error=1269; 2006-2010 ACS 5-year period estimate; sample-based. MOE is Census-published margin of error.
2010,2006-2010,Bergen County,"Asia,n.e.c.",residual_category,,1,116,91,persons,foreign_born_population,acs_5_year_estimate,foreign_born_country_of_birth_asia_asia_n_e_c,Asia,"Estimate!!Total!!Asia!!Asia,n.e.c.",B05006,B05006_090E,B05006: PLACE OF BIRTH FOR THE FOREIGN-BORN POPULATION IN THE UNITED STATES,BC-2010-090,2006-2010 ACS 5-Year Detailed Tables,https://api.census.gov/data/2010/acs/acs5/groups/B05006.html,bergen_county_2010_acs_B05006_B05007.csv,api_response_and_metadata_validated,source_period=2006-2010; geoid=05000US34003; margin_of_error=91; 2006-2010 ACS 5-year period estimate; sample-based. MOE is Census-published margin of error.
2010,2006-2010,Bergen County,Afghanistan,country_or_area,South Central Asia,2,370,184,persons,foreign_born_population,acs_5_year_estimate,foreign_born_country_of_birth_afghanistan,Asia > South Central Asia,Estimate!!Total!!Asia!!South Central Asia!!Afghanistan,B05006,B05006_057E,B05006: PLACE OF BIRTH FOR THE FOREIGN-BORN POPULATION IN THE UNITED STATES,BC-2010-057,2006-2010 ACS 5-Year Detailed Tables,https://api.census.gov/data/2010/acs/acs5/groups/B05006.html,bergen_county_2010_acs_B05006_B05007.csv,api_response_and_metadata_validated,source_period=2006-2010; geoid=05000US34003; margin_of_error=184; 2006-2010 ACS 5-year period estimate; sample-based. MOE is Census-published margin of error.
2010,2006-2010,Bergen County,Armenia,country_or_area,Western Asia,2,478,249,persons,foreign_born_population,acs_5_year_estimate,foreign_born_country_of_birth_asia_western_asia_armenia,Asia > Western Asia,Estimate!!Total!!Asia!!Western Asia!!Armenia,B05006,B05006_088E,B05006: PLACE OF BIRTH FOR THE FOREIGN-BORN POPULATION IN THE UNITED STATES,BC-2010-088,2006-2010 ACS 5-Year Detailed Tables,https://api.census.gov/data/2010/acs/acs5/groups/B05006.html,bergen_county_2010_acs_B05006_B05007.csv,api_response_and_metadata_validated,source_period=2006-2010; geoid=05000US34003; margin_of_error=249; 2006-2010 ACS 5-year period estimate; sample-based. MOE is Census-published margin of error.
2010,2006-2010,Bergen County,Bangladesh,country_or_area,South Central Asia,2,492,297,persons,foreign_born_population,acs_5_year_estimate,foreign_born_country_of_birth_asia_south_central_asia_bangladesh,Asia > South Central Asia,Estimate!!Total!!Asia!!South Central Asia!!Bangladesh,B05006,B05006_058E,B05006: PLACE OF BIRTH FOR THE FOREIGN-BORN POPULATION IN THE UNITED STATES,BC-2010-058,2006-2010 ACS 5-Year Detailed Tables,https://api.census.gov/data/2010/acs/acs5/groups/B05006.html,bergen_county_2010_acs_B05006_B05007.csv,api_response_and_metadata_validated,source_period=2006-2010; geoid=05000US34003; margin_of_error=297; 2006-2010 ACS 5-year period estimate; sample-based. MOE is Census-published margin of error.
2010,2006-2010,Bergen County,Burma,country_or_area,South Eastern Asia,2,350,194,persons,foreign_born_population,acs_5_year_estimate,foreign_born_country_of_birth_asia_south_eastern_asia_burma,Asia > South Eastern Asia,Estimate!!Total!!Asia!!South Eastern Asia!!Burma,B05006,B05006_072E,B05006: PLACE OF BIRTH FOR THE FOREIGN-BORN POPULATION IN THE UNITED STATES,BC-2010-072,2006-2010 ACS 5-Year Detailed Tables,https://api.census.gov/data/2010/acs/acs5/groups/B05006.html,bergen_county_2010_acs_B05006_B05007.csv,api_response_and_metadata_validated,source_period=2006-2010; geoid=05000US34003; margin_of_error=194; 2006-2010 ACS 5-year period estimate; sample-based. MOE is Census-published margin of error.
2010,2006-2010,Bergen County,Cambodia,country_or_area,South Eastern Asia,2,68,67,persons,foreign_born_population,acs_5_year_estimate,foreign_born_country_of_birth_cambodia,Asia > South Eastern Asia,Estimate!!Total!!Asia!!South Eastern Asia!!Cambodia,B05006,B05006_068E,B05006: PLACE OF BIRTH FOR THE FOREIGN-BORN POPULATION IN THE UNITED STATES,BC-2010-068,2006-2010 ACS 5-Year Detailed Tables,https://api.census.gov/data/2010/acs/acs5/groups/B05006.html,bergen_county_2010_acs_B05006_B05007.csv,api_response_and_metadata_validated,source_period=2006-2010; geoid=05000US34003; margin_of_error=67; 2006-2010 ACS 5-year period estimate; sample-based. MOE is Census-published margin of error.
2010,2006-2010,Bergen County,China,country_or_area,Eastern Asia,2,10378,959,persons,foreign_born_population,acs_5_year_estimate,foreign_born_country_of_birth_china,Asia > Eastern Asia,Estimate!!Total!!Asia!!Eastern Asia!!China,B05006,B05006_049E,B05006: PLACE OF BIRTH FOR THE FOREIGN-BORN POPULATION IN THE UNITED STATES,BC-2010-049,2006-2010 ACS 5-Year Detailed Tables,https://api.census.gov/data/2010/acs/acs5/groups/B05006.html,bergen_county_2010_acs_B05006_B05007.csv,api_response_and_metadata_validated,source_period=2006-2010; geoid=05000US34003; margin_of_error=959; 2006-2010 ACS 5-year period estimate; sample-based. MOE is Census-published margin of error.
2010,2006-2010,Bergen County,India,country_or_area,South Central Asia,2,17890,1396,persons,foreign_born_population,acs_5_year_estimate,foreign_born_country_of_birth_india,Asia > South Central Asia,Estimate!!Total!!Asia!!South Central Asia!!India,B05006,B05006_059E,B05006: PLACE OF BIRTH FOR THE FOREIGN-BORN POPULATION IN THE UNITED STATES,BC-2010-059,2006-2010 ACS 5-Year Detailed Tables,https://api.census.gov/data/2010/acs/acs5/groups/B05006.html,bergen_county_2010_acs_B05006_B05007.csv,api_response_and_metadata_validated,source_period=2006-2010; geoid=05000US34003; margin_of_error=1396; 2006-2010 ACS 5-year period estimate; sample-based. MOE is Census-published margin of error.
2010,2006-2010,Bergen County,Indonesia,country_or_area,South Eastern Asia,2,266,171,persons,foreign_born_population,acs_5_year_estimate,foreign_born_country_of_birth_indonesia,Asia > South Eastern Asia,Estimate!!Total!!Asia!!South Eastern Asia!!Indonesia,B05006,B05006_069E,B05006: PLACE OF BIRTH FOR THE FOREIGN-BORN POPULATION IN THE UNITED STATES,BC-2010-069,2006-2010 ACS 5-Year Detailed Tables,https://api.census.gov/data/2010/acs/acs5/groups/B05006.html,bergen_county_2010_acs_B05006_B05007.csv,api_response_and_metadata_validated,source_period=2006-2010; geoid=05000US34003; margin_of_error=171; 2006-2010 ACS 5-year period estimate; sample-based. MOE is Census-published margin of error.
2010,2006-2010,Bergen County,Iran,country_or_area,South Central Asia,2,1634,349,persons,foreign_born_population,acs_5_year_estimate,foreign_born_country_of_birth_iran,Asia > South Central Asia,Estimate!!Total!!Asia!!South Central Asia!!Iran,B05006,B05006_060E,B05006: PLACE OF BIRTH FOR THE FOREIGN-BORN POPULATION IN THE UNITED STATES,BC-2010-060,2006-2010 ACS 5-Year Detailed Tables,https://api.census.gov/data/2010/acs/acs5/groups/B05006.html,bergen_county_2010_acs_B05006_B05007.csv,api_response_and_metadata_validated,source_period=2006-2010; geoid=05000US34003; margin_of_error=349; 2006-2010 ACS 5-year period estimate; sample-based. MOE is Census-published margin of error.
2010,2006-2010,Bergen County,Iraq,country_or_area,Western Asia,2,200,179,persons,foreign_born_population,acs_5_year_estimate,foreign_born_country_of_birth_iraq,Asia > Western Asia,Estimate!!Total!!Asia!!Western Asia!!Iraq,B05006,B05006_079E,B05006: PLACE OF BIRTH FOR THE FOREIGN-BORN POPULATION IN THE UNITED STATES,BC-2010-079,2006-2010 ACS 5-Year Detailed Tables,https://api.census.gov/data/2010/acs/acs5/groups/B05006.html,bergen_county_2010_acs_B05006_B05007.csv,api_response_and_metadata_validated,source_period=2006-2010; geoid=05000US34003; margin_of_error=179; 2006-2010 ACS 5-year period estimate; sample-based. MOE is Census-published margin of error.
2010,2006-2010,Bergen County,Israel,country_or_area,Western Asia,2,3941,633,persons,foreign_born_population,acs_5_year_estimate,foreign_born_country_of_birth_israel,Asia > Western Asia,Estimate!!Total!!Asia!!Western Asia!!Israel,B05006,B05006_080E,B05006: PLACE OF BIRTH FOR THE FOREIGN-BORN POPULATION IN THE UNITED STATES,BC-2010-080,2006-2010 ACS 5-Year Detailed Tables,https://api.census.gov/data/2010/acs/acs5/groups/B05006.html,bergen_county_2010_acs_B05006_B05007.csv,api_response_and_metadata_validated,source_period=2006-2010; geoid=05000US34003; margin_of_error=633; 2006-2010 ACS 5-year period estimate; sample-based. MOE is Census-published margin of error.
2010,2006-2010,Bergen County,Japan,country_or_area,Eastern Asia,2,5632,790,persons,foreign_born_population,acs_5_year_estimate,foreign_born_country_of_birth_japan,Asia > Eastern Asia,Estimate!!Total!!Asia!!Eastern Asia!!Japan,B05006,B05006_053E,B05006: PLACE OF BIRTH FOR THE FOREIGN-BORN POPULATION IN THE UNITED STATES,BC-2010-053,2006-2010 ACS 5-Year Detailed Tables,https://api.census.gov/data/2010/acs/acs5/groups/B05006.html,bergen_county_2010_acs_B05006_B05007.csv,api_response_and_metadata_validated,source_period=2006-2010; geoid=05000US34003; margin_of_error=790; 2006-2010 ACS 5-year period estimate; sample-based. MOE is Census-published margin of error.
2010,2006-2010,Bergen County,Jordan,country_or_area,Western Asia,2,911,337,persons,foreign_born_population,acs_5_year_estimate,foreign_born_country_of_birth_jordan,Asia > Western Asia,Estimate!!Total!!Asia!!Western Asia!!Jordan,B05006,B05006_081E,B05006: PLACE OF BIRTH FOR THE FOREIGN-BORN POPULATION IN THE UNITED STATES,BC-2010-081,2006-2010 ACS 5-Year Detailed Tables,https://api.census.gov/data/2010/acs/acs5/groups/B05006.html,bergen_county_2010_acs_B05006_B05007.csv,api_response_and_metadata_validated,source_period=2006-2010; geoid=05000US34003; margin_of_error=337; 2006-2010 ACS 5-year period estimate; sample-based. MOE is Census-published margin of error.
2010,2006-2010,Bergen County,Kazakhstan,country_or_area,South Central Asia,2,84,73,persons,foreign_born_population,acs_5_year_estimate,foreign_born_country_of_birth_asia_south_central_asia_kazakhstan,Asia > South Central Asia,Estimate!!Total!!Asia!!South Central Asia!!Kazakhstan,B05006,B05006_061E,B05006: PLACE OF BIRTH FOR THE FOREIGN-BORN POPULATION IN THE UNITED STATES,BC-2010-061,2006-2010 ACS 5-Year Detailed Tables,https://api.census.gov/data/2010/acs/acs5/groups/B05006.html,bergen_county_2010_acs_B05006_B05007.csv,api_response_and_metadata_validated,source_period=2006-2010; geoid=05000US34003; margin_of_error=73; 2006-2010 ACS 5-year period estimate; sample-based. MOE is Census-published margin of error.
2010,2006-2010,Bergen County,Korea,country_or_area,Eastern Asia,2,40761,1844,persons,foreign_born_population,acs_5_year_estimate,foreign_born_country_of_birth_korea,Asia > Eastern Asia,Estimate!!Total!!Asia!!Eastern Asia!!Korea,B05006,B05006_054E,B05006: PLACE OF BIRTH FOR THE FOREIGN-BORN POPULATION IN THE UNITED STATES,BC-2010-054,2006-2010 ACS 5-Year Detailed Tables,https://api.census.gov/data/2010/acs/acs5/groups/B05006.html,bergen_county_2010_acs_B05006_B05007.csv,api_response_and_metadata_validated,source_period=2006-2010; geoid=05000US34003; margin_of_error=1844; 2006-2010 ACS 5-year period estimate; sample-based. MOE is Census-published margin of error.
2010,2006-2010,Bergen County,Kuwait,country_or_area,Western Asia,2,221,126,persons,foreign_born_population,acs_5_year_estimate,foreign_born_country_of_birth_asia_western_asia_kuwait,Asia > Western Asia,Estimate!!Total!!Asia!!Western Asia!!Kuwait,B05006,B05006_082E,B05006: PLACE OF BIRTH FOR THE FOREIGN-BORN POPULATION IN THE UNITED STATES,BC-2010-082,2006-2010 ACS 5-Year Detailed Tables,https://api.census.gov/data/2010/acs/acs5/groups/B05006.html,bergen_county_2010_acs_B05006_B05007.csv,api_response_and_metadata_validated,source_period=2006-2010; geoid=05000US34003; margin_of_error=126; 2006-2010 ACS 5-year period estimate; sample-based. MOE is Census-published margin of error.
2010,2006-2010,Bergen County,Laos,country_or_area,South Eastern Asia,2,17,27,persons,foreign_born_population,acs_5_year_estimate,foreign_born_country_of_birth_laos,Asia > South Eastern Asia,Estimate!!Total!!Asia!!South Eastern Asia!!Laos,B05006,B05006_070E,B05006: PLACE OF BIRTH FOR THE FOREIGN-BORN POPULATION IN THE UNITED STATES,BC-2010-070,2006-2010 ACS 5-Year Detailed Tables,https://api.census.gov/data/2010/acs/acs5/groups/B05006.html,bergen_county_2010_acs_B05006_B05007.csv,api_response_and_metadata_validated,source_period=2006-2010; geoid=05000US34003; margin_of_error=27; 2006-2010 ACS 5-year period estimate; sample-based. MOE is Census-published margin of error.
2010,2006-2010,Bergen County,Lebanon,country_or_area,Western Asia,2,1307,401,persons,foreign_born_population,acs_5_year_estimate,foreign_born_country_of_birth_lebanon,Asia > Western Asia,Estimate!!Total!!Asia!!Western Asia!!Lebanon,B05006,B05006_083E,B05006: PLACE OF BIRTH FOR THE FOREIGN-BORN POPULATION IN THE UNITED STATES,BC-2010-083,2006-2010 ACS 5-Year Detailed Tables,https://api.census.gov/data/2010/acs/acs5/groups/B05006.html,bergen_county_2010_acs_B05006_B05007.csv,api_response_and_metadata_validated,source_period=2006-2010; geoid=05000US34003; margin_of_error=401; 2006-2010 ACS 5-year period estimate; sample-based. MOE is Census-published margin of error.
2010,2006-2010,Bergen County,Malaysia,country_or_area,South Eastern Asia,2,241,112,persons,foreign_born_population,acs_5_year_estimate,foreign_born_country_of_birth_malaysia,Asia > South Eastern Asia,Estimate!!Total!!Asia!!South Eastern Asia!!Malaysia,B05006,B05006_071E,B05006: PLACE OF BIRTH FOR THE FOREIGN-BORN POPULATION IN THE UNITED STATES,BC-2010-071,2006-2010 ACS 5-Year Detailed Tables,https://api.census.gov/data/2010/acs/acs5/groups/B05006.html,bergen_county_2010_acs_B05006_B05007.csv,api_response_and_metadata_validated,source_period=2006-2010; geoid=05000US34003; margin_of_error=112; 2006-2010 ACS 5-year period estimate; sample-based. MOE is Census-published margin of error.
2010,2006-2010,Bergen County,Nepal,country_or_area,South Central Asia,2,120,94,persons,foreign_born_population,acs_5_year_estimate,foreign_born_country_of_birth_asia_south_central_asia_nepal,Asia > South Central Asia,Estimate!!Total!!Asia!!South Central Asia!!Nepal,B05006,B05006_062E,B05006: PLACE OF BIRTH FOR THE FOREIGN-BORN POPULATION IN THE UNITED STATES,BC-2010-062,2006-2010 ACS 5-Year Detailed Tables,https://api.census.gov/data/2010/acs/acs5/groups/B05006.html,bergen_county_2010_acs_B05006_B05007.csv,api_response_and_metadata_validated,source_period=2006-2010; geoid=05000US34003; margin_of_error=94; 2006-2010 ACS 5-year period estimate; sample-based. MOE is Census-published margin of error.
2010,2006-2010,Bergen County,Pakistan,country_or_area,South Central Asia,2,2400,627,persons,foreign_born_population,acs_5_year_estimate,foreign_born_country_of_birth_pakistan,Asia > South Central Asia,Estimate!!Total!!Asia!!South Central Asia!!Pakistan,B05006,B05006_063E,B05006: PLACE OF BIRTH FOR THE FOREIGN-BORN POPULATION IN THE UNITED STATES,BC-2010-063,2006-2010 ACS 5-Year Detailed Tables,https://api.census.gov/data/2010/acs/acs5/groups/B05006.html,bergen_county_2010_acs_B05006_B05007.csv,api_response_and_metadata_validated,source_period=2006-2010; geoid=05000US34003; margin_of_error=627; 2006-2010 ACS 5-year period estimate; sample-based. MOE is Census-published margin of error.
2010,2006-2010,Bergen County,Philippines,country_or_area,South Eastern Asia,2,14720,1219,persons,foreign_born_population,acs_5_year_estimate,foreign_born_country_of_birth_philippines,Asia > South Eastern Asia,Estimate!!Total!!Asia!!South Eastern Asia!!Philippines,B05006,B05006_073E,B05006: PLACE OF BIRTH FOR THE FOREIGN-BORN POPULATION IN THE UNITED STATES,BC-2010-073,2006-2010 ACS 5-Year Detailed Tables,https://api.census.gov/data/2010/acs/acs5/groups/B05006.html,bergen_county_2010_acs_B05006_B05007.csv,api_response_and_metadata_validated,source_period=2006-2010; geoid=05000US34003; margin_of_error=1219; 2006-2010 ACS 5-year period estimate; sample-based. MOE is Census-published margin of error.
2010,2006-2010,Bergen County,Saudi Arabia,country_or_area,Western Asia,2,115,75,persons,foreign_born_population,acs_5_year_estimate,foreign_born_country_of_birth_asia_western_asia_saudi_arabia,Asia > Western Asia,Estimate!!Total!!Asia!!Western Asia!!Saudi Arabia,B05006,B05006_084E,B05006: PLACE OF BIRTH FOR THE FOREIGN-BORN POPULATION IN THE UNITED STATES,BC-2010-084,2006-2010 ACS 5-Year Detailed Tables,https://api.census.gov/data/2010/acs/acs5/groups/B05006.html,bergen_county_2010_acs_B05006_B05007.csv,api_response_and_metadata_validated,source_period=2006-2010; geoid=05000US34003; margin_of_error=75; 2006-2010 ACS 5-year period estimate; sample-based. MOE is Census-published margin of error.
2010,2006-2010,Bergen County,Singapore,country_or_area,South Eastern Asia,2,122,71,persons,foreign_born_population,acs_5_year_estimate,foreign_born_country_of_birth_asia_south_eastern_asia_singapore,Asia > South Eastern Asia,Estimate!!Total!!Asia!!South Eastern Asia!!Singapore,B05006,B05006_074E,B05006: PLACE OF BIRTH FOR THE FOREIGN-BORN POPULATION IN THE UNITED STATES,BC-2010-074,2006-2010 ACS 5-Year Detailed Tables,https://api.census.gov/data/2010/acs/acs5/groups/B05006.html,bergen_county_2010_acs_B05006_B05007.csv,api_response_and_metadata_validated,source_period=2006-2010; geoid=05000US34003; margin_of_error=71; 2006-2010 ACS 5-year period estimate; sample-based. MOE is Census-published margin of error.
2010,2006-2010,Bergen County,Sri Lanka,country_or_area,South Central Asia,2,131,92,persons,foreign_born_population,acs_5_year_estimate,foreign_born_country_of_birth_asia_south_central_asia_sri_lanka,Asia > South Central Asia,Estimate!!Total!!Asia!!South Central Asia!!Sri Lanka,B05006,B05006_064E,B05006: PLACE OF BIRTH FOR THE FOREIGN-BORN POPULATION IN THE UNITED STATES,BC-2010-064,2006-2010 ACS 5-Year Detailed Tables,https://api.census.gov/data/2010/acs/acs5/groups/B05006.html,bergen_county_2010_acs_B05006_B05007.csv,api_response_and_metadata_validated,source_period=2006-2010; geoid=05000US34003; margin_of_error=92; 2006-2010 ACS 5-year period estimate; sample-based. MOE is Census-published margin of error.
2010,2006-2010,Bergen County,Syria,country_or_area,Western Asia,2,2074,547,persons,foreign_born_population,acs_5_year_estimate,foreign_born_country_of_birth_syria,Asia > Western Asia,Estimate!!Total!!Asia!!Western Asia!!Syria,B05006,B05006_085E,B05006: PLACE OF BIRTH FOR THE FOREIGN-BORN POPULATION IN THE UNITED STATES,BC-2010-085,2006-2010 ACS 5-Year Detailed Tables,https://api.census.gov/data/2010/acs/acs5/groups/B05006.html,bergen_county_2010_acs_B05006_B05007.csv,api_response_and_metadata_validated,source_period=2006-2010; geoid=05000US34003; margin_of_error=547; 2006-2010 ACS 5-year period estimate; sample-based. MOE is Census-published margin of error.
2010,2006-2010,Bergen County,Thailand,country_or_area,South Eastern Asia,2,343,184,persons,foreign_born_population,acs_5_year_estimate,foreign_born_country_of_birth_thailand,Asia > South Eastern Asia,Estimate!!Total!!Asia!!South Eastern Asia!!Thailand,B05006,B05006_075E,B05006: PLACE OF BIRTH FOR THE FOREIGN-BORN POPULATION IN THE UNITED STATES,BC-2010-075,2006-2010 ACS 5-Year Detailed Tables,https://api.census.gov/data/2010/acs/acs5/groups/B05006.html,bergen_county_2010_acs_B05006_B05007.csv,api_response_and_metadata_validated,source_period=2006-2010; geoid=05000US34003; margin_of_error=184; 2006-2010 ACS 5-year period estimate; sample-based. MOE is Census-published margin of error.
2010,2006-2010,Bergen County,Turkey,country_or_area,Western Asia,2,3346,551,persons,foreign_born_population,acs_5_year_estimate,foreign_born_country_of_birth_turkey,Asia > Western Asia,Estimate!!Total!!Asia!!Western Asia!!Turkey,B05006,B05006_087E,B05006: PLACE OF BIRTH FOR THE FOREIGN-BORN POPULATION IN THE UNITED STATES,BC-2010-087,2006-2010 ACS 5-Year Detailed Tables,https://api.census.gov/data/2010/acs/acs5/groups/B05006.html,bergen_county_2010_acs_B05006_B05007.csv,api_response_and_metadata_validated,source_period=2006-2010; geoid=05000US34003; margin_of_error=551; 2006-2010 ACS 5-year period estimate; sample-based. MOE is Census-published margin of error.
2010,2006-2010,Bergen County,Uzbekistan,country_or_area,South Central Asia,2,143,88,persons,foreign_born_population,acs_5_year_estimate,foreign_born_country_of_birth_asia_south_central_asia_uzbekistan,Asia > South Central Asia,Estimate!!Total!!Asia!!South Central Asia!!Uzbekistan,B05006,B05006_065E,B05006: PLACE OF BIRTH FOR THE FOREIGN-BORN POPULATION IN THE UNITED STATES,BC-2010-065,2006-2010 ACS 5-Year Detailed Tables,https://api.census.gov/data/2010/acs/acs5/groups/B05006.html,bergen_county_2010_acs_B05006_B05007.csv,api_response_and_metadata_validated,source_period=2006-2010; geoid=05000US34003; margin_of_error=88; 2006-2010 ACS 5-year period estimate; sample-based. MOE is Census-published margin of error.
2010,2006-2010,Bergen County,Vietnam,country_or_area,South Eastern Asia,2,850,392,persons,foreign_born_population,acs_5_year_estimate,foreign_born_country_of_birth_vietnam,Asia > South Eastern Asia,Estimate!!Total!!Asia!!South Eastern Asia!!Vietnam,B05006,B05006_076E,B05006: PLACE OF BIRTH FOR THE FOREIGN-BORN POPULATION IN THE UNITED STATES,BC-2010-076,2006-2010 ACS 5-Year Detailed Tables,https://api.census.gov/data/2010/acs/acs5/groups/B05006.html,bergen_county_2010_acs_B05006_B05007.csv,api_response_and_metadata_validated,source_period=2006-2010; geoid=05000US34003; margin_of_error=392; 2006-2010 ACS 5-year period estimate; sample-based. MOE is Census-published margin of error.
2010,2006-2010,Bergen County,Yemen,country_or_area,Western Asia,2,57,91,persons,foreign_born_population,acs_5_year_estimate,foreign_born_country_of_birth_asia_western_asia_yemen,Asia > Western Asia,Estimate!!Total!!Asia!!Western Asia!!Yemen,B05006,B05006_086E,B05006: PLACE OF BIRTH FOR THE FOREIGN-BORN POPULATION IN THE UNITED STATES,BC-2010-086,2006-2010 ACS 5-Year Detailed Tables,https://api.census.gov/data/2010/acs/acs5/groups/B05006.html,bergen_county_2010_acs_B05006_B05007.csv,api_response_and_metadata_validated,source_period=2006-2010; geoid=05000US34003; margin_of_error=91; 2006-2010 ACS 5-year period estimate; sample-based. MOE is Census-published margin of error.
2010,2006-2010,Bergen County,Other Eastern Asia,residual_category,Eastern Asia,2,0,123,persons,foreign_born_population,acs_5_year_estimate,foreign_born_country_of_birth_asia_eastern_asia_other_eastern_asia,Asia > Eastern Asia,Estimate!!Total!!Asia!!Eastern Asia!!Other Eastern Asia,B05006,B05006_055E,B05006: PLACE OF BIRTH FOR THE FOREIGN-BORN POPULATION IN THE UNITED STATES,BC-2010-055,2006-2010 ACS 5-Year Detailed Tables,https://api.census.gov/data/2010/acs/acs5/groups/B05006.html,bergen_county_2010_acs_B05006_B05007.csv,api_response_and_metadata_validated,source_period=2006-2010; geoid=05000US34003; margin_of_error=123; 2006-2010 ACS 5-year period estimate; sample-based. MOE is Census-published margin of error.
2010,2006-2010,Bergen County,Other South Central Asia,residual_category,South Central Asia,2,82,84,persons,foreign_born_population,acs_5_year_estimate,foreign_born_country_of_birth_asia_south_central_asia_other_south_central_asia,Asia > South Central Asia,Estimate!!Total!!Asia!!South Central Asia!!Other South Central Asia,B05006,B05006_066E,B05006: PLACE OF BIRTH FOR THE FOREIGN-BORN POPULATION IN THE UNITED STATES,BC-2010-066,2006-2010 ACS 5-Year Detailed Tables,https://api.census.gov/data/2010/acs/acs5/groups/B05006.html,bergen_county_2010_acs_B05006_B05007.csv,api_response_and_metadata_validated,source_period=2006-2010; geoid=05000US34003; margin_of_error=84; 2006-2010 ACS 5-year period estimate; sample-based. MOE is Census-published margin of error.
2010,2006-2010,Bergen County,Other South Eastern Asia,residual_category,South Eastern Asia,2,11,19,persons,foreign_born_population,acs_5_year_estimate,foreign_born_country_of_birth_asia_south_eastern_asia_other_south_eastern_asia,Asia > South Eastern Asia,Estimate!!Total!!Asia!!South Eastern Asia!!Other South Eastern Asia,B05006,B05006_077E,B05006: PLACE OF BIRTH FOR THE FOREIGN-BORN POPULATION IN THE UNITED STATES,BC-2010-077,2006-2010 ACS 5-Year Detailed Tables,https://api.census.gov/data/2010/acs/acs5/groups/B05006.html,bergen_county_2010_acs_B05006_B05007.csv,api_response_and_metadata_validated,source_period=2006-2010; geoid=05000US34003; margin_of_error=19; 2006-2010 ACS 5-year period estimate; sample-based. MOE is Census-published margin of error.
2010,2006-2010,Bergen County,Other Western Asia,residual_category,Western Asia,2,660,238,persons,foreign_born_population,acs_5_year_estimate,foreign_born_country_of_birth_asia_western_asia_other_western_asia,Asia > Western Asia,Estimate!!Total!!Asia!!Western Asia!!Other Western Asia,B05006,B05006_089E,B05006: PLACE OF BIRTH FOR THE FOREIGN-BORN POPULATION IN THE UNITED STATES,BC-2010-089,2006-2010 ACS 5-Year Detailed Tables,https://api.census.gov/data/2010/acs/acs5/groups/B05006.html,bergen_county_2010_acs_B05006_B05007.csv,api_response_and_metadata_validated,source_period=2006-2010; geoid=05000US34003; margin_of_error=238; 2006-2010 ACS 5-year period estimate; sample-based. MOE is Census-published margin of error.
2010,2006-2010,Bergen County,"China, excluding Hong Kong and Taiwan",country_component,Eastern Asia,3,6896,733,persons,foreign_born_population,acs_5_year_estimate,foreign_born_country_of_birth_asia_eastern_asia_china_china_excluding_hong_kong_and_taiwan,Asia > Eastern Asia > China,"Estimate!!Total!!Asia!!Eastern Asia!!China!!China, excluding Hong Kong and Taiwan",B05006,B05006_050E,B05006: PLACE OF BIRTH FOR THE FOREIGN-BORN POPULATION IN THE UNITED STATES,BC-2010-050,2006-2010 ACS 5-Year Detailed Tables,https://api.census.gov/data/2010/acs/acs5/groups/B05006.html,bergen_county_2010_acs_B05006_B05007.csv,api_response_and_metadata_validated,source_period=2006-2010; geoid=05000US34003; margin_of_error=733; 2006-2010 ACS 5-year period estimate; sample-based. MOE is Census-published margin of error.
2010,2006-2010,Bergen County,Hong Kong,country_component,Eastern Asia,3,958,204,persons,foreign_born_population,acs_5_year_estimate,foreign_born_country_of_birth_hong_kong,Asia > Eastern Asia > China,Estimate!!Total!!Asia!!Eastern Asia!!China!!Hong Kong,B05006,B05006_051E,B05006: PLACE OF BIRTH FOR THE FOREIGN-BORN POPULATION IN THE UNITED STATES,BC-2010-051,2006-2010 ACS 5-Year Detailed Tables,https://api.census.gov/data/2010/acs/acs5/groups/B05006.html,bergen_county_2010_acs_B05006_B05007.csv,api_response_and_metadata_validated,source_period=2006-2010; geoid=05000US34003; margin_of_error=204; 2006-2010 ACS 5-year period estimate; sample-based. MOE is Census-published margin of error.
2010,2006-2010,Bergen County,Taiwan,country_component,Eastern Asia,3,2524,484,persons,foreign_born_population,acs_5_year_estimate,foreign_born_country_of_birth_taiwan,Asia > Eastern Asia > China,Estimate!!Total!!Asia!!Eastern Asia!!China!!Taiwan,B05006,B05006_052E,B05006: PLACE OF BIRTH FOR THE FOREIGN-BORN POPULATION IN THE UNITED STATES,BC-2010-052,2006-2010 ACS 5-Year Detailed Tables,https://api.census.gov/data/2010/acs/acs5/groups/B05006.html,bergen_county_2010_acs_B05006_B05007.csv,api_response_and_metadata_validated,source_period=2006-2010; geoid=05000US34003; margin_of_error=484; 2006-2010 ACS 5-year period estimate; sample-based. MOE is Census-published margin of error.
2020,2016-2020,Bergen County,Asia,region_total,,0,122110,1983,persons,foreign_born_population,acs_5_year_estimate,foreign_born_country_of_birth_asia,,Estimate!!Total:!!Asia:,B05006,B05006_047E,B05006: PLACE OF BIRTH FOR THE FOREIGN-BORN POPULATION IN THE UNITED STATES,BC-2020-047,2016-2020 ACS 5-Year Estimates,https://api.census.gov/data/2020/acs/acs5/groups/B05006.html,bergen_county_2020_acs_immigration_cleaned.csv,retrieved_and_moe_matched,source_period=2016-2020; geoid=05000US34003; margin_of_error=1983; estimate_annotation=none; moe_annotation=none; 2016–2020 ACS 5-Year estimate; sample-based period estimate.
2020,2016-2020,Bergen County,Eastern Asia,subregion_total,Eastern Asia,1,60757,1926,persons,foreign_born_population,acs_5_year_estimate,foreign_born_country_of_birth_asia_eastern_asia,Asia,Estimate!!Total:!!Asia:!!Eastern Asia:,B05006,B05006_048E,B05006: PLACE OF BIRTH FOR THE FOREIGN-BORN POPULATION IN THE UNITED STATES,BC-2020-048,2016-2020 ACS 5-Year Estimates,https://api.census.gov/data/2020/acs/acs5/groups/B05006.html,bergen_county_2020_acs_immigration_cleaned.csv,retrieved_and_moe_matched,source_period=2016-2020; geoid=05000US34003; margin_of_error=1926; estimate_annotation=none; moe_annotation=none; 2016–2020 ACS 5-Year estimate; sample-based period estimate.
2020,2016-2020,Bergen County,South Central Asia,subregion_total,South Central Asia,1,26559,1691,persons,foreign_born_population,acs_5_year_estimate,foreign_born_country_of_birth_asia_south_central_asia,Asia,Estimate!!Total:!!Asia:!!South Central Asia:,B05006,B05006_056E,B05006: PLACE OF BIRTH FOR THE FOREIGN-BORN POPULATION IN THE UNITED STATES,BC-2020-056,2016-2020 ACS 5-Year Estimates,https://api.census.gov/data/2020/acs/acs5/groups/B05006.html,bergen_county_2020_acs_immigration_cleaned.csv,retrieved_and_moe_matched,source_period=2016-2020; geoid=05000US34003; margin_of_error=1691; estimate_annotation=none; moe_annotation=none; 2016–2020 ACS 5-Year estimate; sample-based period estimate.
2020,2016-2020,Bergen County,South Eastern Asia,subregion_total,South Eastern Asia,1,19661,1818,persons,foreign_born_population,acs_5_year_estimate,foreign_born_country_of_birth_asia_south_eastern_asia,Asia,Estimate!!Total:!!Asia:!!South Eastern Asia:,B05006,B05006_067E,B05006: PLACE OF BIRTH FOR THE FOREIGN-BORN POPULATION IN THE UNITED STATES,BC-2020-067,2016-2020 ACS 5-Year Estimates,https://api.census.gov/data/2020/acs/acs5/groups/B05006.html,bergen_county_2020_acs_immigration_cleaned.csv,retrieved_and_moe_matched,source_period=2016-2020; geoid=05000US34003; margin_of_error=1818; estimate_annotation=none; moe_annotation=none; 2016–2020 ACS 5-Year estimate; sample-based period estimate.
2020,2016-2020,Bergen County,Western Asia,subregion_total,Western Asia,1,14728,1292,persons,foreign_born_population,acs_5_year_estimate,foreign_born_country_of_birth_asia_western_asia,Asia,Estimate!!Total:!!Asia:!!Western Asia:,B05006,B05006_078E,B05006: PLACE OF BIRTH FOR THE FOREIGN-BORN POPULATION IN THE UNITED STATES,BC-2020-078,2016-2020 ACS 5-Year Estimates,https://api.census.gov/data/2020/acs/acs5/groups/B05006.html,bergen_county_2020_acs_immigration_cleaned.csv,retrieved_and_moe_matched,source_period=2016-2020; geoid=05000US34003; margin_of_error=1292; estimate_annotation=none; moe_annotation=none; 2016–2020 ACS 5-Year estimate; sample-based period estimate.
2020,2016-2020,Bergen County,"Asia, n.e.c.",residual_category,,1,405,208,persons,foreign_born_population,acs_5_year_estimate,foreign_born_country_of_birth_asia_asia_n_e_c,Asia,"Estimate!!Total:!!Asia:!!Asia, n.e.c.",B05006,B05006_090E,B05006: PLACE OF BIRTH FOR THE FOREIGN-BORN POPULATION IN THE UNITED STATES,BC-2020-090,2016-2020 ACS 5-Year Estimates,https://api.census.gov/data/2020/acs/acs5/groups/B05006.html,bergen_county_2020_acs_immigration_cleaned.csv,retrieved_and_moe_matched,source_period=2016-2020; geoid=05000US34003; margin_of_error=208; estimate_annotation=none; moe_annotation=none; 2016–2020 ACS 5-Year estimate; sample-based period estimate.
2020,2016-2020,Bergen County,Afghanistan,country_or_area,South Central Asia,2,414,201,persons,foreign_born_population,acs_5_year_estimate,foreign_born_country_of_birth_afghanistan,Asia > South Central Asia,Estimate!!Total:!!Asia:!!South Central Asia:!!Afghanistan,B05006,B05006_057E,B05006: PLACE OF BIRTH FOR THE FOREIGN-BORN POPULATION IN THE UNITED STATES,BC-2020-057,2016-2020 ACS 5-Year Estimates,https://api.census.gov/data/2020/acs/acs5/groups/B05006.html,bergen_county_2020_acs_immigration_cleaned.csv,retrieved_and_moe_matched,source_period=2016-2020; geoid=05000US34003; margin_of_error=201; estimate_annotation=none; moe_annotation=none; 2016–2020 ACS 5-Year estimate; sample-based period estimate.
2020,2016-2020,Bergen County,Armenia,country_or_area,Western Asia,2,523,174,persons,foreign_born_population,acs_5_year_estimate,foreign_born_country_of_birth_asia_western_asia_armenia,Asia > Western Asia,Estimate!!Total:!!Asia:!!Western Asia:!!Armenia,B05006,B05006_079E,B05006: PLACE OF BIRTH FOR THE FOREIGN-BORN POPULATION IN THE UNITED STATES,BC-2020-079,2016-2020 ACS 5-Year Estimates,https://api.census.gov/data/2020/acs/acs5/groups/B05006.html,bergen_county_2020_acs_immigration_cleaned.csv,retrieved_and_moe_matched,source_period=2016-2020; geoid=05000US34003; margin_of_error=174; estimate_annotation=none; moe_annotation=none; 2016–2020 ACS 5-Year estimate; sample-based period estimate.
2020,2016-2020,Bergen County,Bangladesh,country_or_area,South Central Asia,2,345,212,persons,foreign_born_population,acs_5_year_estimate,foreign_born_country_of_birth_asia_south_central_asia_bangladesh,Asia > South Central Asia,Estimate!!Total:!!Asia:!!South Central Asia:!!Bangladesh,B05006,B05006_058E,B05006: PLACE OF BIRTH FOR THE FOREIGN-BORN POPULATION IN THE UNITED STATES,BC-2020-058,2016-2020 ACS 5-Year Estimates,https://api.census.gov/data/2020/acs/acs5/groups/B05006.html,bergen_county_2020_acs_immigration_cleaned.csv,retrieved_and_moe_matched,source_period=2016-2020; geoid=05000US34003; margin_of_error=212; estimate_annotation=none; moe_annotation=none; 2016–2020 ACS 5-Year estimate; sample-based period estimate.
2020,2016-2020,Bergen County,Burma,country_or_area,South Eastern Asia,2,269,217,persons,foreign_born_population,acs_5_year_estimate,foreign_born_country_of_birth_asia_south_eastern_asia_burma,Asia > South Eastern Asia,Estimate!!Total:!!Asia:!!South Eastern Asia:!!Burma,B05006,B05006_068E,B05006: PLACE OF BIRTH FOR THE FOREIGN-BORN POPULATION IN THE UNITED STATES,BC-2020-068,2016-2020 ACS 5-Year Estimates,https://api.census.gov/data/2020/acs/acs5/groups/B05006.html,bergen_county_2020_acs_immigration_cleaned.csv,retrieved_and_moe_matched,source_period=2016-2020; geoid=05000US34003; margin_of_error=217; estimate_annotation=none; moe_annotation=none; 2016–2020 ACS 5-Year estimate; sample-based period estimate.
2020,2016-2020,Bergen County,Cambodia,country_or_area,South Eastern Asia,2,78,62,persons,foreign_born_population,acs_5_year_estimate,foreign_born_country_of_birth_cambodia,Asia > South Eastern Asia,Estimate!!Total:!!Asia:!!South Eastern Asia:!!Cambodia,B05006,B05006_069E,B05006: PLACE OF BIRTH FOR THE FOREIGN-BORN POPULATION IN THE UNITED STATES,BC-2020-069,2016-2020 ACS 5-Year Estimates,https://api.census.gov/data/2020/acs/acs5/groups/B05006.html,bergen_county_2020_acs_immigration_cleaned.csv,retrieved_and_moe_matched,source_period=2016-2020; geoid=05000US34003; margin_of_error=62; estimate_annotation=none; moe_annotation=none; 2016–2020 ACS 5-Year estimate; sample-based period estimate.
2020,2016-2020,Bergen County,China,country_or_area,Eastern Asia,2,14316,1199,persons,foreign_born_population,acs_5_year_estimate,foreign_born_country_of_birth_china,Asia > Eastern Asia,Estimate!!Total:!!Asia:!!Eastern Asia:!!China:,B05006,B05006_049E,B05006: PLACE OF BIRTH FOR THE FOREIGN-BORN POPULATION IN THE UNITED STATES,BC-2020-049,2016-2020 ACS 5-Year Estimates,https://api.census.gov/data/2020/acs/acs5/groups/B05006.html,bergen_county_2020_acs_immigration_cleaned.csv,retrieved_and_moe_matched,source_period=2016-2020; geoid=05000US34003; margin_of_error=1199; estimate_annotation=none; moe_annotation=none; 2016–2020 ACS 5-Year estimate; sample-based period estimate.
2020,2016-2020,Bergen County,India,country_or_area,South Central Asia,2,21073,1520,persons,foreign_born_population,acs_5_year_estimate,foreign_born_country_of_birth_india,Asia > South Central Asia,Estimate!!Total:!!Asia:!!South Central Asia:!!India,B05006,B05006_059E,B05006: PLACE OF BIRTH FOR THE FOREIGN-BORN POPULATION IN THE UNITED STATES,BC-2020-059,2016-2020 ACS 5-Year Estimates,https://api.census.gov/data/2020/acs/acs5/groups/B05006.html,bergen_county_2020_acs_immigration_cleaned.csv,retrieved_and_moe_matched,source_period=2016-2020; geoid=05000US34003; margin_of_error=1520; estimate_annotation=none; moe_annotation=none; 2016–2020 ACS 5-Year estimate; sample-based period estimate.
2020,2016-2020,Bergen County,Indonesia,country_or_area,South Eastern Asia,2,215,126,persons,foreign_born_population,acs_5_year_estimate,foreign_born_country_of_birth_indonesia,Asia > South Eastern Asia,Estimate!!Total:!!Asia:!!South Eastern Asia:!!Indonesia,B05006,B05006_070E,B05006: PLACE OF BIRTH FOR THE FOREIGN-BORN POPULATION IN THE UNITED STATES,BC-2020-070,2016-2020 ACS 5-Year Estimates,https://api.census.gov/data/2020/acs/acs5/groups/B05006.html,bergen_county_2020_acs_immigration_cleaned.csv,retrieved_and_moe_matched,source_period=2016-2020; geoid=05000US34003; margin_of_error=126; estimate_annotation=none; moe_annotation=none; 2016–2020 ACS 5-Year estimate; sample-based period estimate.
2020,2016-2020,Bergen County,Iran,country_or_area,South Central Asia,2,1251,317,persons,foreign_born_population,acs_5_year_estimate,foreign_born_country_of_birth_iran,Asia > South Central Asia,Estimate!!Total:!!Asia:!!South Central Asia:!!Iran,B05006,B05006_060E,B05006: PLACE OF BIRTH FOR THE FOREIGN-BORN POPULATION IN THE UNITED STATES,BC-2020-060,2016-2020 ACS 5-Year Estimates,https://api.census.gov/data/2020/acs/acs5/groups/B05006.html,bergen_county_2020_acs_immigration_cleaned.csv,retrieved_and_moe_matched,source_period=2016-2020; geoid=05000US34003; margin_of_error=317; estimate_annotation=none; moe_annotation=none; 2016–2020 ACS 5-Year estimate; sample-based period estimate.
2020,2016-2020,Bergen County,Iraq,country_or_area,Western Asia,2,431,198,persons,foreign_born_population,acs_5_year_estimate,foreign_born_country_of_birth_iraq,Asia > Western Asia,Estimate!!Total:!!Asia:!!Western Asia:!!Iraq,B05006,B05006_080E,B05006: PLACE OF BIRTH FOR THE FOREIGN-BORN POPULATION IN THE UNITED STATES,BC-2020-080,2016-2020 ACS 5-Year Estimates,https://api.census.gov/data/2020/acs/acs5/groups/B05006.html,bergen_county_2020_acs_immigration_cleaned.csv,retrieved_and_moe_matched,source_period=2016-2020; geoid=05000US34003; margin_of_error=198; estimate_annotation=none; moe_annotation=none; 2016–2020 ACS 5-Year estimate; sample-based period estimate.
2020,2016-2020,Bergen County,Israel,country_or_area,Western Asia,2,3440,502,persons,foreign_born_population,acs_5_year_estimate,foreign_born_country_of_birth_israel,Asia > Western Asia,Estimate!!Total:!!Asia:!!Western Asia:!!Israel,B05006,B05006_081E,B05006: PLACE OF BIRTH FOR THE FOREIGN-BORN POPULATION IN THE UNITED STATES,BC-2020-081,2016-2020 ACS 5-Year Estimates,https://api.census.gov/data/2020/acs/acs5/groups/B05006.html,bergen_county_2020_acs_immigration_cleaned.csv,retrieved_and_moe_matched,source_period=2016-2020; geoid=05000US34003; margin_of_error=502; estimate_annotation=none; moe_annotation=none; 2016–2020 ACS 5-Year estimate; sample-based period estimate.
2020,2016-2020,Bergen County,Japan,country_or_area,Eastern Asia,2,3908,628,persons,foreign_born_population,acs_5_year_estimate,foreign_born_country_of_birth_japan,Asia > Eastern Asia,Estimate!!Total:!!Asia:!!Eastern Asia:!!Japan,B05006,B05006_053E,B05006: PLACE OF BIRTH FOR THE FOREIGN-BORN POPULATION IN THE UNITED STATES,BC-2020-053,2016-2020 ACS 5-Year Estimates,https://api.census.gov/data/2020/acs/acs5/groups/B05006.html,bergen_county_2020_acs_immigration_cleaned.csv,retrieved_and_moe_matched,source_period=2016-2020; geoid=05000US34003; margin_of_error=628; estimate_annotation=none; moe_annotation=none; 2016–2020 ACS 5-Year estimate; sample-based period estimate.
2020,2016-2020,Bergen County,Jordan,country_or_area,Western Asia,2,867,322,persons,foreign_born_population,acs_5_year_estimate,foreign_born_country_of_birth_jordan,Asia > Western Asia,Estimate!!Total:!!Asia:!!Western Asia:!!Jordan,B05006,B05006_082E,B05006: PLACE OF BIRTH FOR THE FOREIGN-BORN POPULATION IN THE UNITED STATES,BC-2020-082,2016-2020 ACS 5-Year Estimates,https://api.census.gov/data/2020/acs/acs5/groups/B05006.html,bergen_county_2020_acs_immigration_cleaned.csv,retrieved_and_moe_matched,source_period=2016-2020; geoid=05000US34003; margin_of_error=322; estimate_annotation=none; moe_annotation=none; 2016–2020 ACS 5-Year estimate; sample-based period estimate.
2020,2016-2020,Bergen County,Kazakhstan,country_or_area,South Central Asia,2,101,97,persons,foreign_born_population,acs_5_year_estimate,foreign_born_country_of_birth_asia_south_central_asia_kazakhstan,Asia > South Central Asia,Estimate!!Total:!!Asia:!!South Central Asia:!!Kazakhstan,B05006,B05006_061E,B05006: PLACE OF BIRTH FOR THE FOREIGN-BORN POPULATION IN THE UNITED STATES,BC-2020-061,2016-2020 ACS 5-Year Estimates,https://api.census.gov/data/2020/acs/acs5/groups/B05006.html,bergen_county_2020_acs_immigration_cleaned.csv,retrieved_and_moe_matched,source_period=2016-2020; geoid=05000US34003; margin_of_error=97; estimate_annotation=none; moe_annotation=none; 2016–2020 ACS 5-Year estimate; sample-based period estimate.
2020,2016-2020,Bergen County,Korea,country_or_area,Eastern Asia,2,42533,1968,persons,foreign_born_population,acs_5_year_estimate,foreign_born_country_of_birth_korea,Asia > Eastern Asia,Estimate!!Total:!!Asia:!!Eastern Asia:!!Korea,B05006,B05006_054E,B05006: PLACE OF BIRTH FOR THE FOREIGN-BORN POPULATION IN THE UNITED STATES,BC-2020-054,2016-2020 ACS 5-Year Estimates,https://api.census.gov/data/2020/acs/acs5/groups/B05006.html,bergen_county_2020_acs_immigration_cleaned.csv,retrieved_and_moe_matched,source_period=2016-2020; geoid=05000US34003; margin_of_error=1968; estimate_annotation=none; moe_annotation=none; 2016–2020 ACS 5-Year estimate; sample-based period estimate.
2020,2016-2020,Bergen County,Kuwait,country_or_area,Western Asia,2,407,228,persons,foreign_born_population,acs_5_year_estimate,foreign_born_country_of_birth_asia_western_asia_kuwait,Asia > Western Asia,Estimate!!Total:!!Asia:!!Western Asia:!!Kuwait,B05006,B05006_083E,B05006: PLACE OF BIRTH FOR THE FOREIGN-BORN POPULATION IN THE UNITED STATES,BC-2020-083,2016-2020 ACS 5-Year Estimates,https://api.census.gov/data/2020/acs/acs5/groups/B05006.html,bergen_county_2020_acs_immigration_cleaned.csv,retrieved_and_moe_matched,source_period=2016-2020; geoid=05000US34003; margin_of_error=228; estimate_annotation=none; moe_annotation=none; 2016–2020 ACS 5-Year estimate; sample-based period estimate.
2020,2016-2020,Bergen County,Laos,country_or_area,South Eastern Asia,2,14,23,persons,foreign_born_population,acs_5_year_estimate,foreign_born_country_of_birth_laos,Asia > South Eastern Asia,Estimate!!Total:!!Asia:!!South Eastern Asia:!!Laos,B05006,B05006_071E,B05006: PLACE OF BIRTH FOR THE FOREIGN-BORN POPULATION IN THE UNITED STATES,BC-2020-071,2016-2020 ACS 5-Year Estimates,https://api.census.gov/data/2020/acs/acs5/groups/B05006.html,bergen_county_2020_acs_immigration_cleaned.csv,retrieved_and_moe_matched,source_period=2016-2020; geoid=05000US34003; margin_of_error=23; estimate_annotation=none; moe_annotation=none; 2016–2020 ACS 5-Year estimate; sample-based period estimate.
2020,2016-2020,Bergen County,Lebanon,country_or_area,Western Asia,2,1278,356,persons,foreign_born_population,acs_5_year_estimate,foreign_born_country_of_birth_lebanon,Asia > Western Asia,Estimate!!Total:!!Asia:!!Western Asia:!!Lebanon,B05006,B05006_084E,B05006: PLACE OF BIRTH FOR THE FOREIGN-BORN POPULATION IN THE UNITED STATES,BC-2020-084,2016-2020 ACS 5-Year Estimates,https://api.census.gov/data/2020/acs/acs5/groups/B05006.html,bergen_county_2020_acs_immigration_cleaned.csv,retrieved_and_moe_matched,source_period=2016-2020; geoid=05000US34003; margin_of_error=356; estimate_annotation=none; moe_annotation=none; 2016–2020 ACS 5-Year estimate; sample-based period estimate.
2020,2016-2020,Bergen County,Malaysia,country_or_area,South Eastern Asia,2,497,246,persons,foreign_born_population,acs_5_year_estimate,foreign_born_country_of_birth_malaysia,Asia > South Eastern Asia,Estimate!!Total:!!Asia:!!South Eastern Asia:!!Malaysia,B05006,B05006_072E,B05006: PLACE OF BIRTH FOR THE FOREIGN-BORN POPULATION IN THE UNITED STATES,BC-2020-072,2016-2020 ACS 5-Year Estimates,https://api.census.gov/data/2020/acs/acs5/groups/B05006.html,bergen_county_2020_acs_immigration_cleaned.csv,retrieved_and_moe_matched,source_period=2016-2020; geoid=05000US34003; margin_of_error=246; estimate_annotation=none; moe_annotation=none; 2016–2020 ACS 5-Year estimate; sample-based period estimate.
2020,2016-2020,Bergen County,Nepal,country_or_area,South Central Asia,2,216,106,persons,foreign_born_population,acs_5_year_estimate,foreign_born_country_of_birth_asia_south_central_asia_nepal,Asia > South Central Asia,Estimate!!Total:!!Asia:!!South Central Asia:!!Nepal,B05006,B05006_062E,B05006: PLACE OF BIRTH FOR THE FOREIGN-BORN POPULATION IN THE UNITED STATES,BC-2020-062,2016-2020 ACS 5-Year Estimates,https://api.census.gov/data/2020/acs/acs5/groups/B05006.html,bergen_county_2020_acs_immigration_cleaned.csv,retrieved_and_moe_matched,source_period=2016-2020; geoid=05000US34003; margin_of_error=106; estimate_annotation=none; moe_annotation=none; 2016–2020 ACS 5-Year estimate; sample-based period estimate.
2020,2016-2020,Bergen County,Pakistan,country_or_area,South Central Asia,2,2448,530,persons,foreign_born_population,acs_5_year_estimate,foreign_born_country_of_birth_pakistan,Asia > South Central Asia,Estimate!!Total:!!Asia:!!South Central Asia:!!Pakistan,B05006,B05006_063E,B05006: PLACE OF BIRTH FOR THE FOREIGN-BORN POPULATION IN THE UNITED STATES,BC-2020-063,2016-2020 ACS 5-Year Estimates,https://api.census.gov/data/2020/acs/acs5/groups/B05006.html,bergen_county_2020_acs_immigration_cleaned.csv,retrieved_and_moe_matched,source_period=2016-2020; geoid=05000US34003; margin_of_error=530; estimate_annotation=none; moe_annotation=none; 2016–2020 ACS 5-Year estimate; sample-based period estimate.
2020,2016-2020,Bergen County,Philippines,country_or_area,South Eastern Asia,2,16890,1747,persons,foreign_born_population,acs_5_year_estimate,foreign_born_country_of_birth_philippines,Asia > South Eastern Asia,Estimate!!Total:!!Asia:!!South Eastern Asia:!!Philippines,B05006,B05006_073E,B05006: PLACE OF BIRTH FOR THE FOREIGN-BORN POPULATION IN THE UNITED STATES,BC-2020-073,2016-2020 ACS 5-Year Estimates,https://api.census.gov/data/2020/acs/acs5/groups/B05006.html,bergen_county_2020_acs_immigration_cleaned.csv,retrieved_and_moe_matched,source_period=2016-2020; geoid=05000US34003; margin_of_error=1747; estimate_annotation=none; moe_annotation=none; 2016–2020 ACS 5-Year estimate; sample-based period estimate.
2020,2016-2020,Bergen County,Saudi Arabia,country_or_area,Western Asia,2,249,154,persons,foreign_born_population,acs_5_year_estimate,foreign_born_country_of_birth_asia_western_asia_saudi_arabia,Asia > Western Asia,Estimate!!Total:!!Asia:!!Western Asia:!!Saudi Arabia,B05006,B05006_085E,B05006: PLACE OF BIRTH FOR THE FOREIGN-BORN POPULATION IN THE UNITED STATES,BC-2020-085,2016-2020 ACS 5-Year Estimates,https://api.census.gov/data/2020/acs/acs5/groups/B05006.html,bergen_county_2020_acs_immigration_cleaned.csv,retrieved_and_moe_matched,source_period=2016-2020; geoid=05000US34003; margin_of_error=154; estimate_annotation=none; moe_annotation=none; 2016–2020 ACS 5-Year estimate; sample-based period estimate.
2020,2016-2020,Bergen County,Singapore,country_or_area,South Eastern Asia,2,218,125,persons,foreign_born_population,acs_5_year_estimate,foreign_born_country_of_birth_asia_south_eastern_asia_singapore,Asia > South Eastern Asia,Estimate!!Total:!!Asia:!!South Eastern Asia:!!Singapore,B05006,B05006_074E,B05006: PLACE OF BIRTH FOR THE FOREIGN-BORN POPULATION IN THE UNITED STATES,BC-2020-074,2016-2020 ACS 5-Year Estimates,https://api.census.gov/data/2020/acs/acs5/groups/B05006.html,bergen_county_2020_acs_immigration_cleaned.csv,retrieved_and_moe_matched,source_period=2016-2020; geoid=05000US34003; margin_of_error=125; estimate_annotation=none; moe_annotation=none; 2016–2020 ACS 5-Year estimate; sample-based period estimate.
2020,2016-2020,Bergen County,Sri Lanka,country_or_area,South Central Asia,2,249,191,persons,foreign_born_population,acs_5_year_estimate,foreign_born_country_of_birth_asia_south_central_asia_sri_lanka,Asia > South Central Asia,Estimate!!Total:!!Asia:!!South Central Asia:!!Sri Lanka,B05006,B05006_064E,B05006: PLACE OF BIRTH FOR THE FOREIGN-BORN POPULATION IN THE UNITED STATES,BC-2020-064,2016-2020 ACS 5-Year Estimates,https://api.census.gov/data/2020/acs/acs5/groups/B05006.html,bergen_county_2020_acs_immigration_cleaned.csv,retrieved_and_moe_matched,source_period=2016-2020; geoid=05000US34003; margin_of_error=191; estimate_annotation=none; moe_annotation=none; 2016–2020 ACS 5-Year estimate; sample-based period estimate.
2020,2016-2020,Bergen County,Syria,country_or_area,Western Asia,2,1832,529,persons,foreign_born_population,acs_5_year_estimate,foreign_born_country_of_birth_syria,Asia > Western Asia,Estimate!!Total:!!Asia:!!Western Asia:!!Syria,B05006,B05006_086E,B05006: PLACE OF BIRTH FOR THE FOREIGN-BORN POPULATION IN THE UNITED STATES,BC-2020-086,2016-2020 ACS 5-Year Estimates,https://api.census.gov/data/2020/acs/acs5/groups/B05006.html,bergen_county_2020_acs_immigration_cleaned.csv,retrieved_and_moe_matched,source_period=2016-2020; geoid=05000US34003; margin_of_error=529; estimate_annotation=none; moe_annotation=none; 2016–2020 ACS 5-Year estimate; sample-based period estimate.
2020,2016-2020,Bergen County,Thailand,country_or_area,South Eastern Asia,2,641,228,persons,foreign_born_population,acs_5_year_estimate,foreign_born_country_of_birth_thailand,Asia > South Eastern Asia,Estimate!!Total:!!Asia:!!South Eastern Asia:!!Thailand,B05006,B05006_075E,B05006: PLACE OF BIRTH FOR THE FOREIGN-BORN POPULATION IN THE UNITED STATES,BC-2020-075,2016-2020 ACS 5-Year Estimates,https://api.census.gov/data/2020/acs/acs5/groups/B05006.html,bergen_county_2020_acs_immigration_cleaned.csv,retrieved_and_moe_matched,source_period=2016-2020; geoid=05000US34003; margin_of_error=228; estimate_annotation=none; moe_annotation=none; 2016–2020 ACS 5-Year estimate; sample-based period estimate.
2020,2016-2020,Bergen County,Turkey,country_or_area,Western Asia,2,4550,862,persons,foreign_born_population,acs_5_year_estimate,foreign_born_country_of_birth_turkey,Asia > Western Asia,Estimate!!Total:!!Asia:!!Western Asia:!!Turkey,B05006,B05006_087E,B05006: PLACE OF BIRTH FOR THE FOREIGN-BORN POPULATION IN THE UNITED STATES,BC-2020-087,2016-2020 ACS 5-Year Estimates,https://api.census.gov/data/2020/acs/acs5/groups/B05006.html,bergen_county_2020_acs_immigration_cleaned.csv,retrieved_and_moe_matched,source_period=2016-2020; geoid=05000US34003; margin_of_error=862; estimate_annotation=none; moe_annotation=none; 2016–2020 ACS 5-Year estimate; sample-based period estimate.
2020,2016-2020,Bergen County,Uzbekistan,country_or_area,South Central Asia,2,344,198,persons,foreign_born_population,acs_5_year_estimate,foreign_born_country_of_birth_asia_south_central_asia_uzbekistan,Asia > South Central Asia,Estimate!!Total:!!Asia:!!South Central Asia:!!Uzbekistan,B05006,B05006_065E,B05006: PLACE OF BIRTH FOR THE FOREIGN-BORN POPULATION IN THE UNITED STATES,BC-2020-065,2016-2020 ACS 5-Year Estimates,https://api.census.gov/data/2020/acs/acs5/groups/B05006.html,bergen_county_2020_acs_immigration_cleaned.csv,retrieved_and_moe_matched,source_period=2016-2020; geoid=05000US34003; margin_of_error=198; estimate_annotation=none; moe_annotation=none; 2016–2020 ACS 5-Year estimate; sample-based period estimate.
2020,2016-2020,Bergen County,Vietnam,country_or_area,South Eastern Asia,2,839,244,persons,foreign_born_population,acs_5_year_estimate,foreign_born_country_of_birth_vietnam,Asia > South Eastern Asia,Estimate!!Total:!!Asia:!!South Eastern Asia:!!Vietnam,B05006,B05006_076E,B05006: PLACE OF BIRTH FOR THE FOREIGN-BORN POPULATION IN THE UNITED STATES,BC-2020-076,2016-2020 ACS 5-Year Estimates,https://api.census.gov/data/2020/acs/acs5/groups/B05006.html,bergen_county_2020_acs_immigration_cleaned.csv,retrieved_and_moe_matched,source_period=2016-2020; geoid=05000US34003; margin_of_error=244; estimate_annotation=none; moe_annotation=none; 2016–2020 ACS 5-Year estimate; sample-based period estimate.
2020,2016-2020,Bergen County,Yemen,country_or_area,Western Asia,2,118,143,persons,foreign_born_population,acs_5_year_estimate,foreign_born_country_of_birth_asia_western_asia_yemen,Asia > Western Asia,Estimate!!Total:!!Asia:!!Western Asia:!!Yemen,B05006,B05006_088E,B05006: PLACE OF BIRTH FOR THE FOREIGN-BORN POPULATION IN THE UNITED STATES,BC-2020-088,2016-2020 ACS 5-Year Estimates,https://api.census.gov/data/2020/acs/acs5/groups/B05006.html,bergen_county_2020_acs_immigration_cleaned.csv,retrieved_and_moe_matched,source_period=2016-2020; geoid=05000US34003; margin_of_error=143; estimate_annotation=none; moe_annotation=none; 2016–2020 ACS 5-Year estimate; sample-based period estimate.
2020,2016-2020,Bergen County,Other Eastern Asia,residual_category,Eastern Asia,2,0,30,persons,foreign_born_population,acs_5_year_estimate,foreign_born_country_of_birth_asia_eastern_asia_other_eastern_asia,Asia > Eastern Asia,Estimate!!Total:!!Asia:!!Eastern Asia:!!Other Eastern Asia,B05006,B05006_055E,B05006: PLACE OF BIRTH FOR THE FOREIGN-BORN POPULATION IN THE UNITED STATES,BC-2020-055,2016-2020 ACS 5-Year Estimates,https://api.census.gov/data/2020/acs/acs5/groups/B05006.html,bergen_county_2020_acs_immigration_cleaned.csv,retrieved_and_moe_matched,source_period=2016-2020; geoid=05000US34003; margin_of_error=30; estimate_annotation=none; moe_annotation=none; 2016–2020 ACS 5-Year estimate; sample-based period estimate.
2020,2016-2020,Bergen County,Other South Central Asia,residual_category,South Central Asia,2,118,106,persons,foreign_born_population,acs_5_year_estimate,foreign_born_country_of_birth_asia_south_central_asia_other_south_central_asia,Asia > South Central Asia,Estimate!!Total:!!Asia:!!South Central Asia:!!Other South Central Asia,B05006,B05006_066E,B05006: PLACE OF BIRTH FOR THE FOREIGN-BORN POPULATION IN THE UNITED STATES,BC-2020-066,2016-2020 ACS 5-Year Estimates,https://api.census.gov/data/2020/acs/acs5/groups/B05006.html,bergen_county_2020_acs_immigration_cleaned.csv,retrieved_and_moe_matched,source_period=2016-2020; geoid=05000US34003; margin_of_error=106; estimate_annotation=none; moe_annotation=none; 2016–2020 ACS 5-Year estimate; sample-based period estimate.
2020,2016-2020,Bergen County,Other South Eastern Asia,residual_category,South Eastern Asia,2,0,30,persons,foreign_born_population,acs_5_year_estimate,foreign_born_country_of_birth_asia_south_eastern_asia_other_south_eastern_asia,Asia > South Eastern Asia,Estimate!!Total:!!Asia:!!South Eastern Asia:!!Other South Eastern Asia,B05006,B05006_077E,B05006: PLACE OF BIRTH FOR THE FOREIGN-BORN POPULATION IN THE UNITED STATES,BC-2020-077,2016-2020 ACS 5-Year Estimates,https://api.census.gov/data/2020/acs/acs5/groups/B05006.html,bergen_county_2020_acs_immigration_cleaned.csv,retrieved_and_moe_matched,source_period=2016-2020; geoid=05000US34003; margin_of_error=30; estimate_annotation=none; moe_annotation=none; 2016–2020 ACS 5-Year estimate; sample-based period estimate.
2020,2016-2020,Bergen County,Other Western Asia,residual_category,Western Asia,2,1033,280,persons,foreign_born_population,acs_5_year_estimate,foreign_born_country_of_birth_asia_western_asia_other_western_asia,Asia > Western Asia,Estimate!!Total:!!Asia:!!Western Asia:!!Other Western Asia,B05006,B05006_089E,B05006: PLACE OF BIRTH FOR THE FOREIGN-BORN POPULATION IN THE UNITED STATES,BC-2020-089,2016-2020 ACS 5-Year Estimates,https://api.census.gov/data/2020/acs/acs5/groups/B05006.html,bergen_county_2020_acs_immigration_cleaned.csv,retrieved_and_moe_matched,source_period=2016-2020; geoid=05000US34003; margin_of_error=280; estimate_annotation=none; moe_annotation=none; 2016–2020 ACS 5-Year estimate; sample-based period estimate.
2020,2016-2020,Bergen County,"China, excluding Hong Kong and Taiwan",country_component,Eastern Asia,3,11402,1150,persons,foreign_born_population,acs_5_year_estimate,foreign_born_country_of_birth_asia_eastern_asia_china_china_excluding_hong_kong_and_taiwan,Asia > Eastern Asia > China,"Estimate!!Total:!!Asia:!!Eastern Asia:!!China:!!China, excluding Hong Kong and Taiwan",B05006,B05006_050E,B05006: PLACE OF BIRTH FOR THE FOREIGN-BORN POPULATION IN THE UNITED STATES,BC-2020-050,2016-2020 ACS 5-Year Estimates,https://api.census.gov/data/2020/acs/acs5/groups/B05006.html,bergen_county_2020_acs_immigration_cleaned.csv,retrieved_and_moe_matched,source_period=2016-2020; geoid=05000US34003; margin_of_error=1150; estimate_annotation=none; moe_annotation=none; 2016–2020 ACS 5-Year estimate; sample-based period estimate.
2020,2016-2020,Bergen County,Hong Kong,country_component,Eastern Asia,3,1128,244,persons,foreign_born_population,acs_5_year_estimate,foreign_born_country_of_birth_hong_kong,Asia > Eastern Asia > China,Estimate!!Total:!!Asia:!!Eastern Asia:!!China:!!Hong Kong,B05006,B05006_051E,B05006: PLACE OF BIRTH FOR THE FOREIGN-BORN POPULATION IN THE UNITED STATES,BC-2020-051,2016-2020 ACS 5-Year Estimates,https://api.census.gov/data/2020/acs/acs5/groups/B05006.html,bergen_county_2020_acs_immigration_cleaned.csv,retrieved_and_moe_matched,source_period=2016-2020; geoid=05000US34003; margin_of_error=244; estimate_annotation=none; moe_annotation=none; 2016–2020 ACS 5-Year estimate; sample-based period estimate.
2020,2016-2020,Bergen County,Taiwan,country_component,Eastern Asia,3,1786,322,persons,foreign_born_population,acs_5_year_estimate,foreign_born_country_of_birth_taiwan,Asia > Eastern Asia > China,Estimate!!Total:!!Asia:!!Eastern Asia:!!China:!!Taiwan,B05006,B05006_052E,B05006: PLACE OF BIRTH FOR THE FOREIGN-BORN POPULATION IN THE UNITED STATES,BC-2020-052,2016-2020 ACS 5-Year Estimates,https://api.census.gov/data/2020/acs/acs5/groups/B05006.html,bergen_county_2020_acs_immigration_cleaned.csv,retrieved_and_moe_matched,source_period=2016-2020; geoid=05000US34003; margin_of_error=322; estimate_annotation=none; moe_annotation=none; 2016–2020 ACS 5-Year estimate; sample-based period estimate.
