year,source_period,geography,country_or_area,latin_american_subregion,population,margin_of_error,unit,measure_scope,value_status,coverage_status,standard_variable,parent_label,source_label,table_id,variable_id,table,crosswalk_id,publication,official_source_url,source_file,verification_status,notes
1980,1980,Bergen County,Cuba,Caribbean,3304,,persons,foreign_born_population,reported,selected_published_countries_only,foreign_born_country_of_birth_cuba,,Cuba,,,Table 172: Nativity and Language for Counties: 1980,BC-1980-037,1980 Census of Population,,1980a_njc-09table172.pdf,,Only four Latin American countries were separately reported in the master for 1980. Regional totals and residual categories are excluded. Subcategory of West Indies
1980,1980,Bergen County,Dominican Republic,Caribbean,799,,persons,foreign_born_population,reported,selected_published_countries_only,foreign_born_country_of_birth_dominican_republic,,Dominican Republic,,,Table 172: Nativity and Language for Counties: 1980,BC-1980-039,1980 Census of Population,,1980a_njc-09table172.pdf,,Only four Latin American countries were separately reported in the master for 1980. Regional totals and residual categories are excluded. Subcategory of West Indies
1980,1980,Bergen County,Jamaica,Caribbean,1435,,persons,foreign_born_population,reported,selected_published_countries_only,foreign_born_country_of_birth_jamaica,,Jamaica,,,Table 172: Nativity and Language for Counties: 1980,BC-1980-050,1980 Census of Population,,1980a_njc-09table172.pdf,,Only four Latin American countries were separately reported in the master for 1980. Regional totals and residual categories are excluded. Subcategory of West Indies
1980,1980,Bergen County,Mexico,Central America,245,,persons,foreign_born_population,reported,selected_published_countries_only,foreign_born_country_of_birth_mexico,,Mexico,,,Table 172: Nativity and Language for Counties: 1980,BC-1980-053,1980 Census of Population,,1980a_njc-09table172.pdf,,Only four Latin American countries were separately reported in the master for 1980. Regional totals and residual categories are excluded.
1990,1990,Bergen County,Bahamas,Caribbean,48,,persons,foreign_born_population,reported,selected_published_countries_only,foreign_born_country_of_birth_bahamas,Caribbean,Bahamas,,,Table 139: Place of Birth of Foreign-Born Persons: 1990,BC-1990-145,"1990 Census of Population: Social and Economic Characteristics, New Jersey",,cp-2-32-1table139.pdf,,"Country/area rows only; regional totals and residual categories are excluded, so these rows must not be summed as a complete Latin America total."
1990,1990,Bergen County,Barbados,Caribbean,259,,persons,foreign_born_population,reported,selected_published_countries_only,foreign_born_country_of_birth_barbados,Caribbean,Barbados,,,Table 139: Place of Birth of Foreign-Born Persons: 1990,BC-1990-146,"1990 Census of Population: Social and Economic Characteristics, New Jersey",,cp-2-32-1table139.pdf,,"Country/area rows only; regional totals and residual categories are excluded, so these rows must not be summed as a complete Latin America total."
1990,1990,Bergen County,Cuba,Caribbean,4266,,persons,foreign_born_population,reported,selected_published_countries_only,foreign_born_country_of_birth_cuba,Caribbean,Cuba,,,Table 139: Place of Birth of Foreign-Born Persons: 1990,BC-1990-147,"1990 Census of Population: Social and Economic Characteristics, New Jersey",,cp-2-32-1table139.pdf,,"Country/area rows only; regional totals and residual categories are excluded, so these rows must not be summed as a complete Latin America total."
1990,1990,Bergen County,Dominican Republic,Caribbean,1945,,persons,foreign_born_population,reported,selected_published_countries_only,foreign_born_country_of_birth_dominican_republic,Caribbean,Dominican Republic,,,Table 139: Place of Birth of Foreign-Born Persons: 1990,BC-1990-148,"1990 Census of Population: Social and Economic Characteristics, New Jersey",,cp-2-32-1table139.pdf,,"Country/area rows only; regional totals and residual categories are excluded, so these rows must not be summed as a complete Latin America total."
1990,1990,Bergen County,Grenada,Caribbean,35,,persons,foreign_born_population,reported,selected_published_countries_only,foreign_born_country_of_birth_grenada,Caribbean,Grenada,,,Table 139: Place of Birth of Foreign-Born Persons: 1990,BC-1990-149,"1990 Census of Population: Social and Economic Characteristics, New Jersey",,cp-2-32-1table139.pdf,,"Country/area rows only; regional totals and residual categories are excluded, so these rows must not be summed as a complete Latin America total."
1990,1990,Bergen County,Haiti,Caribbean,530,,persons,foreign_born_population,reported,selected_published_countries_only,foreign_born_country_of_birth_haiti,Caribbean,Haiti,,,Table 139: Place of Birth of Foreign-Born Persons: 1990,BC-1990-150,"1990 Census of Population: Social and Economic Characteristics, New Jersey",,cp-2-32-1table139.pdf,,"Country/area rows only; regional totals and residual categories are excluded, so these rows must not be summed as a complete Latin America total."
1990,1990,Bergen County,Jamaica,Caribbean,3343,,persons,foreign_born_population,reported,selected_published_countries_only,foreign_born_country_of_birth_jamaica,Caribbean,Jamaica,,,Table 139: Place of Birth of Foreign-Born Persons: 1990,BC-1990-151,"1990 Census of Population: Social and Economic Characteristics, New Jersey",,cp-2-32-1table139.pdf,,"Country/area rows only; regional totals and residual categories are excluded, so these rows must not be summed as a complete Latin America total."
1990,1990,Bergen County,Trinidad and Tobago,Caribbean,868,,persons,foreign_born_population,reported,selected_published_countries_only,foreign_born_country_of_birth_trinidad_and_tobago,Caribbean,Trinidad and Tobago,,,Table 139: Place of Birth of Foreign-Born Persons: 1990,BC-1990-152,"1990 Census of Population: Social and Economic Characteristics, New Jersey",,cp-2-32-1table139.pdf,,"Country/area rows only; regional totals and residual categories are excluded, so these rows must not be summed as a complete Latin America total."
1990,1990,Bergen County,Belize,Central America,39,,persons,foreign_born_population,reported,selected_published_countries_only,foreign_born_country_of_birth_belize,Central America,Belize,,,Table 139: Place of Birth of Foreign-Born Persons: 1990,BC-1990-154,"1990 Census of Population: Social and Economic Characteristics, New Jersey",,cp-2-32-1table139.pdf,,"Country/area rows only; regional totals and residual categories are excluded, so these rows must not be summed as a complete Latin America total."
1990,1990,Bergen County,Costa Rica,Central America,280,,persons,foreign_born_population,reported,selected_published_countries_only,foreign_born_country_of_birth_costa_rica,Central America,Costa Rica,,,Table 139: Place of Birth of Foreign-Born Persons: 1990,BC-1990-155,"1990 Census of Population: Social and Economic Characteristics, New Jersey",,cp-2-32-1table139.pdf,,"Country/area rows only; regional totals and residual categories are excluded, so these rows must not be summed as a complete Latin America total."
1990,1990,Bergen County,El Salvador,Central America,1309,,persons,foreign_born_population,reported,selected_published_countries_only,foreign_born_country_of_birth_el_salvador,Central America,El Salvador,,,Table 139: Place of Birth of Foreign-Born Persons: 1990,BC-1990-156,"1990 Census of Population: Social and Economic Characteristics, New Jersey",,cp-2-32-1table139.pdf,,"Country/area rows only; regional totals and residual categories are excluded, so these rows must not be summed as a complete Latin America total."
1990,1990,Bergen County,Guatemala,Central America,457,,persons,foreign_born_population,reported,selected_published_countries_only,foreign_born_country_of_birth_guatemala,Central America,Guatemala,,,Table 139: Place of Birth of Foreign-Born Persons: 1990,BC-1990-157,"1990 Census of Population: Social and Economic Characteristics, New Jersey",,cp-2-32-1table139.pdf,,"Country/area rows only; regional totals and residual categories are excluded, so these rows must not be summed as a complete Latin America total."
1990,1990,Bergen County,Honduras,Central America,318,,persons,foreign_born_population,reported,selected_published_countries_only,foreign_born_country_of_birth_honduras,Central America,Honduras,,,Table 139: Place of Birth of Foreign-Born Persons: 1990,BC-1990-158,"1990 Census of Population: Social and Economic Characteristics, New Jersey",,cp-2-32-1table139.pdf,,"Country/area rows only; regional totals and residual categories are excluded, so these rows must not be summed as a complete Latin America total."
1990,1990,Bergen County,Mexico,Central America,574,,persons,foreign_born_population,reported,selected_published_countries_only,foreign_born_country_of_birth_mexico,North America,Mexico,,,Table 139: Place of Birth of Foreign-Born Persons: 1990,BC-1990-143,"1990 Census of Population: Social and Economic Characteristics, New Jersey",,cp-2-32-1table139.pdf,,"Country/area rows only; regional totals and residual categories are excluded, so these rows must not be summed as a complete Latin America total."
1990,1990,Bergen County,Nicaragua,Central America,250,,persons,foreign_born_population,reported,selected_published_countries_only,foreign_born_country_of_birth_nicaragua,Central America,Nicaragua,,,Table 139: Place of Birth of Foreign-Born Persons: 1990,BC-1990-159,"1990 Census of Population: Social and Economic Characteristics, New Jersey",,cp-2-32-1table139.pdf,,"Country/area rows only; regional totals and residual categories are excluded, so these rows must not be summed as a complete Latin America total."
1990,1990,Bergen County,Panama,Central America,196,,persons,foreign_born_population,reported,selected_published_countries_only,foreign_born_country_of_birth_panama,Central America,Panama,,,Table 139: Place of Birth of Foreign-Born Persons: 1990,BC-1990-160,"1990 Census of Population: Social and Economic Characteristics, New Jersey",,cp-2-32-1table139.pdf,,"Country/area rows only; regional totals and residual categories are excluded, so these rows must not be summed as a complete Latin America total."
1990,1990,Bergen County,Argentina,South America,1283,,persons,foreign_born_population,reported,selected_published_countries_only,foreign_born_country_of_birth_argentina,South America,Argentina,,,Table 139: Place of Birth of Foreign-Born Persons: 1990,BC-1990-162,"1990 Census of Population: Social and Economic Characteristics, New Jersey",,cp-2-32-1table139.pdf,,"Country/area rows only; regional totals and residual categories are excluded, so these rows must not be summed as a complete Latin America total."
1990,1990,Bergen County,Bolivia,South America,285,,persons,foreign_born_population,reported,selected_published_countries_only,foreign_born_country_of_birth_bolivia,South America,Bolivia,,,Table 139: Place of Birth of Foreign-Born Persons: 1990,BC-1990-163,"1990 Census of Population: Social and Economic Characteristics, New Jersey",,cp-2-32-1table139.pdf,,"Country/area rows only; regional totals and residual categories are excluded, so these rows must not be summed as a complete Latin America total."
1990,1990,Bergen County,Brazil,South America,956,,persons,foreign_born_population,reported,selected_published_countries_only,foreign_born_country_of_birth_brazil,South America,Brazil,,,Table 139: Place of Birth of Foreign-Born Persons: 1990,BC-1990-164,"1990 Census of Population: Social and Economic Characteristics, New Jersey",,cp-2-32-1table139.pdf,,"Country/area rows only; regional totals and residual categories are excluded, so these rows must not be summed as a complete Latin America total."
1990,1990,Bergen County,Chile,South America,483,,persons,foreign_born_population,reported,selected_published_countries_only,foreign_born_country_of_birth_chile,South America,Chile,,,Table 139: Place of Birth of Foreign-Born Persons: 1990,BC-1990-165,"1990 Census of Population: Social and Economic Characteristics, New Jersey",,cp-2-32-1table139.pdf,,"Country/area rows only; regional totals and residual categories are excluded, so these rows must not be summed as a complete Latin America total."
1990,1990,Bergen County,Colombia,South America,6239,,persons,foreign_born_population,reported,selected_published_countries_only,foreign_born_country_of_birth_colombia,South America,Colombia,,,Table 139: Place of Birth of Foreign-Born Persons: 1990,BC-1990-166,"1990 Census of Population: Social and Economic Characteristics, New Jersey",,cp-2-32-1table139.pdf,,"Country/area rows only; regional totals and residual categories are excluded, so these rows must not be summed as a complete Latin America total."
1990,1990,Bergen County,Ecuador,South America,2383,,persons,foreign_born_population,reported,selected_published_countries_only,foreign_born_country_of_birth_ecuador,South America,Ecuador,,,Table 139: Place of Birth of Foreign-Born Persons: 1990,BC-1990-167,"1990 Census of Population: Social and Economic Characteristics, New Jersey",,cp-2-32-1table139.pdf,,"Country/area rows only; regional totals and residual categories are excluded, so these rows must not be summed as a complete Latin America total."
1990,1990,Bergen County,Guyana,South America,301,,persons,foreign_born_population,reported,selected_published_countries_only,foreign_born_country_of_birth_guyana,South America,Guyana,,,Table 139: Place of Birth of Foreign-Born Persons: 1990,BC-1990-168,"1990 Census of Population: Social and Economic Characteristics, New Jersey",,cp-2-32-1table139.pdf,,"Country/area rows only; regional totals and residual categories are excluded, so these rows must not be summed as a complete Latin America total."
1990,1990,Bergen County,Peru,South America,1493,,persons,foreign_born_population,reported,selected_published_countries_only,foreign_born_country_of_birth_peru,South America,Peru,,,Table 139: Place of Birth of Foreign-Born Persons: 1990,BC-1990-169,"1990 Census of Population: Social and Economic Characteristics, New Jersey",,cp-2-32-1table139.pdf,,"Country/area rows only; regional totals and residual categories are excluded, so these rows must not be summed as a complete Latin America total."
1990,1990,Bergen County,Uruguay,South America,280,,persons,foreign_born_population,reported,selected_published_countries_only,foreign_born_country_of_birth_uruguay,South America,Uruguay,,,Table 139: Place of Birth of Foreign-Born Persons: 1990,BC-1990-170,"1990 Census of Population: Social and Economic Characteristics, New Jersey",,cp-2-32-1table139.pdf,,"Country/area rows only; regional totals and residual categories are excluded, so these rows must not be summed as a complete Latin America total."
1990,1990,Bergen County,Venezuela,South America,251,,persons,foreign_born_population,reported,selected_published_countries_only,foreign_born_country_of_birth_venezuela,South America,Venezuela,,,Table 139: Place of Birth of Foreign-Born Persons: 1990,BC-1990-171,"1990 Census of Population: Social and Economic Characteristics, New Jersey",,cp-2-32-1table139.pdf,,"Country/area rows only; regional totals and residual categories are excluded, so these rows must not be summed as a complete Latin America total."
2000,2000,Bergen County,Barbados,Caribbean,188,,persons,foreign_born_population,reported,selected_published_countries_only,foreign_born_country_of_birth_barbados,Americas > Latin America > Caribbean,Barbados,PCT19,PCT019095,PCT19: Place of Birth for the Foreign-Born Population,BC-2000-106,Census 2000 Summary File 3 (SF 3),https://api.census.gov/data/2000/dec/sf3/groups/PCT019.html,bergen_county_2000_immigration_tables.csv,,"Country/area rows only; regional totals and residual categories are excluded, so these rows must not be summed as a complete Latin America total. SF3 sample data; n.e.c. = not elsewhere classified."
2000,2000,Bergen County,Cuba,Caribbean,5183,,persons,foreign_born_population,reported,selected_published_countries_only,foreign_born_country_of_birth_cuba,Americas > Latin America > Caribbean,Cuba,PCT19,PCT019096,PCT19: Place of Birth for the Foreign-Born Population,BC-2000-107,Census 2000 Summary File 3 (SF 3),https://api.census.gov/data/2000/dec/sf3/groups/PCT019.html,bergen_county_2000_immigration_tables.csv,,"Country/area rows only; regional totals and residual categories are excluded, so these rows must not be summed as a complete Latin America total. SF3 sample data; n.e.c. = not elsewhere classified."
2000,2000,Bergen County,Dominican Republic,Caribbean,6669,,persons,foreign_born_population,reported,selected_published_countries_only,foreign_born_country_of_birth_dominican_republic,Americas > Latin America > Caribbean,Dominican Republic,PCT19,PCT019097,PCT19: Place of Birth for the Foreign-Born Population,BC-2000-108,Census 2000 Summary File 3 (SF 3),https://api.census.gov/data/2000/dec/sf3/groups/PCT019.html,bergen_county_2000_immigration_tables.csv,,"Country/area rows only; regional totals and residual categories are excluded, so these rows must not be summed as a complete Latin America total. SF3 sample data; n.e.c. = not elsewhere classified."
2000,2000,Bergen County,Haiti,Caribbean,669,,persons,foreign_born_population,reported,selected_published_countries_only,foreign_born_country_of_birth_haiti,Americas > Latin America > Caribbean,Haiti,PCT19,PCT019098,PCT19: Place of Birth for the Foreign-Born Population,BC-2000-109,Census 2000 Summary File 3 (SF 3),https://api.census.gov/data/2000/dec/sf3/groups/PCT019.html,bergen_county_2000_immigration_tables.csv,,"Country/area rows only; regional totals and residual categories are excluded, so these rows must not be summed as a complete Latin America total. SF3 sample data; n.e.c. = not elsewhere classified."
2000,2000,Bergen County,Jamaica,Caribbean,4420,,persons,foreign_born_population,reported,selected_published_countries_only,foreign_born_country_of_birth_jamaica,Americas > Latin America > Caribbean,Jamaica,PCT19,PCT019099,PCT19: Place of Birth for the Foreign-Born Population,BC-2000-110,Census 2000 Summary File 3 (SF 3),https://api.census.gov/data/2000/dec/sf3/groups/PCT019.html,bergen_county_2000_immigration_tables.csv,,"Country/area rows only; regional totals and residual categories are excluded, so these rows must not be summed as a complete Latin America total. SF3 sample data; n.e.c. = not elsewhere classified."
2000,2000,Bergen County,Trinidad and Tobago,Caribbean,1675,,persons,foreign_born_population,reported,selected_published_countries_only,foreign_born_country_of_birth_trinidad_and_tobago,Americas > Latin America > Caribbean,Trinidad and Tobago,PCT19,PCT019100,PCT19: Place of Birth for the Foreign-Born Population,BC-2000-111,Census 2000 Summary File 3 (SF 3),https://api.census.gov/data/2000/dec/sf3/groups/PCT019.html,bergen_county_2000_immigration_tables.csv,,"Country/area rows only; regional totals and residual categories are excluded, so these rows must not be summed as a complete Latin America total. SF3 sample data; n.e.c. = not elsewhere classified."
2000,2000,Bergen County,Costa Rica,Central America,828,,persons,foreign_born_population,reported,selected_published_countries_only,foreign_born_country_of_birth_costa_rica,Americas > Latin America > Central America > Other Central America,Costa Rica,PCT19,PCT019105,PCT19: Place of Birth for the Foreign-Born Population,BC-2000-116,Census 2000 Summary File 3 (SF 3),https://api.census.gov/data/2000/dec/sf3/groups/PCT019.html,bergen_county_2000_immigration_tables.csv,,"Country/area rows only; regional totals and residual categories are excluded, so these rows must not be summed as a complete Latin America total. SF3 sample data; n.e.c. = not elsewhere classified."
2000,2000,Bergen County,El Salvador,Central America,2959,,persons,foreign_born_population,reported,selected_published_countries_only,foreign_born_country_of_birth_el_salvador,Americas > Latin America > Central America > Other Central America,El Salvador,PCT19,PCT019106,PCT19: Place of Birth for the Foreign-Born Population,BC-2000-117,Census 2000 Summary File 3 (SF 3),https://api.census.gov/data/2000/dec/sf3/groups/PCT019.html,bergen_county_2000_immigration_tables.csv,,"Country/area rows only; regional totals and residual categories are excluded, so these rows must not be summed as a complete Latin America total. SF3 sample data; n.e.c. = not elsewhere classified."
2000,2000,Bergen County,Guatemala,Central America,2497,,persons,foreign_born_population,reported,selected_published_countries_only,foreign_born_country_of_birth_guatemala,Americas > Latin America > Central America > Other Central America,Guatemala,PCT19,PCT019107,PCT19: Place of Birth for the Foreign-Born Population,BC-2000-118,Census 2000 Summary File 3 (SF 3),https://api.census.gov/data/2000/dec/sf3/groups/PCT019.html,bergen_county_2000_immigration_tables.csv,,"Country/area rows only; regional totals and residual categories are excluded, so these rows must not be summed as a complete Latin America total. SF3 sample data; n.e.c. = not elsewhere classified."
2000,2000,Bergen County,Honduras,Central America,576,,persons,foreign_born_population,reported,selected_published_countries_only,foreign_born_country_of_birth_honduras,Americas > Latin America > Central America > Other Central America,Honduras,PCT19,PCT019108,PCT19: Place of Birth for the Foreign-Born Population,BC-2000-119,Census 2000 Summary File 3 (SF 3),https://api.census.gov/data/2000/dec/sf3/groups/PCT019.html,bergen_county_2000_immigration_tables.csv,,"Country/area rows only; regional totals and residual categories are excluded, so these rows must not be summed as a complete Latin America total. SF3 sample data; n.e.c. = not elsewhere classified."
2000,2000,Bergen County,Mexico,Central America,3038,,persons,foreign_born_population,reported,selected_published_countries_only,foreign_born_country_of_birth_mexico,Americas > Latin America > Central America,Mexico,PCT19,PCT019103,PCT19: Place of Birth for the Foreign-Born Population,BC-2000-114,Census 2000 Summary File 3 (SF 3),https://api.census.gov/data/2000/dec/sf3/groups/PCT019.html,bergen_county_2000_immigration_tables.csv,,"Country/area rows only; regional totals and residual categories are excluded, so these rows must not be summed as a complete Latin America total. SF3 sample data; n.e.c. = not elsewhere classified."
2000,2000,Bergen County,Nicaragua,Central America,238,,persons,foreign_born_population,reported,selected_published_countries_only,foreign_born_country_of_birth_nicaragua,Americas > Latin America > Central America > Other Central America,Nicaragua,PCT19,PCT019109,PCT19: Place of Birth for the Foreign-Born Population,BC-2000-120,Census 2000 Summary File 3 (SF 3),https://api.census.gov/data/2000/dec/sf3/groups/PCT019.html,bergen_county_2000_immigration_tables.csv,,"Country/area rows only; regional totals and residual categories are excluded, so these rows must not be summed as a complete Latin America total. SF3 sample data; n.e.c. = not elsewhere classified."
2000,2000,Bergen County,Panama,Central America,216,,persons,foreign_born_population,reported,selected_published_countries_only,foreign_born_country_of_birth_panama,Americas > Latin America > Central America > Other Central America,Panama,PCT19,PCT019110,PCT19: Place of Birth for the Foreign-Born Population,BC-2000-121,Census 2000 Summary File 3 (SF 3),https://api.census.gov/data/2000/dec/sf3/groups/PCT019.html,bergen_county_2000_immigration_tables.csv,,"Country/area rows only; regional totals and residual categories are excluded, so these rows must not be summed as a complete Latin America total. SF3 sample data; n.e.c. = not elsewhere classified."
2000,2000,Bergen County,Argentina,South America,1340,,persons,foreign_born_population,reported,selected_published_countries_only,foreign_born_country_of_birth_argentina,Americas > Latin America > South America,Argentina,PCT19,PCT019113,PCT19: Place of Birth for the Foreign-Born Population,BC-2000-124,Census 2000 Summary File 3 (SF 3),https://api.census.gov/data/2000/dec/sf3/groups/PCT019.html,bergen_county_2000_immigration_tables.csv,,"Country/area rows only; regional totals and residual categories are excluded, so these rows must not be summed as a complete Latin America total. SF3 sample data; n.e.c. = not elsewhere classified."
2000,2000,Bergen County,Bolivia,South America,477,,persons,foreign_born_population,reported,selected_published_countries_only,foreign_born_country_of_birth_bolivia,Americas > Latin America > South America,Bolivia,PCT19,PCT019114,PCT19: Place of Birth for the Foreign-Born Population,BC-2000-125,Census 2000 Summary File 3 (SF 3),https://api.census.gov/data/2000/dec/sf3/groups/PCT019.html,bergen_county_2000_immigration_tables.csv,,"Country/area rows only; regional totals and residual categories are excluded, so these rows must not be summed as a complete Latin America total. SF3 sample data; n.e.c. = not elsewhere classified."
2000,2000,Bergen County,Brazil,South America,1848,,persons,foreign_born_population,reported,selected_published_countries_only,foreign_born_country_of_birth_brazil,Americas > Latin America > South America,Brazil,PCT19,PCT019115,PCT19: Place of Birth for the Foreign-Born Population,BC-2000-126,Census 2000 Summary File 3 (SF 3),https://api.census.gov/data/2000/dec/sf3/groups/PCT019.html,bergen_county_2000_immigration_tables.csv,,"Country/area rows only; regional totals and residual categories are excluded, so these rows must not be summed as a complete Latin America total. SF3 sample data; n.e.c. = not elsewhere classified."
2000,2000,Bergen County,Chile,South America,747,,persons,foreign_born_population,reported,selected_published_countries_only,foreign_born_country_of_birth_chile,Americas > Latin America > South America,Chile,PCT19,PCT019116,PCT19: Place of Birth for the Foreign-Born Population,BC-2000-127,Census 2000 Summary File 3 (SF 3),https://api.census.gov/data/2000/dec/sf3/groups/PCT019.html,bergen_county_2000_immigration_tables.csv,,"Country/area rows only; regional totals and residual categories are excluded, so these rows must not be summed as a complete Latin America total. SF3 sample data; n.e.c. = not elsewhere classified."
2000,2000,Bergen County,Colombia,South America,11973,,persons,foreign_born_population,reported,selected_published_countries_only,foreign_born_country_of_birth_colombia,Americas > Latin America > South America,Colombia,PCT19,PCT019117,PCT19: Place of Birth for the Foreign-Born Population,BC-2000-128,Census 2000 Summary File 3 (SF 3),https://api.census.gov/data/2000/dec/sf3/groups/PCT019.html,bergen_county_2000_immigration_tables.csv,,"Country/area rows only; regional totals and residual categories are excluded, so these rows must not be summed as a complete Latin America total. SF3 sample data; n.e.c. = not elsewhere classified."
2000,2000,Bergen County,Ecuador,South America,5926,,persons,foreign_born_population,reported,selected_published_countries_only,foreign_born_country_of_birth_ecuador,Americas > Latin America > South America,Ecuador,PCT19,PCT019118,PCT19: Place of Birth for the Foreign-Born Population,BC-2000-129,Census 2000 Summary File 3 (SF 3),https://api.census.gov/data/2000/dec/sf3/groups/PCT019.html,bergen_county_2000_immigration_tables.csv,,"Country/area rows only; regional totals and residual categories are excluded, so these rows must not be summed as a complete Latin America total. SF3 sample data; n.e.c. = not elsewhere classified."
2000,2000,Bergen County,Guyana,South America,1219,,persons,foreign_born_population,reported,selected_published_countries_only,foreign_born_country_of_birth_guyana,Americas > Latin America > South America,Guyana,PCT19,PCT019119,PCT19: Place of Birth for the Foreign-Born Population,BC-2000-130,Census 2000 Summary File 3 (SF 3),https://api.census.gov/data/2000/dec/sf3/groups/PCT019.html,bergen_county_2000_immigration_tables.csv,,"Country/area rows only; regional totals and residual categories are excluded, so these rows must not be summed as a complete Latin America total. SF3 sample data; n.e.c. = not elsewhere classified."
2000,2000,Bergen County,Peru,South America,3905,,persons,foreign_born_population,reported,selected_published_countries_only,foreign_born_country_of_birth_peru,Americas > Latin America > South America,Peru,PCT19,PCT019120,PCT19: Place of Birth for the Foreign-Born Population,BC-2000-131,Census 2000 Summary File 3 (SF 3),https://api.census.gov/data/2000/dec/sf3/groups/PCT019.html,bergen_county_2000_immigration_tables.csv,,"Country/area rows only; regional totals and residual categories are excluded, so these rows must not be summed as a complete Latin America total. SF3 sample data; n.e.c. = not elsewhere classified."
2000,2000,Bergen County,Venezuela,South America,545,,persons,foreign_born_population,reported,selected_published_countries_only,foreign_born_country_of_birth_venezuela,Americas > Latin America > South America,Venezuela,PCT19,PCT019121,PCT19: Place of Birth for the Foreign-Born Population,BC-2000-132,Census 2000 Summary File 3 (SF 3),https://api.census.gov/data/2000/dec/sf3/groups/PCT019.html,bergen_county_2000_immigration_tables.csv,,"Country/area rows only; regional totals and residual categories are excluded, so these rows must not be summed as a complete Latin America total. SF3 sample data; n.e.c. = not elsewhere classified."
2010,2006-2010,Bergen County,Bahamas,Caribbean,0,123,persons,foreign_born_population,acs_5_year_estimate,named_countries_and_areas_only,foreign_born_country_of_birth_americas_latin_america_caribbean_bahamas,Americas > Latin America > Caribbean,Estimate!!Total!!Americas!!Latin America!!Caribbean!!Bahamas,B05006,B05006_125E,B05006: PLACE OF BIRTH FOR THE FOREIGN-BORN POPULATION IN THE UNITED STATES,BC-2010-125,2006-2010 ACS 5-Year Detailed Tables,https://api.census.gov/data/2010/acs/acs5/groups/B05006.html,bergen_county_2010_acs_B05006_B05007.csv,api_response_and_metadata_validated,"Country/area rows only; regional totals and residual categories are excluded, so these rows must not be summed as a complete Latin America total. source_period=2006-2010; geoid=05000US34003; margin_of_error=123; 2006-2010 ACS 5-year period estimate; sample-based. MOE is Census-published margin of error."
2010,2006-2010,Bergen County,Barbados,Caribbean,341,203,persons,foreign_born_population,acs_5_year_estimate,named_countries_and_areas_only,foreign_born_country_of_birth_barbados,Americas > Latin America > Caribbean,Estimate!!Total!!Americas!!Latin America!!Caribbean!!Barbados,B05006,B05006_126E,B05006: PLACE OF BIRTH FOR THE FOREIGN-BORN POPULATION IN THE UNITED STATES,BC-2010-126,2006-2010 ACS 5-Year Detailed Tables,https://api.census.gov/data/2010/acs/acs5/groups/B05006.html,bergen_county_2010_acs_B05006_B05007.csv,api_response_and_metadata_validated,"Country/area rows only; regional totals and residual categories are excluded, so these rows must not be summed as a complete Latin America total. source_period=2006-2010; geoid=05000US34003; margin_of_error=203; 2006-2010 ACS 5-year period estimate; sample-based. MOE is Census-published margin of error."
2010,2006-2010,Bergen County,Cuba,Caribbean,5823,625,persons,foreign_born_population,acs_5_year_estimate,named_countries_and_areas_only,foreign_born_country_of_birth_cuba,Americas > Latin America > Caribbean,Estimate!!Total!!Americas!!Latin America!!Caribbean!!Cuba,B05006,B05006_127E,B05006: PLACE OF BIRTH FOR THE FOREIGN-BORN POPULATION IN THE UNITED STATES,BC-2010-127,2006-2010 ACS 5-Year Detailed Tables,https://api.census.gov/data/2010/acs/acs5/groups/B05006.html,bergen_county_2010_acs_B05006_B05007.csv,api_response_and_metadata_validated,"Country/area rows only; regional totals and residual categories are excluded, so these rows must not be summed as a complete Latin America total. source_period=2006-2010; geoid=05000US34003; margin_of_error=625; 2006-2010 ACS 5-year period estimate; sample-based. MOE is Census-published margin of error."
2010,2006-2010,Bergen County,Dominica,Caribbean,564,288,persons,foreign_born_population,acs_5_year_estimate,named_countries_and_areas_only,foreign_born_country_of_birth_americas_latin_america_caribbean_dominica,Americas > Latin America > Caribbean,Estimate!!Total!!Americas!!Latin America!!Caribbean!!Dominica,B05006,B05006_128E,B05006: PLACE OF BIRTH FOR THE FOREIGN-BORN POPULATION IN THE UNITED STATES,BC-2010-128,2006-2010 ACS 5-Year Detailed Tables,https://api.census.gov/data/2010/acs/acs5/groups/B05006.html,bergen_county_2010_acs_B05006_B05007.csv,api_response_and_metadata_validated,"Country/area rows only; regional totals and residual categories are excluded, so these rows must not be summed as a complete Latin America total. source_period=2006-2010; geoid=05000US34003; margin_of_error=288; 2006-2010 ACS 5-year period estimate; sample-based. MOE is Census-published margin of error."
2010,2006-2010,Bergen County,Dominican Republic,Caribbean,11216,1251,persons,foreign_born_population,acs_5_year_estimate,named_countries_and_areas_only,foreign_born_country_of_birth_dominican_republic,Americas > Latin America > Caribbean,Estimate!!Total!!Americas!!Latin America!!Caribbean!!Dominican Republic,B05006,B05006_129E,B05006: PLACE OF BIRTH FOR THE FOREIGN-BORN POPULATION IN THE UNITED STATES,BC-2010-129,2006-2010 ACS 5-Year Detailed Tables,https://api.census.gov/data/2010/acs/acs5/groups/B05006.html,bergen_county_2010_acs_B05006_B05007.csv,api_response_and_metadata_validated,"Country/area rows only; regional totals and residual categories are excluded, so these rows must not be summed as a complete Latin America total. source_period=2006-2010; geoid=05000US34003; margin_of_error=1251; 2006-2010 ACS 5-year period estimate; sample-based. MOE is Census-published margin of error."
2010,2006-2010,Bergen County,Grenada,Caribbean,108,91,persons,foreign_born_population,acs_5_year_estimate,named_countries_and_areas_only,foreign_born_country_of_birth_americas_latin_america_caribbean_grenada,Americas > Latin America > Caribbean,Estimate!!Total!!Americas!!Latin America!!Caribbean!!Grenada,B05006,B05006_130E,B05006: PLACE OF BIRTH FOR THE FOREIGN-BORN POPULATION IN THE UNITED STATES,BC-2010-130,2006-2010 ACS 5-Year Detailed Tables,https://api.census.gov/data/2010/acs/acs5/groups/B05006.html,bergen_county_2010_acs_B05006_B05007.csv,api_response_and_metadata_validated,"Country/area rows only; regional totals and residual categories are excluded, so these rows must not be summed as a complete Latin America total. source_period=2006-2010; geoid=05000US34003; margin_of_error=91; 2006-2010 ACS 5-year period estimate; sample-based. MOE is Census-published margin of error."
2010,2006-2010,Bergen County,Haiti,Caribbean,888,258,persons,foreign_born_population,acs_5_year_estimate,named_countries_and_areas_only,foreign_born_country_of_birth_haiti,Americas > Latin America > Caribbean,Estimate!!Total!!Americas!!Latin America!!Caribbean!!Haiti,B05006,B05006_131E,B05006: PLACE OF BIRTH FOR THE FOREIGN-BORN POPULATION IN THE UNITED STATES,BC-2010-131,2006-2010 ACS 5-Year Detailed Tables,https://api.census.gov/data/2010/acs/acs5/groups/B05006.html,bergen_county_2010_acs_B05006_B05007.csv,api_response_and_metadata_validated,"Country/area rows only; regional totals and residual categories are excluded, so these rows must not be summed as a complete Latin America total. source_period=2006-2010; geoid=05000US34003; margin_of_error=258; 2006-2010 ACS 5-year period estimate; sample-based. MOE is Census-published margin of error."
2010,2006-2010,Bergen County,Jamaica,Caribbean,4063,724,persons,foreign_born_population,acs_5_year_estimate,named_countries_and_areas_only,foreign_born_country_of_birth_jamaica,Americas > Latin America > Caribbean,Estimate!!Total!!Americas!!Latin America!!Caribbean!!Jamaica,B05006,B05006_132E,B05006: PLACE OF BIRTH FOR THE FOREIGN-BORN POPULATION IN THE UNITED STATES,BC-2010-132,2006-2010 ACS 5-Year Detailed Tables,https://api.census.gov/data/2010/acs/acs5/groups/B05006.html,bergen_county_2010_acs_B05006_B05007.csv,api_response_and_metadata_validated,"Country/area rows only; regional totals and residual categories are excluded, so these rows must not be summed as a complete Latin America total. source_period=2006-2010; geoid=05000US34003; margin_of_error=724; 2006-2010 ACS 5-year period estimate; sample-based. MOE is Census-published margin of error."
2010,2006-2010,Bergen County,St. Vincent and the Grenadines,Caribbean,123,98,persons,foreign_born_population,acs_5_year_estimate,named_countries_and_areas_only,foreign_born_country_of_birth_americas_latin_america_caribbean_st_vincent_and_the_grenadines,Americas > Latin America > Caribbean,Estimate!!Total!!Americas!!Latin America!!Caribbean!!St. Vincent and the Grenadines,B05006,B05006_133E,B05006: PLACE OF BIRTH FOR THE FOREIGN-BORN POPULATION IN THE UNITED STATES,BC-2010-133,2006-2010 ACS 5-Year Detailed Tables,https://api.census.gov/data/2010/acs/acs5/groups/B05006.html,bergen_county_2010_acs_B05006_B05007.csv,api_response_and_metadata_validated,"Country/area rows only; regional totals and residual categories are excluded, so these rows must not be summed as a complete Latin America total. source_period=2006-2010; geoid=05000US34003; margin_of_error=98; 2006-2010 ACS 5-year period estimate; sample-based. MOE is Census-published margin of error."
2010,2006-2010,Bergen County,Trinidad and Tobago,Caribbean,1086,307,persons,foreign_born_population,acs_5_year_estimate,named_countries_and_areas_only,foreign_born_country_of_birth_trinidad_and_tobago,Americas > Latin America > Caribbean,Estimate!!Total!!Americas!!Latin America!!Caribbean!!Trinidad and Tobago,B05006,B05006_134E,B05006: PLACE OF BIRTH FOR THE FOREIGN-BORN POPULATION IN THE UNITED STATES,BC-2010-134,2006-2010 ACS 5-Year Detailed Tables,https://api.census.gov/data/2010/acs/acs5/groups/B05006.html,bergen_county_2010_acs_B05006_B05007.csv,api_response_and_metadata_validated,"Country/area rows only; regional totals and residual categories are excluded, so these rows must not be summed as a complete Latin America total. source_period=2006-2010; geoid=05000US34003; margin_of_error=307; 2006-2010 ACS 5-year period estimate; sample-based. MOE is Census-published margin of error."
2010,2006-2010,Bergen County,Belize,Central America,142,137,persons,foreign_born_population,acs_5_year_estimate,named_countries_and_areas_only,foreign_born_country_of_birth_americas_latin_america_central_america_belize,Americas > Latin America > Central America,Estimate!!Total!!Americas!!Latin America!!Central America!!Belize,B05006,B05006_139E,B05006: PLACE OF BIRTH FOR THE FOREIGN-BORN POPULATION IN THE UNITED STATES,BC-2010-139,2006-2010 ACS 5-Year Detailed Tables,https://api.census.gov/data/2010/acs/acs5/groups/B05006.html,bergen_county_2010_acs_B05006_B05007.csv,api_response_and_metadata_validated,"Country/area rows only; regional totals and residual categories are excluded, so these rows must not be summed as a complete Latin America total. source_period=2006-2010; geoid=05000US34003; margin_of_error=137; 2006-2010 ACS 5-year period estimate; sample-based. MOE is Census-published margin of error."
2010,2006-2010,Bergen County,Costa Rica,Central America,1517,544,persons,foreign_born_population,acs_5_year_estimate,named_countries_and_areas_only,foreign_born_country_of_birth_costa_rica,Americas > Latin America > Central America,Estimate!!Total!!Americas!!Latin America!!Central America!!Costa Rica,B05006,B05006_140E,B05006: PLACE OF BIRTH FOR THE FOREIGN-BORN POPULATION IN THE UNITED STATES,BC-2010-140,2006-2010 ACS 5-Year Detailed Tables,https://api.census.gov/data/2010/acs/acs5/groups/B05006.html,bergen_county_2010_acs_B05006_B05007.csv,api_response_and_metadata_validated,"Country/area rows only; regional totals and residual categories are excluded, so these rows must not be summed as a complete Latin America total. source_period=2006-2010; geoid=05000US34003; margin_of_error=544; 2006-2010 ACS 5-year period estimate; sample-based. MOE is Census-published margin of error."
2010,2006-2010,Bergen County,El Salvador,Central America,4402,1029,persons,foreign_born_population,acs_5_year_estimate,named_countries_and_areas_only,foreign_born_country_of_birth_el_salvador,Americas > Latin America > Central America,Estimate!!Total!!Americas!!Latin America!!Central America!!El Salvador,B05006,B05006_141E,B05006: PLACE OF BIRTH FOR THE FOREIGN-BORN POPULATION IN THE UNITED STATES,BC-2010-141,2006-2010 ACS 5-Year Detailed Tables,https://api.census.gov/data/2010/acs/acs5/groups/B05006.html,bergen_county_2010_acs_B05006_B05007.csv,api_response_and_metadata_validated,"Country/area rows only; regional totals and residual categories are excluded, so these rows must not be summed as a complete Latin America total. source_period=2006-2010; geoid=05000US34003; margin_of_error=1029; 2006-2010 ACS 5-year period estimate; sample-based. MOE is Census-published margin of error."
2010,2006-2010,Bergen County,Guatemala,Central America,4241,972,persons,foreign_born_population,acs_5_year_estimate,named_countries_and_areas_only,foreign_born_country_of_birth_guatemala,Americas > Latin America > Central America,Estimate!!Total!!Americas!!Latin America!!Central America!!Guatemala,B05006,B05006_142E,B05006: PLACE OF BIRTH FOR THE FOREIGN-BORN POPULATION IN THE UNITED STATES,BC-2010-142,2006-2010 ACS 5-Year Detailed Tables,https://api.census.gov/data/2010/acs/acs5/groups/B05006.html,bergen_county_2010_acs_B05006_B05007.csv,api_response_and_metadata_validated,"Country/area rows only; regional totals and residual categories are excluded, so these rows must not be summed as a complete Latin America total. source_period=2006-2010; geoid=05000US34003; margin_of_error=972; 2006-2010 ACS 5-year period estimate; sample-based. MOE is Census-published margin of error."
2010,2006-2010,Bergen County,Honduras,Central America,1290,370,persons,foreign_born_population,acs_5_year_estimate,named_countries_and_areas_only,foreign_born_country_of_birth_honduras,Americas > Latin America > Central America,Estimate!!Total!!Americas!!Latin America!!Central America!!Honduras,B05006,B05006_143E,B05006: PLACE OF BIRTH FOR THE FOREIGN-BORN POPULATION IN THE UNITED STATES,BC-2010-143,2006-2010 ACS 5-Year Detailed Tables,https://api.census.gov/data/2010/acs/acs5/groups/B05006.html,bergen_county_2010_acs_B05006_B05007.csv,api_response_and_metadata_validated,"Country/area rows only; regional totals and residual categories are excluded, so these rows must not be summed as a complete Latin America total. source_period=2006-2010; geoid=05000US34003; margin_of_error=370; 2006-2010 ACS 5-year period estimate; sample-based. MOE is Census-published margin of error."
2010,2006-2010,Bergen County,Mexico,Central America,4413,868,persons,foreign_born_population,acs_5_year_estimate,named_countries_and_areas_only,foreign_born_country_of_birth_mexico,Americas > Latin America > Central America,Estimate!!Total!!Americas!!Latin America!!Central America!!Mexico,B05006,B05006_138E,B05006: PLACE OF BIRTH FOR THE FOREIGN-BORN POPULATION IN THE UNITED STATES,BC-2010-138,2006-2010 ACS 5-Year Detailed Tables,https://api.census.gov/data/2010/acs/acs5/groups/B05006.html,bergen_county_2010_acs_B05006_B05007.csv,api_response_and_metadata_validated,"Country/area rows only; regional totals and residual categories are excluded, so these rows must not be summed as a complete Latin America total. source_period=2006-2010; geoid=05000US34003; margin_of_error=868; 2006-2010 ACS 5-year period estimate; sample-based. MOE is Census-published margin of error."
2010,2006-2010,Bergen County,Nicaragua,Central America,341,149,persons,foreign_born_population,acs_5_year_estimate,named_countries_and_areas_only,foreign_born_country_of_birth_nicaragua,Americas > Latin America > Central America,Estimate!!Total!!Americas!!Latin America!!Central America!!Nicaragua,B05006,B05006_144E,B05006: PLACE OF BIRTH FOR THE FOREIGN-BORN POPULATION IN THE UNITED STATES,BC-2010-144,2006-2010 ACS 5-Year Detailed Tables,https://api.census.gov/data/2010/acs/acs5/groups/B05006.html,bergen_county_2010_acs_B05006_B05007.csv,api_response_and_metadata_validated,"Country/area rows only; regional totals and residual categories are excluded, so these rows must not be summed as a complete Latin America total. source_period=2006-2010; geoid=05000US34003; margin_of_error=149; 2006-2010 ACS 5-year period estimate; sample-based. MOE is Census-published margin of error."
2010,2006-2010,Bergen County,Panama,Central America,193,101,persons,foreign_born_population,acs_5_year_estimate,named_countries_and_areas_only,foreign_born_country_of_birth_panama,Americas > Latin America > Central America,Estimate!!Total!!Americas!!Latin America!!Central America!!Panama,B05006,B05006_145E,B05006: PLACE OF BIRTH FOR THE FOREIGN-BORN POPULATION IN THE UNITED STATES,BC-2010-145,2006-2010 ACS 5-Year Detailed Tables,https://api.census.gov/data/2010/acs/acs5/groups/B05006.html,bergen_county_2010_acs_B05006_B05007.csv,api_response_and_metadata_validated,"Country/area rows only; regional totals and residual categories are excluded, so these rows must not be summed as a complete Latin America total. source_period=2006-2010; geoid=05000US34003; margin_of_error=101; 2006-2010 ACS 5-year period estimate; sample-based. MOE is Census-published margin of error."
2010,2006-2010,Bergen County,Argentina,South America,1549,460,persons,foreign_born_population,acs_5_year_estimate,named_countries_and_areas_only,foreign_born_country_of_birth_argentina,Americas > Latin America > South America,Estimate!!Total!!Americas!!Latin America!!South America!!Argentina,B05006,B05006_148E,B05006: PLACE OF BIRTH FOR THE FOREIGN-BORN POPULATION IN THE UNITED STATES,BC-2010-148,2006-2010 ACS 5-Year Detailed Tables,https://api.census.gov/data/2010/acs/acs5/groups/B05006.html,bergen_county_2010_acs_B05006_B05007.csv,api_response_and_metadata_validated,"Country/area rows only; regional totals and residual categories are excluded, so these rows must not be summed as a complete Latin America total. source_period=2006-2010; geoid=05000US34003; margin_of_error=460; 2006-2010 ACS 5-year period estimate; sample-based. MOE is Census-published margin of error."
2010,2006-2010,Bergen County,Bolivia,South America,796,366,persons,foreign_born_population,acs_5_year_estimate,named_countries_and_areas_only,foreign_born_country_of_birth_bolivia,Americas > Latin America > South America,Estimate!!Total!!Americas!!Latin America!!South America!!Bolivia,B05006,B05006_149E,B05006: PLACE OF BIRTH FOR THE FOREIGN-BORN POPULATION IN THE UNITED STATES,BC-2010-149,2006-2010 ACS 5-Year Detailed Tables,https://api.census.gov/data/2010/acs/acs5/groups/B05006.html,bergen_county_2010_acs_B05006_B05007.csv,api_response_and_metadata_validated,"Country/area rows only; regional totals and residual categories are excluded, so these rows must not be summed as a complete Latin America total. source_period=2006-2010; geoid=05000US34003; margin_of_error=366; 2006-2010 ACS 5-year period estimate; sample-based. MOE is Census-published margin of error."
2010,2006-2010,Bergen County,Brazil,South America,2461,602,persons,foreign_born_population,acs_5_year_estimate,named_countries_and_areas_only,foreign_born_country_of_birth_brazil,Americas > Latin America > South America,Estimate!!Total!!Americas!!Latin America!!South America!!Brazil,B05006,B05006_150E,B05006: PLACE OF BIRTH FOR THE FOREIGN-BORN POPULATION IN THE UNITED STATES,BC-2010-150,2006-2010 ACS 5-Year Detailed Tables,https://api.census.gov/data/2010/acs/acs5/groups/B05006.html,bergen_county_2010_acs_B05006_B05007.csv,api_response_and_metadata_validated,"Country/area rows only; regional totals and residual categories are excluded, so these rows must not be summed as a complete Latin America total. source_period=2006-2010; geoid=05000US34003; margin_of_error=602; 2006-2010 ACS 5-year period estimate; sample-based. MOE is Census-published margin of error."
2010,2006-2010,Bergen County,Chile,South America,826,247,persons,foreign_born_population,acs_5_year_estimate,named_countries_and_areas_only,foreign_born_country_of_birth_chile,Americas > Latin America > South America,Estimate!!Total!!Americas!!Latin America!!South America!!Chile,B05006,B05006_151E,B05006: PLACE OF BIRTH FOR THE FOREIGN-BORN POPULATION IN THE UNITED STATES,BC-2010-151,2006-2010 ACS 5-Year Detailed Tables,https://api.census.gov/data/2010/acs/acs5/groups/B05006.html,bergen_county_2010_acs_B05006_B05007.csv,api_response_and_metadata_validated,"Country/area rows only; regional totals and residual categories are excluded, so these rows must not be summed as a complete Latin America total. source_period=2006-2010; geoid=05000US34003; margin_of_error=247; 2006-2010 ACS 5-year period estimate; sample-based. MOE is Census-published margin of error."
2010,2006-2010,Bergen County,Colombia,South America,13923,1223,persons,foreign_born_population,acs_5_year_estimate,named_countries_and_areas_only,foreign_born_country_of_birth_colombia,Americas > Latin America > South America,Estimate!!Total!!Americas!!Latin America!!South America!!Colombia,B05006,B05006_152E,B05006: PLACE OF BIRTH FOR THE FOREIGN-BORN POPULATION IN THE UNITED STATES,BC-2010-152,2006-2010 ACS 5-Year Detailed Tables,https://api.census.gov/data/2010/acs/acs5/groups/B05006.html,bergen_county_2010_acs_B05006_B05007.csv,api_response_and_metadata_validated,"Country/area rows only; regional totals and residual categories are excluded, so these rows must not be summed as a complete Latin America total. source_period=2006-2010; geoid=05000US34003; margin_of_error=1223; 2006-2010 ACS 5-year period estimate; sample-based. MOE is Census-published margin of error."
2010,2006-2010,Bergen County,Ecuador,South America,8636,1128,persons,foreign_born_population,acs_5_year_estimate,named_countries_and_areas_only,foreign_born_country_of_birth_ecuador,Americas > Latin America > South America,Estimate!!Total!!Americas!!Latin America!!South America!!Ecuador,B05006,B05006_153E,B05006: PLACE OF BIRTH FOR THE FOREIGN-BORN POPULATION IN THE UNITED STATES,BC-2010-153,2006-2010 ACS 5-Year Detailed Tables,https://api.census.gov/data/2010/acs/acs5/groups/B05006.html,bergen_county_2010_acs_B05006_B05007.csv,api_response_and_metadata_validated,"Country/area rows only; regional totals and residual categories are excluded, so these rows must not be summed as a complete Latin America total. source_period=2006-2010; geoid=05000US34003; margin_of_error=1128; 2006-2010 ACS 5-year period estimate; sample-based. MOE is Census-published margin of error."
2010,2006-2010,Bergen County,Guyana,South America,988,359,persons,foreign_born_population,acs_5_year_estimate,named_countries_and_areas_only,foreign_born_country_of_birth_guyana,Americas > Latin America > South America,Estimate!!Total!!Americas!!Latin America!!South America!!Guyana,B05006,B05006_154E,B05006: PLACE OF BIRTH FOR THE FOREIGN-BORN POPULATION IN THE UNITED STATES,BC-2010-154,2006-2010 ACS 5-Year Detailed Tables,https://api.census.gov/data/2010/acs/acs5/groups/B05006.html,bergen_county_2010_acs_B05006_B05007.csv,api_response_and_metadata_validated,"Country/area rows only; regional totals and residual categories are excluded, so these rows must not be summed as a complete Latin America total. source_period=2006-2010; geoid=05000US34003; margin_of_error=359; 2006-2010 ACS 5-year period estimate; sample-based. MOE is Census-published margin of error."
2010,2006-2010,Bergen County,Peru,South America,4358,669,persons,foreign_born_population,acs_5_year_estimate,named_countries_and_areas_only,foreign_born_country_of_birth_peru,Americas > Latin America > South America,Estimate!!Total!!Americas!!Latin America!!South America!!Peru,B05006,B05006_155E,B05006: PLACE OF BIRTH FOR THE FOREIGN-BORN POPULATION IN THE UNITED STATES,BC-2010-155,2006-2010 ACS 5-Year Detailed Tables,https://api.census.gov/data/2010/acs/acs5/groups/B05006.html,bergen_county_2010_acs_B05006_B05007.csv,api_response_and_metadata_validated,"Country/area rows only; regional totals and residual categories are excluded, so these rows must not be summed as a complete Latin America total. source_period=2006-2010; geoid=05000US34003; margin_of_error=669; 2006-2010 ACS 5-year period estimate; sample-based. MOE is Census-published margin of error."
2010,2006-2010,Bergen County,Uruguay,South America,363,209,persons,foreign_born_population,acs_5_year_estimate,named_countries_and_areas_only,foreign_born_country_of_birth_americas_latin_america_south_america_uruguay,Americas > Latin America > South America,Estimate!!Total!!Americas!!Latin America!!South America!!Uruguay,B05006,B05006_156E,B05006: PLACE OF BIRTH FOR THE FOREIGN-BORN POPULATION IN THE UNITED STATES,BC-2010-156,2006-2010 ACS 5-Year Detailed Tables,https://api.census.gov/data/2010/acs/acs5/groups/B05006.html,bergen_county_2010_acs_B05006_B05007.csv,api_response_and_metadata_validated,"Country/area rows only; regional totals and residual categories are excluded, so these rows must not be summed as a complete Latin America total. source_period=2006-2010; geoid=05000US34003; margin_of_error=209; 2006-2010 ACS 5-year period estimate; sample-based. MOE is Census-published margin of error."
2010,2006-2010,Bergen County,Venezuela,South America,540,208,persons,foreign_born_population,acs_5_year_estimate,named_countries_and_areas_only,foreign_born_country_of_birth_venezuela,Americas > Latin America > South America,Estimate!!Total!!Americas!!Latin America!!South America!!Venezuela,B05006,B05006_157E,B05006: PLACE OF BIRTH FOR THE FOREIGN-BORN POPULATION IN THE UNITED STATES,BC-2010-157,2006-2010 ACS 5-Year Detailed Tables,https://api.census.gov/data/2010/acs/acs5/groups/B05006.html,bergen_county_2010_acs_B05006_B05007.csv,api_response_and_metadata_validated,"Country/area rows only; regional totals and residual categories are excluded, so these rows must not be summed as a complete Latin America total. source_period=2006-2010; geoid=05000US34003; margin_of_error=208; 2006-2010 ACS 5-year period estimate; sample-based. MOE is Census-published margin of error."
2020,2016-2020,Bergen County,Bahamas,Caribbean,27,22,persons,foreign_born_population,acs_5_year_estimate,named_countries_and_areas_only,foreign_born_country_of_birth_americas_latin_america_caribbean_bahamas,Americas > Latin America > Caribbean,Estimate!!Total:!!Americas:!!Latin America:!!Caribbean:!!Bahamas,B05006,B05006_132E,B05006: PLACE OF BIRTH FOR THE FOREIGN-BORN POPULATION IN THE UNITED STATES,BC-2020-124,2016-2020 ACS 5-Year Estimates,https://api.census.gov/data/2020/acs/acs5/groups/B05006.html,bergen_county_2020_acs_immigration_cleaned.csv,retrieved_and_moe_matched,"Country/area rows only; regional totals and residual categories are excluded, so these rows must not be summed as a complete Latin America total. source_period=2016-2020; geoid=05000US34003; margin_of_error=22; estimate_annotation=none; moe_annotation=none; 2016–2020 ACS 5-Year estimate; sample-based period estimate."
2020,2016-2020,Bergen County,Barbados,Caribbean,230,135,persons,foreign_born_population,acs_5_year_estimate,named_countries_and_areas_only,foreign_born_country_of_birth_barbados,Americas > Latin America > Caribbean,Estimate!!Total:!!Americas:!!Latin America:!!Caribbean:!!Barbados,B05006,B05006_133E,B05006: PLACE OF BIRTH FOR THE FOREIGN-BORN POPULATION IN THE UNITED STATES,BC-2020-125,2016-2020 ACS 5-Year Estimates,https://api.census.gov/data/2020/acs/acs5/groups/B05006.html,bergen_county_2020_acs_immigration_cleaned.csv,retrieved_and_moe_matched,"Country/area rows only; regional totals and residual categories are excluded, so these rows must not be summed as a complete Latin America total. source_period=2016-2020; geoid=05000US34003; margin_of_error=135; estimate_annotation=none; moe_annotation=none; 2016–2020 ACS 5-Year estimate; sample-based period estimate."
2020,2016-2020,Bergen County,Cuba,Caribbean,6076,769,persons,foreign_born_population,acs_5_year_estimate,named_countries_and_areas_only,foreign_born_country_of_birth_cuba,Americas > Latin America > Caribbean,Estimate!!Total:!!Americas:!!Latin America:!!Caribbean:!!Cuba,B05006,B05006_134E,B05006: PLACE OF BIRTH FOR THE FOREIGN-BORN POPULATION IN THE UNITED STATES,BC-2020-126,2016-2020 ACS 5-Year Estimates,https://api.census.gov/data/2020/acs/acs5/groups/B05006.html,bergen_county_2020_acs_immigration_cleaned.csv,retrieved_and_moe_matched,"Country/area rows only; regional totals and residual categories are excluded, so these rows must not be summed as a complete Latin America total. source_period=2016-2020; geoid=05000US34003; margin_of_error=769; estimate_annotation=none; moe_annotation=none; 2016–2020 ACS 5-Year estimate; sample-based period estimate."
2020,2016-2020,Bergen County,Dominica,Caribbean,152,130,persons,foreign_born_population,acs_5_year_estimate,named_countries_and_areas_only,foreign_born_country_of_birth_americas_latin_america_caribbean_dominica,Americas > Latin America > Caribbean,Estimate!!Total:!!Americas:!!Latin America:!!Caribbean:!!Dominica,B05006,B05006_135E,B05006: PLACE OF BIRTH FOR THE FOREIGN-BORN POPULATION IN THE UNITED STATES,BC-2020-127,2016-2020 ACS 5-Year Estimates,https://api.census.gov/data/2020/acs/acs5/groups/B05006.html,bergen_county_2020_acs_immigration_cleaned.csv,retrieved_and_moe_matched,"Country/area rows only; regional totals and residual categories are excluded, so these rows must not be summed as a complete Latin America total. source_period=2016-2020; geoid=05000US34003; margin_of_error=130; estimate_annotation=none; moe_annotation=none; 2016–2020 ACS 5-Year estimate; sample-based period estimate."
2020,2016-2020,Bergen County,Dominican Republic,Caribbean,20420,1705,persons,foreign_born_population,acs_5_year_estimate,named_countries_and_areas_only,foreign_born_country_of_birth_dominican_republic,Americas > Latin America > Caribbean,Estimate!!Total:!!Americas:!!Latin America:!!Caribbean:!!Dominican Republic,B05006,B05006_136E,B05006: PLACE OF BIRTH FOR THE FOREIGN-BORN POPULATION IN THE UNITED STATES,BC-2020-128,2016-2020 ACS 5-Year Estimates,https://api.census.gov/data/2020/acs/acs5/groups/B05006.html,bergen_county_2020_acs_immigration_cleaned.csv,retrieved_and_moe_matched,"Country/area rows only; regional totals and residual categories are excluded, so these rows must not be summed as a complete Latin America total. source_period=2016-2020; geoid=05000US34003; margin_of_error=1705; estimate_annotation=none; moe_annotation=none; 2016–2020 ACS 5-Year estimate; sample-based period estimate."
2020,2016-2020,Bergen County,Grenada,Caribbean,182,152,persons,foreign_born_population,acs_5_year_estimate,named_countries_and_areas_only,foreign_born_country_of_birth_americas_latin_america_caribbean_grenada,Americas > Latin America > Caribbean,Estimate!!Total:!!Americas:!!Latin America:!!Caribbean:!!Grenada,B05006,B05006_137E,B05006: PLACE OF BIRTH FOR THE FOREIGN-BORN POPULATION IN THE UNITED STATES,BC-2020-129,2016-2020 ACS 5-Year Estimates,https://api.census.gov/data/2020/acs/acs5/groups/B05006.html,bergen_county_2020_acs_immigration_cleaned.csv,retrieved_and_moe_matched,"Country/area rows only; regional totals and residual categories are excluded, so these rows must not be summed as a complete Latin America total. source_period=2016-2020; geoid=05000US34003; margin_of_error=152; estimate_annotation=none; moe_annotation=none; 2016–2020 ACS 5-Year estimate; sample-based period estimate."
2020,2016-2020,Bergen County,Haiti,Caribbean,881,309,persons,foreign_born_population,acs_5_year_estimate,named_countries_and_areas_only,foreign_born_country_of_birth_haiti,Americas > Latin America > Caribbean,Estimate!!Total:!!Americas:!!Latin America:!!Caribbean:!!Haiti,B05006,B05006_138E,B05006: PLACE OF BIRTH FOR THE FOREIGN-BORN POPULATION IN THE UNITED STATES,BC-2020-130,2016-2020 ACS 5-Year Estimates,https://api.census.gov/data/2020/acs/acs5/groups/B05006.html,bergen_county_2020_acs_immigration_cleaned.csv,retrieved_and_moe_matched,"Country/area rows only; regional totals and residual categories are excluded, so these rows must not be summed as a complete Latin America total. source_period=2016-2020; geoid=05000US34003; margin_of_error=309; estimate_annotation=none; moe_annotation=none; 2016–2020 ACS 5-Year estimate; sample-based period estimate."
2020,2016-2020,Bergen County,Jamaica,Caribbean,5500,825,persons,foreign_born_population,acs_5_year_estimate,named_countries_and_areas_only,foreign_born_country_of_birth_jamaica,Americas > Latin America > Caribbean,Estimate!!Total:!!Americas:!!Latin America:!!Caribbean:!!Jamaica,B05006,B05006_139E,B05006: PLACE OF BIRTH FOR THE FOREIGN-BORN POPULATION IN THE UNITED STATES,BC-2020-131,2016-2020 ACS 5-Year Estimates,https://api.census.gov/data/2020/acs/acs5/groups/B05006.html,bergen_county_2020_acs_immigration_cleaned.csv,retrieved_and_moe_matched,"Country/area rows only; regional totals and residual categories are excluded, so these rows must not be summed as a complete Latin America total. source_period=2016-2020; geoid=05000US34003; margin_of_error=825; estimate_annotation=none; moe_annotation=none; 2016–2020 ACS 5-Year estimate; sample-based period estimate."
2020,2016-2020,Bergen County,St. Vincent and the Grenadines,Caribbean,192,128,persons,foreign_born_population,acs_5_year_estimate,named_countries_and_areas_only,foreign_born_country_of_birth_americas_latin_america_caribbean_st_vincent_and_the_grenadines,Americas > Latin America > Caribbean,Estimate!!Total:!!Americas:!!Latin America:!!Caribbean:!!St. Vincent and the Grenadines,B05006,B05006_140E,B05006: PLACE OF BIRTH FOR THE FOREIGN-BORN POPULATION IN THE UNITED STATES,BC-2020-132,2016-2020 ACS 5-Year Estimates,https://api.census.gov/data/2020/acs/acs5/groups/B05006.html,bergen_county_2020_acs_immigration_cleaned.csv,retrieved_and_moe_matched,"Country/area rows only; regional totals and residual categories are excluded, so these rows must not be summed as a complete Latin America total. source_period=2016-2020; geoid=05000US34003; margin_of_error=128; estimate_annotation=none; moe_annotation=none; 2016–2020 ACS 5-Year estimate; sample-based period estimate."
2020,2016-2020,Bergen County,Trinidad and Tobago,Caribbean,2133,655,persons,foreign_born_population,acs_5_year_estimate,named_countries_and_areas_only,foreign_born_country_of_birth_trinidad_and_tobago,Americas > Latin America > Caribbean,Estimate!!Total:!!Americas:!!Latin America:!!Caribbean:!!Trinidad and Tobago,B05006,B05006_141E,B05006: PLACE OF BIRTH FOR THE FOREIGN-BORN POPULATION IN THE UNITED STATES,BC-2020-133,2016-2020 ACS 5-Year Estimates,https://api.census.gov/data/2020/acs/acs5/groups/B05006.html,bergen_county_2020_acs_immigration_cleaned.csv,retrieved_and_moe_matched,"Country/area rows only; regional totals and residual categories are excluded, so these rows must not be summed as a complete Latin America total. source_period=2016-2020; geoid=05000US34003; margin_of_error=655; estimate_annotation=none; moe_annotation=none; 2016–2020 ACS 5-Year estimate; sample-based period estimate."
2020,2016-2020,Bergen County,Belize,Central America,62,48,persons,foreign_born_population,acs_5_year_estimate,named_countries_and_areas_only,foreign_born_country_of_birth_americas_latin_america_central_america_belize,Americas > Latin America > Central America,Estimate!!Total:!!Americas:!!Latin America:!!Central America:!!Belize,B05006,B05006_145E,B05006: PLACE OF BIRTH FOR THE FOREIGN-BORN POPULATION IN THE UNITED STATES,BC-2020-137,2016-2020 ACS 5-Year Estimates,https://api.census.gov/data/2020/acs/acs5/groups/B05006.html,bergen_county_2020_acs_immigration_cleaned.csv,retrieved_and_moe_matched,"Country/area rows only; regional totals and residual categories are excluded, so these rows must not be summed as a complete Latin America total. source_period=2016-2020; geoid=05000US34003; margin_of_error=48; estimate_annotation=none; moe_annotation=none; 2016–2020 ACS 5-Year estimate; sample-based period estimate."
2020,2016-2020,Bergen County,Costa Rica,Central America,1151,365,persons,foreign_born_population,acs_5_year_estimate,named_countries_and_areas_only,foreign_born_country_of_birth_costa_rica,Americas > Latin America > Central America,Estimate!!Total:!!Americas:!!Latin America:!!Central America:!!Costa Rica,B05006,B05006_146E,B05006: PLACE OF BIRTH FOR THE FOREIGN-BORN POPULATION IN THE UNITED STATES,BC-2020-138,2016-2020 ACS 5-Year Estimates,https://api.census.gov/data/2020/acs/acs5/groups/B05006.html,bergen_county_2020_acs_immigration_cleaned.csv,retrieved_and_moe_matched,"Country/area rows only; regional totals and residual categories are excluded, so these rows must not be summed as a complete Latin America total. source_period=2016-2020; geoid=05000US34003; margin_of_error=365; estimate_annotation=none; moe_annotation=none; 2016–2020 ACS 5-Year estimate; sample-based period estimate."
2020,2016-2020,Bergen County,El Salvador,Central America,4898,812,persons,foreign_born_population,acs_5_year_estimate,named_countries_and_areas_only,foreign_born_country_of_birth_el_salvador,Americas > Latin America > Central America,Estimate!!Total:!!Americas:!!Latin America:!!Central America:!!El Salvador,B05006,B05006_147E,B05006: PLACE OF BIRTH FOR THE FOREIGN-BORN POPULATION IN THE UNITED STATES,BC-2020-139,2016-2020 ACS 5-Year Estimates,https://api.census.gov/data/2020/acs/acs5/groups/B05006.html,bergen_county_2020_acs_immigration_cleaned.csv,retrieved_and_moe_matched,"Country/area rows only; regional totals and residual categories are excluded, so these rows must not be summed as a complete Latin America total. source_period=2016-2020; geoid=05000US34003; margin_of_error=812; estimate_annotation=none; moe_annotation=none; 2016–2020 ACS 5-Year estimate; sample-based period estimate."
2020,2016-2020,Bergen County,Guatemala,Central America,5450,1274,persons,foreign_born_population,acs_5_year_estimate,named_countries_and_areas_only,foreign_born_country_of_birth_guatemala,Americas > Latin America > Central America,Estimate!!Total:!!Americas:!!Latin America:!!Central America:!!Guatemala,B05006,B05006_148E,B05006: PLACE OF BIRTH FOR THE FOREIGN-BORN POPULATION IN THE UNITED STATES,BC-2020-140,2016-2020 ACS 5-Year Estimates,https://api.census.gov/data/2020/acs/acs5/groups/B05006.html,bergen_county_2020_acs_immigration_cleaned.csv,retrieved_and_moe_matched,"Country/area rows only; regional totals and residual categories are excluded, so these rows must not be summed as a complete Latin America total. source_period=2016-2020; geoid=05000US34003; margin_of_error=1274; estimate_annotation=none; moe_annotation=none; 2016–2020 ACS 5-Year estimate; sample-based period estimate."
2020,2016-2020,Bergen County,Honduras,Central America,2180,781,persons,foreign_born_population,acs_5_year_estimate,named_countries_and_areas_only,foreign_born_country_of_birth_honduras,Americas > Latin America > Central America,Estimate!!Total:!!Americas:!!Latin America:!!Central America:!!Honduras,B05006,B05006_149E,B05006: PLACE OF BIRTH FOR THE FOREIGN-BORN POPULATION IN THE UNITED STATES,BC-2020-141,2016-2020 ACS 5-Year Estimates,https://api.census.gov/data/2020/acs/acs5/groups/B05006.html,bergen_county_2020_acs_immigration_cleaned.csv,retrieved_and_moe_matched,"Country/area rows only; regional totals and residual categories are excluded, so these rows must not be summed as a complete Latin America total. source_period=2016-2020; geoid=05000US34003; margin_of_error=781; estimate_annotation=none; moe_annotation=none; 2016–2020 ACS 5-Year estimate; sample-based period estimate."
2020,2016-2020,Bergen County,Mexico,Central America,4918,813,persons,foreign_born_population,acs_5_year_estimate,named_countries_and_areas_only,foreign_born_country_of_birth_mexico,Americas > Latin America > Central America,Estimate!!Total:!!Americas:!!Latin America:!!Central America:!!Mexico,B05006,B05006_150E,B05006: PLACE OF BIRTH FOR THE FOREIGN-BORN POPULATION IN THE UNITED STATES,BC-2020-142,2016-2020 ACS 5-Year Estimates,https://api.census.gov/data/2020/acs/acs5/groups/B05006.html,bergen_county_2020_acs_immigration_cleaned.csv,retrieved_and_moe_matched,"Country/area rows only; regional totals and residual categories are excluded, so these rows must not be summed as a complete Latin America total. source_period=2016-2020; geoid=05000US34003; margin_of_error=813; estimate_annotation=none; moe_annotation=none; 2016–2020 ACS 5-Year estimate; sample-based period estimate."
2020,2016-2020,Bergen County,Nicaragua,Central America,349,217,persons,foreign_born_population,acs_5_year_estimate,named_countries_and_areas_only,foreign_born_country_of_birth_nicaragua,Americas > Latin America > Central America,Estimate!!Total:!!Americas:!!Latin America:!!Central America:!!Nicaragua,B05006,B05006_151E,B05006: PLACE OF BIRTH FOR THE FOREIGN-BORN POPULATION IN THE UNITED STATES,BC-2020-143,2016-2020 ACS 5-Year Estimates,https://api.census.gov/data/2020/acs/acs5/groups/B05006.html,bergen_county_2020_acs_immigration_cleaned.csv,retrieved_and_moe_matched,"Country/area rows only; regional totals and residual categories are excluded, so these rows must not be summed as a complete Latin America total. source_period=2016-2020; geoid=05000US34003; margin_of_error=217; estimate_annotation=none; moe_annotation=none; 2016–2020 ACS 5-Year estimate; sample-based period estimate."
2020,2016-2020,Bergen County,Panama,Central America,294,156,persons,foreign_born_population,acs_5_year_estimate,named_countries_and_areas_only,foreign_born_country_of_birth_panama,Americas > Latin America > Central America,Estimate!!Total:!!Americas:!!Latin America:!!Central America:!!Panama,B05006,B05006_152E,B05006: PLACE OF BIRTH FOR THE FOREIGN-BORN POPULATION IN THE UNITED STATES,BC-2020-144,2016-2020 ACS 5-Year Estimates,https://api.census.gov/data/2020/acs/acs5/groups/B05006.html,bergen_county_2020_acs_immigration_cleaned.csv,retrieved_and_moe_matched,"Country/area rows only; regional totals and residual categories are excluded, so these rows must not be summed as a complete Latin America total. source_period=2016-2020; geoid=05000US34003; margin_of_error=156; estimate_annotation=none; moe_annotation=none; 2016–2020 ACS 5-Year estimate; sample-based period estimate."
2020,2016-2020,Bergen County,Argentina,South America,2239,555,persons,foreign_born_population,acs_5_year_estimate,named_countries_and_areas_only,foreign_born_country_of_birth_argentina,Americas > Latin America > South America,Estimate!!Total:!!Americas:!!Latin America:!!South America:!!Argentina,B05006,B05006_155E,B05006: PLACE OF BIRTH FOR THE FOREIGN-BORN POPULATION IN THE UNITED STATES,BC-2020-147,2016-2020 ACS 5-Year Estimates,https://api.census.gov/data/2020/acs/acs5/groups/B05006.html,bergen_county_2020_acs_immigration_cleaned.csv,retrieved_and_moe_matched,"Country/area rows only; regional totals and residual categories are excluded, so these rows must not be summed as a complete Latin America total. source_period=2016-2020; geoid=05000US34003; margin_of_error=555; estimate_annotation=none; moe_annotation=none; 2016–2020 ACS 5-Year estimate; sample-based period estimate."
2020,2016-2020,Bergen County,Bolivia,South America,700,256,persons,foreign_born_population,acs_5_year_estimate,named_countries_and_areas_only,foreign_born_country_of_birth_bolivia,Americas > Latin America > South America,Estimate!!Total:!!Americas:!!Latin America:!!South America:!!Bolivia,B05006,B05006_156E,B05006: PLACE OF BIRTH FOR THE FOREIGN-BORN POPULATION IN THE UNITED STATES,BC-2020-148,2016-2020 ACS 5-Year Estimates,https://api.census.gov/data/2020/acs/acs5/groups/B05006.html,bergen_county_2020_acs_immigration_cleaned.csv,retrieved_and_moe_matched,"Country/area rows only; regional totals and residual categories are excluded, so these rows must not be summed as a complete Latin America total. source_period=2016-2020; geoid=05000US34003; margin_of_error=256; estimate_annotation=none; moe_annotation=none; 2016–2020 ACS 5-Year estimate; sample-based period estimate."
2020,2016-2020,Bergen County,Brazil,South America,3027,865,persons,foreign_born_population,acs_5_year_estimate,named_countries_and_areas_only,foreign_born_country_of_birth_brazil,Americas > Latin America > South America,Estimate!!Total:!!Americas:!!Latin America:!!South America:!!Brazil,B05006,B05006_157E,B05006: PLACE OF BIRTH FOR THE FOREIGN-BORN POPULATION IN THE UNITED STATES,BC-2020-149,2016-2020 ACS 5-Year Estimates,https://api.census.gov/data/2020/acs/acs5/groups/B05006.html,bergen_county_2020_acs_immigration_cleaned.csv,retrieved_and_moe_matched,"Country/area rows only; regional totals and residual categories are excluded, so these rows must not be summed as a complete Latin America total. source_period=2016-2020; geoid=05000US34003; margin_of_error=865; estimate_annotation=none; moe_annotation=none; 2016–2020 ACS 5-Year estimate; sample-based period estimate."
2020,2016-2020,Bergen County,Chile,South America,810,266,persons,foreign_born_population,acs_5_year_estimate,named_countries_and_areas_only,foreign_born_country_of_birth_chile,Americas > Latin America > South America,Estimate!!Total:!!Americas:!!Latin America:!!South America:!!Chile,B05006,B05006_158E,B05006: PLACE OF BIRTH FOR THE FOREIGN-BORN POPULATION IN THE UNITED STATES,BC-2020-150,2016-2020 ACS 5-Year Estimates,https://api.census.gov/data/2020/acs/acs5/groups/B05006.html,bergen_county_2020_acs_immigration_cleaned.csv,retrieved_and_moe_matched,"Country/area rows only; regional totals and residual categories are excluded, so these rows must not be summed as a complete Latin America total. source_period=2016-2020; geoid=05000US34003; margin_of_error=266; estimate_annotation=none; moe_annotation=none; 2016–2020 ACS 5-Year estimate; sample-based period estimate."
2020,2016-2020,Bergen County,Colombia,South America,15859,1442,persons,foreign_born_population,acs_5_year_estimate,named_countries_and_areas_only,foreign_born_country_of_birth_colombia,Americas > Latin America > South America,Estimate!!Total:!!Americas:!!Latin America:!!South America:!!Colombia,B05006,B05006_159E,B05006: PLACE OF BIRTH FOR THE FOREIGN-BORN POPULATION IN THE UNITED STATES,BC-2020-151,2016-2020 ACS 5-Year Estimates,https://api.census.gov/data/2020/acs/acs5/groups/B05006.html,bergen_county_2020_acs_immigration_cleaned.csv,retrieved_and_moe_matched,"Country/area rows only; regional totals and residual categories are excluded, so these rows must not be summed as a complete Latin America total. source_period=2016-2020; geoid=05000US34003; margin_of_error=1442; estimate_annotation=none; moe_annotation=none; 2016–2020 ACS 5-Year estimate; sample-based period estimate."
2020,2016-2020,Bergen County,Ecuador,South America,9750,1448,persons,foreign_born_population,acs_5_year_estimate,named_countries_and_areas_only,foreign_born_country_of_birth_ecuador,Americas > Latin America > South America,Estimate!!Total:!!Americas:!!Latin America:!!South America:!!Ecuador,B05006,B05006_160E,B05006: PLACE OF BIRTH FOR THE FOREIGN-BORN POPULATION IN THE UNITED STATES,BC-2020-152,2016-2020 ACS 5-Year Estimates,https://api.census.gov/data/2020/acs/acs5/groups/B05006.html,bergen_county_2020_acs_immigration_cleaned.csv,retrieved_and_moe_matched,"Country/area rows only; regional totals and residual categories are excluded, so these rows must not be summed as a complete Latin America total. source_period=2016-2020; geoid=05000US34003; margin_of_error=1448; estimate_annotation=none; moe_annotation=none; 2016–2020 ACS 5-Year estimate; sample-based period estimate."
2020,2016-2020,Bergen County,Guyana,South America,1733,508,persons,foreign_born_population,acs_5_year_estimate,named_countries_and_areas_only,foreign_born_country_of_birth_guyana,Americas > Latin America > South America,Estimate!!Total:!!Americas:!!Latin America:!!South America:!!Guyana,B05006,B05006_161E,B05006: PLACE OF BIRTH FOR THE FOREIGN-BORN POPULATION IN THE UNITED STATES,BC-2020-153,2016-2020 ACS 5-Year Estimates,https://api.census.gov/data/2020/acs/acs5/groups/B05006.html,bergen_county_2020_acs_immigration_cleaned.csv,retrieved_and_moe_matched,"Country/area rows only; regional totals and residual categories are excluded, so these rows must not be summed as a complete Latin America total. source_period=2016-2020; geoid=05000US34003; margin_of_error=508; estimate_annotation=none; moe_annotation=none; 2016–2020 ACS 5-Year estimate; sample-based period estimate."
2020,2016-2020,Bergen County,Peru,South America,5803,908,persons,foreign_born_population,acs_5_year_estimate,named_countries_and_areas_only,foreign_born_country_of_birth_peru,Americas > Latin America > South America,Estimate!!Total:!!Americas:!!Latin America:!!South America:!!Peru,B05006,B05006_162E,B05006: PLACE OF BIRTH FOR THE FOREIGN-BORN POPULATION IN THE UNITED STATES,BC-2020-154,2016-2020 ACS 5-Year Estimates,https://api.census.gov/data/2020/acs/acs5/groups/B05006.html,bergen_county_2020_acs_immigration_cleaned.csv,retrieved_and_moe_matched,"Country/area rows only; regional totals and residual categories are excluded, so these rows must not be summed as a complete Latin America total. source_period=2016-2020; geoid=05000US34003; margin_of_error=908; estimate_annotation=none; moe_annotation=none; 2016–2020 ACS 5-Year estimate; sample-based period estimate."
2020,2016-2020,Bergen County,Uruguay,South America,271,134,persons,foreign_born_population,acs_5_year_estimate,named_countries_and_areas_only,foreign_born_country_of_birth_americas_latin_america_south_america_uruguay,Americas > Latin America > South America,Estimate!!Total:!!Americas:!!Latin America:!!South America:!!Uruguay,B05006,B05006_163E,B05006: PLACE OF BIRTH FOR THE FOREIGN-BORN POPULATION IN THE UNITED STATES,BC-2020-155,2016-2020 ACS 5-Year Estimates,https://api.census.gov/data/2020/acs/acs5/groups/B05006.html,bergen_county_2020_acs_immigration_cleaned.csv,retrieved_and_moe_matched,"Country/area rows only; regional totals and residual categories are excluded, so these rows must not be summed as a complete Latin America total. source_period=2016-2020; geoid=05000US34003; margin_of_error=134; estimate_annotation=none; moe_annotation=none; 2016–2020 ACS 5-Year estimate; sample-based period estimate."
2020,2016-2020,Bergen County,Venezuela,South America,700,205,persons,foreign_born_population,acs_5_year_estimate,named_countries_and_areas_only,foreign_born_country_of_birth_venezuela,Americas > Latin America > South America,Estimate!!Total:!!Americas:!!Latin America:!!South America:!!Venezuela,B05006,B05006_164E,B05006: PLACE OF BIRTH FOR THE FOREIGN-BORN POPULATION IN THE UNITED STATES,BC-2020-156,2016-2020 ACS 5-Year Estimates,https://api.census.gov/data/2020/acs/acs5/groups/B05006.html,bergen_county_2020_acs_immigration_cleaned.csv,retrieved_and_moe_matched,"Country/area rows only; regional totals and residual categories are excluded, so these rows must not be summed as a complete Latin America total. source_period=2016-2020; geoid=05000US34003; margin_of_error=205; estimate_annotation=none; moe_annotation=none; 2016–2020 ACS 5-Year estimate; sample-based period estimate."
