year,source_period,geography,european_group,group_type,european_subregion,hierarchy_level,population,margin_of_error,unit,measure_scope,historical_comparability,standard_variable,parent_label,source_label,table_id,table,crosswalk_id,publication,official_source_url,source_file,verification_status,notes
1970,1970,Bergen County,Europe,region_total,,0,75188,,persons,foreign_born_population,same_broad_region_with_category_caution,foreign_born_country_of_birth_europe,,Foreign born!!Europe (sum of 22 European-origin categories),NT22,Tabulation 22: Country of Origin and Nativity (15%),BC-1970-036,1970 Census of Population: Fourth Count Population Summary Tape,https://catalog.archives.gov/id/594239,CEN70.CT4CP.NJ.TXT,decoded_and_reconciled,"1970 Fourth Count 15% sample tabulation. Derived by summing all 22 European-origin categories in the foreign-born half of NT22 across Urban Total (record 01), Rural Nonfarm Total (05), and Rural Farm Total (09). The result is 75,188 and NT22 reconciles exactly to 95,393 foreign-born persons and 352,196 foreign-stock persons."
1970,1970,Bergen County,Austria,country_or_area,,1,14388,,persons,foreign_stock,not_directly_comparable_1970_foreign_stock,foreign_stock_austria,,Austria,,Table 119: Social Characteristics for Counties: 1970,BC-1970-002,1970 Census of Population,,1970a_nj1-08table119.pdf,verified,
1970,1970,Bergen County,Czechoslovakia,legacy_multi_country_area,,1,8226,,persons,foreign_stock,not_directly_comparable_1970_foreign_stock,foreign_stock_czechoslovakia,,Czechoslovakia,,Table 119: Social Characteristics for Counties: 1970,BC-1970-005,1970 Census of Population,,CEN70.CT4CP.NJ.TXT,decoded_and_reconciled,"Corrected from 9,226 to 8,226 using machine-readable Fourth Count NT22; this is foreign stock, not foreign-born population."
1970,1970,Bergen County,Germany,country_or_area,,1,41753,,persons,foreign_stock,not_directly_comparable_1970_foreign_stock,foreign_stock_germany,,Germany,,Table 119: Social Characteristics for Counties: 1970,BC-1970-011,1970 Census of Population,,1970a_nj1-08table119.pdf,verified,Table footnote includes West Germany and East Germany
1970,1970,Bergen County,Hungary,country_or_area,,1,8134,,persons,foreign_stock,not_directly_comparable_1970_foreign_stock,foreign_stock_hungary,,Hungary,,Table 119: Social Characteristics for Counties: 1970,BC-1970-012,1970 Census of Population,,1970a_nj1-08table119.pdf,verified,
1970,1970,Bergen County,Ireland,country_or_area,,1,22496,,persons,foreign_stock,not_directly_comparable_1970_foreign_stock,foreign_stock_ireland,,Ireland,,Table 119: Social Characteristics for Counties: 1970,BC-1970-013,1970 Census of Population,,1970a_nj1-08table119.pdf,verified,
1970,1970,Bergen County,Italy,country_or_area,,1,91390,,persons,foreign_stock,not_directly_comparable_1970_foreign_stock,foreign_stock_italy,,Italy,,Table 119: Social Characteristics for Counties: 1970,BC-1970-014,1970 Census of Population,,1970a_nj1-08table119.pdf,verified,Not equivalent to foreign-born persons born in Italy
1970,1970,Bergen County,Poland,country_or_area,,1,31390,,persons,foreign_stock,not_directly_comparable_1970_foreign_stock,foreign_stock_poland,,Poland,,Table 119: Social Characteristics for Counties: 1970,BC-1970-023,1970 Census of Population,,1970a_nj1-08table119.pdf,verified,
1970,1970,Bergen County,Sweden,country_or_area,,1,3426,,persons,foreign_stock,not_directly_comparable_1970_foreign_stock,foreign_stock_sweden,,Sweden,,Table 119: Social Characteristics for Counties: 1970,BC-1970-025,1970 Census of Population,,1970a_nj1-08table119.pdf,verified,
1970,1970,Bergen County,U.S.S.R.,legacy_multi_country_area,,1,21190,,persons,foreign_stock,not_directly_comparable_1970_foreign_stock,foreign_stock_ussr,,U.S.S.R.,,Table 119: Social Characteristics for Counties: 1970,BC-1970-029,1970 Census of Population,,1970a_nj1-08table119.pdf,verified,
1970,1970,Bergen County,United Kingdom,country_or_area,,1,24852,,persons,foreign_stock,not_directly_comparable_1970_foreign_stock,foreign_stock_united_kingdom,,United Kingdom,,Table 119: Social Characteristics for Counties: 1970,BC-1970-030,1970 Census of Population,,1970a_nj1-08table119.pdf,verified,Not equivalent to foreign-born persons born in the United Kingdom
1980,1980,Bergen County,Austria,country_or_area,,1,1858,,persons,foreign_born_population,unknown,foreign_born_country_of_birth_austria,,Austria,,Table 172: Nativity and Language for Counties: 1980,BC-1980-033,1980 Census of Population,,1980a_njc-09table172.pdf,,
1980,1980,Bergen County,Czechoslovakia,legacy_multi_country_area,,1,1455,,persons,foreign_born_population,unknown,foreign_born_country_of_birth_czechoslovakia,,Czechoslovakia,,Table 172: Nativity and Language for Counties: 1980,BC-1980-038,1980 Census of Population,,1980a_njc-09table172.pdf,,
1980,1980,Bergen County,England,country_component,,2,3334,,persons,foreign_born_population,unknown,foreign_born_country_of_birth_england,Europe > United Kingdom,England,,Table 172: Nativity and Language for Counties: 1980,BC-1980-040,1980 Census of Population,,1980a_njc-09table172.pdf,,Subcategory of United Kingdom
1980,1980,Bergen County,Europe,region_total,,0,66732,,persons,foreign_born_population,unknown,foreign_born_country_of_birth_europe,,Europe,,Table 172: Nativity and Language for Counties: 1980,BC-1980-041,1980 Census of Population,,1980a_njc-09table172.pdf,,
1980,1980,Bergen County,France,country_or_area,,1,1310,,persons,foreign_born_population,unknown,foreign_born_country_of_birth_france,,France,,Table 172: Nativity and Language for Counties: 1980,BC-1980-043,1980 Census of Population,,1980a_njc-09table172.pdf,,
1980,1980,Bergen County,Germany,country_or_area,,1,10970,,persons,foreign_born_population,unknown,foreign_born_country_of_birth_germany,,Germany,,Table 172: Nativity and Language for Counties: 1980,BC-1980-044,1980 Census of Population,,1980a_njc-09table172.pdf,,
1980,1980,Bergen County,Greece,country_or_area,,1,3640,,persons,foreign_born_population,unknown,foreign_born_country_of_birth_greece,,Greece,,Table 172: Nativity and Language for Counties: 1980,BC-1980-045,1980 Census of Population,,1980a_njc-09table172.pdf,,
1980,1980,Bergen County,Hungary,country_or_area,,1,1669,,persons,foreign_born_population,unknown,foreign_born_country_of_birth_hungary,,Hungary,,Table 172: Nativity and Language for Counties: 1980,BC-1980-046,1980 Census of Population,,1980a_njc-09table172.pdf,,
1980,1980,Bergen County,Ireland,country_or_area,,1,3582,,persons,foreign_born_population,unknown,foreign_born_country_of_birth_ireland,,Ireland,,Table 172: Nativity and Language for Counties: 1980,BC-1980-048,1980 Census of Population,,1980a_njc-09table172.pdf,,
1980,1980,Bergen County,Italy,country_or_area,,1,18479,,persons,foreign_born_population,unknown,foreign_born_country_of_birth_italy,,Italy,,Table 172: Nativity and Language for Counties: 1980,BC-1980-049,1980 Census of Population,,1980a_njc-09table172.pdf,,
1980,1980,Bergen County,Netherlands,country_or_area,,1,1287,,persons,foreign_born_population,unknown,foreign_born_country_of_birth_netherlands,,Netherlands,,Table 172: Nativity and Language for Counties: 1980,BC-1980-054,1980 Census of Population,,1980a_njc-09table172.pdf,,
1980,1980,Bergen County,Northern Ireland,country_component,,2,400,,persons,foreign_born_population,unknown,foreign_born_country_of_birth_northern_ireland,Europe > United Kingdom,Northern Ireland,,Table 172: Nativity and Language for Counties: 1980,BC-1980-057,1980 Census of Population,,1980a_njc-09table172.pdf,,Subcategory of United Kingdom
1980,1980,Bergen County,Other Europe (not separately reported),residual_category,,1,2199,,persons,foreign_born_population,unknown,foreign_born_country_of_birth_europe_other_not_separately_reported,Europe,Other Europe (not separately reported),,Table 172: Nativity and Language for Counties: 1980,BC-1980-117,Derived from 1980 Census of Population,https://www2.census.gov/library/publications/decennial/1980/volume-1/new-jersey/1980a_njc-09.pdf,1980a_njc-09table172.pdf,verified_derived_reconciliation,"Exact derived residual: 66,732 Europe total minus 64,533 across the 15 non-overlapping published European country/area totals. The source does not identify the countries contained in this remainder."
1980,1980,Bergen County,Poland,country_or_area,,1,7029,,persons,foreign_born_population,unknown,foreign_born_country_of_birth_poland,,Poland,,Table 172: Nativity and Language for Counties: 1980,BC-1980-060,1980 Census of Population,,1980a_njc-09table172.pdf,,
1980,1980,Bergen County,Portugal,country_or_area,,1,959,,persons,foreign_born_population,unknown,foreign_born_country_of_birth_portugal,,Portugal,,Table 172: Nativity and Language for Counties: 1980,BC-1980-061,1980 Census of Population,,1980a_njc-09table172.pdf,,
1980,1980,Bergen County,Scotland,country_component,,2,1956,,persons,foreign_born_population,unknown,foreign_born_country_of_birth_scotland,Europe > United Kingdom,Scotland,,Table 172: Nativity and Language for Counties: 1980,BC-1980-062,1980 Census of Population,,1980a_njc-09table172.pdf,,Subcategory of United Kingdom
1980,1980,Bergen County,Sweden,country_or_area,,1,423,,persons,foreign_born_population,unknown,foreign_born_country_of_birth_sweden,,Sweden,,Table 172: Nativity and Language for Counties: 1980,BC-1980-064,1980 Census of Population,,1980a_njc-09table172.pdf,,
1980,1980,Bergen County,U.S.S.R.,legacy_multi_country_area,,1,2745,,persons,foreign_born_population,unknown,foreign_born_country_of_birth_ussr,,U.S.S.R.,,Table 172: Nativity and Language for Counties: 1980,BC-1980-065,1980 Census of Population,,1980a_njc-09table172.pdf,,
1980,1980,Bergen County,United Kingdom,country_or_area,,1,6309,,persons,foreign_born_population,unknown,foreign_born_country_of_birth_united_kingdom,,United Kingdom,,Table 172: Nativity and Language for Counties: 1980,BC-1980-066,1980 Census of Population,,1980a_njc-09table172.pdf,,
1980,1980,Bergen County,"United Kingdom, not further specified",residual_category,,2,543,,persons,foreign_born_population,unknown,foreign_born_country_of_birth_united_kingdom_not_further_specified,Europe > United Kingdom,"United Kingdom, not further specified",,Table 172: Nativity and Language for Counties: 1980,BC-1980-118,Derived from 1980 Census of Population,https://www2.census.gov/library/publications/decennial/1980/volume-1/new-jersey/1980a_njc-09.pdf,1980a_njc-09table172.pdf,verified_derived_reconciliation,"Exact derived residual: 6,309 United Kingdom total minus 5,766 across the four published United Kingdom components, yielding 543."
1980,1980,Bergen County,Wales,country_component,,2,76,,persons,foreign_born_population,unknown,foreign_born_country_of_birth_wales,Europe > United Kingdom,Wales,,Table 172: Nativity and Language for Counties: 1980,BC-1980-068,1980 Census of Population,,1980a_njc-09table172.pdf,verified_against_printed_source,Subcategory of United Kingdom. Corrected from 70 to 76 after direct visual verification against the printed 1980 Census Table 172.
1980,1980,Bergen County,Yugoslavia,legacy_multi_country_area,,1,2818,,persons,foreign_born_population,unknown,foreign_born_country_of_birth_yugoslavia,,Yugoslavia,,Table 172: Nativity and Language for Counties: 1980,BC-1980-070,1980 Census of Population,,1980a_njc-09table172.pdf,,
1990,1990,Bergen County,Austria,country_or_area,,1,993,,persons,foreign_born_population,unknown,foreign_born_country_of_birth_austria,Europe,Austria,,Table 139: Place of Birth of Foreign-Born Persons: 1990,BC-1990-091,"1990 Census of Population: Social and Economic Characteristics, New Jersey",,cp-2-32-1table139.pdf,,
1990,1990,Bergen County,Belgium,country_or_area,,1,364,,persons,foreign_born_population,unknown,foreign_born_country_of_birth_belgium,Europe,Belgium,,Table 139: Place of Birth of Foreign-Born Persons: 1990,BC-1990-092,"1990 Census of Population: Social and Economic Characteristics, New Jersey",,cp-2-32-1table139.pdf,,
1990,1990,Bergen County,Czechoslovakia,legacy_multi_country_area,,1,1203,,persons,foreign_born_population,unknown,foreign_born_country_of_birth_czechoslovakia,Europe,Czechoslovakia,,Table 139: Place of Birth of Foreign-Born Persons: 1990,BC-1990-093,"1990 Census of Population: Social and Economic Characteristics, New Jersey",,cp-2-32-1table139.pdf,,
1990,1990,Bergen County,Denmark,country_or_area,,1,225,,persons,foreign_born_population,unknown,foreign_born_country_of_birth_denmark,Europe,Denmark,,Table 139: Place of Birth of Foreign-Born Persons: 1990,BC-1990-094,"1990 Census of Population: Social and Economic Characteristics, New Jersey",,cp-2-32-1table139.pdf,,
1990,1990,Bergen County,Estonia,country_or_area,,1,198,,persons,foreign_born_population,unknown,foreign_born_country_of_birth_estonia,Europe,Estonia,,Table 139: Place of Birth of Foreign-Born Persons: 1990,BC-1990-095,"1990 Census of Population: Social and Economic Characteristics, New Jersey",,cp-2-32-1table139.pdf,,
1990,1990,Bergen County,Finland,country_or_area,,1,182,,persons,foreign_born_population,unknown,foreign_born_country_of_birth_finland,Europe,Finland,,Table 139: Place of Birth of Foreign-Born Persons: 1990,BC-1990-096,"1990 Census of Population: Social and Economic Characteristics, New Jersey",,cp-2-32-1table139.pdf,,
1990,1990,Bergen County,France,country_or_area,,1,1483,,persons,foreign_born_population,unknown,foreign_born_country_of_birth_france,Europe,France,,Table 139: Place of Birth of Foreign-Born Persons: 1990,BC-1990-097,"1990 Census of Population: Social and Economic Characteristics, New Jersey",,cp-2-32-1table139.pdf,,
1990,1990,Bergen County,Germany,country_or_area,,1,8156,,persons,foreign_born_population,unknown,foreign_born_country_of_birth_germany,Europe,Germany,,Table 139: Place of Birth of Foreign-Born Persons: 1990,BC-1990-098,"1990 Census of Population: Social and Economic Characteristics, New Jersey",,cp-2-32-1table139.pdf,,
1990,1990,Bergen County,Greece,country_or_area,,1,3821,,persons,foreign_born_population,unknown,foreign_born_country_of_birth_greece,Europe,Greece,,Table 139: Place of Birth of Foreign-Born Persons: 1990,BC-1990-099,"1990 Census of Population: Social and Economic Characteristics, New Jersey",,cp-2-32-1table139.pdf,,
1990,1990,Bergen County,Hungary,country_or_area,,1,1369,,persons,foreign_born_population,unknown,foreign_born_country_of_birth_hungary,Europe,Hungary,,Table 139: Place of Birth of Foreign-Born Persons: 1990,BC-1990-100,"1990 Census of Population: Social and Economic Characteristics, New Jersey",,cp-2-32-1table139.pdf,,
1990,1990,Bergen County,Ireland,country_or_area,,1,3768,,persons,foreign_born_population,unknown,foreign_born_country_of_birth_ireland,Europe,Ireland,,Table 139: Place of Birth of Foreign-Born Persons: 1990,BC-1990-101,"1990 Census of Population: Social and Economic Characteristics, New Jersey",,cp-2-32-1table139.pdf,,
1990,1990,Bergen County,Italy,country_or_area,,1,14064,,persons,foreign_born_population,unknown,foreign_born_country_of_birth_italy,Europe,Italy,,Table 139: Place of Birth of Foreign-Born Persons: 1990,BC-1990-102,"1990 Census of Population: Social and Economic Characteristics, New Jersey",,cp-2-32-1table139.pdf,,
1990,1990,Bergen County,Latvia,country_or_area,,1,282,,persons,foreign_born_population,unknown,foreign_born_country_of_birth_latvia,Europe,Latvia,,Table 139: Place of Birth of Foreign-Born Persons: 1990,BC-1990-103,"1990 Census of Population: Social and Economic Characteristics, New Jersey",,cp-2-32-1table139.pdf,,
1990,1990,Bergen County,Lithuania,country_or_area,,1,188,,persons,foreign_born_population,unknown,foreign_born_country_of_birth_lithuania,Europe,Lithuania,,Table 139: Place of Birth of Foreign-Born Persons: 1990,BC-1990-104,"1990 Census of Population: Social and Economic Characteristics, New Jersey",,cp-2-32-1table139.pdf,,
1990,1990,Bergen County,Netherlands,country_or_area,,1,770,,persons,foreign_born_population,unknown,foreign_born_country_of_birth_netherlands,Europe,Netherlands,,Table 139: Place of Birth of Foreign-Born Persons: 1990,BC-1990-105,"1990 Census of Population: Social and Economic Characteristics, New Jersey",,cp-2-32-1table139.pdf,,
1990,1990,Bergen County,Norway,country_or_area,,1,357,,persons,foreign_born_population,unknown,foreign_born_country_of_birth_norway,Europe,Norway,,Table 139: Place of Birth of Foreign-Born Persons: 1990,BC-1990-106,"1990 Census of Population: Social and Economic Characteristics, New Jersey",,cp-2-32-1table139.pdf,,
1990,1990,Bergen County,Poland,country_or_area,,1,7110,,persons,foreign_born_population,unknown,foreign_born_country_of_birth_poland,Europe,Poland,,Table 139: Place of Birth of Foreign-Born Persons: 1990,BC-1990-107,"1990 Census of Population: Social and Economic Characteristics, New Jersey",,cp-2-32-1table139.pdf,,
1990,1990,Bergen County,Portugal,country_or_area,,1,1365,,persons,foreign_born_population,unknown,foreign_born_country_of_birth_portugal,Europe,Portugal,,Table 139: Place of Birth of Foreign-Born Persons: 1990,BC-1990-108,"1990 Census of Population: Social and Economic Characteristics, New Jersey",,cp-2-32-1table139.pdf,,
1990,1990,Bergen County,Romania,country_or_area,,1,844,,persons,foreign_born_population,unknown,foreign_born_country_of_birth_romania,Europe,Romania,,Table 139: Place of Birth of Foreign-Born Persons: 1990,BC-1990-109,"1990 Census of Population: Social and Economic Characteristics, New Jersey",,cp-2-32-1table139.pdf,,
1990,1990,Bergen County,Spain,country_or_area,,1,962,,persons,foreign_born_population,unknown,foreign_born_country_of_birth_spain,Europe,Spain,,Table 139: Place of Birth of Foreign-Born Persons: 1990,BC-1990-110,"1990 Census of Population: Social and Economic Characteristics, New Jersey",,cp-2-32-1table139.pdf,,
1990,1990,Bergen County,Sweden,country_or_area,,1,364,,persons,foreign_born_population,unknown,foreign_born_country_of_birth_sweden,Europe,Sweden,,Table 139: Place of Birth of Foreign-Born Persons: 1990,BC-1990-111,"1990 Census of Population: Social and Economic Characteristics, New Jersey",,cp-2-32-1table139.pdf,,
1990,1990,Bergen County,Switzerland,country_or_area,,1,540,,persons,foreign_born_population,unknown,foreign_born_country_of_birth_switzerland,Europe,Switzerland,,Table 139: Place of Birth of Foreign-Born Persons: 1990,BC-1990-112,"1990 Census of Population: Social and Economic Characteristics, New Jersey",,cp-2-32-1table139.pdf,,
1990,1990,Bergen County,United Kingdom,country_or_area,,1,4638,,persons,foreign_born_population,unknown,foreign_born_country_of_birth_united_kingdom,Europe,United Kingdom,,Table 139: Place of Birth of Foreign-Born Persons: 1990,BC-1990-113,"1990 Census of Population: Social and Economic Characteristics, New Jersey",,cp-2-32-1table139.pdf,,
1990,1990,Bergen County,Yugoslavia,legacy_multi_country_area,,1,3229,,persons,foreign_born_population,unknown,foreign_born_country_of_birth_yugoslavia,Europe,Yugoslavia,,Table 139: Place of Birth of Foreign-Born Persons: 1990,BC-1990-114,"1990 Census of Population: Social and Economic Characteristics, New Jersey",,cp-2-32-1table139.pdf,,
1990,1990,Bergen County,Other Europe (not separately reported),residual_category,,1,533,,persons,foreign_born_population,unknown,foreign_born_country_of_birth_europe_other_not_separately_reported,Europe,Other Europe (not separately reported),,Table 139: Place of Birth of Foreign-Born Persons: 1990,BC-1990-184,Derived from 1990 Census of Population,,cp-2-32-1table139.pdf,verified_derived_reconciliation,"Exact derived residual: 57,008 Europe total minus 56,475 across the 24 non-overlapping countries printed under Europe. The separately published Soviet Union category is outside the source's Europe hierarchy and is not part of this calculation. The source does not identify the countries contained in the 533-person remainder."
1990,1990,Bergen County,Europe,region_total,,0,57008,,persons,foreign_born_population,unknown,foreign_born_region_of_birth_europe,Foreign-born persons,Europe,,Table 139: Place of Birth of Foreign-Born Persons: 1990,BC-1990-090,"1990 Census of Population: Social and Economic Characteristics, New Jersey",,cp-2-32-1table139.pdf,,
1990,1990,Bergen County,Soviet Union,legacy_multi_country_area,,1,3034,,persons,foreign_born_population,unknown,foreign_born_country_of_birth_soviet_union,Foreign-born persons,Soviet Union,,Table 139: Place of Birth of Foreign-Born Persons: 1990,BC-1990-115,"1990 Census of Population: Social and Economic Characteristics, New Jersey",,cp-2-32-1table139.pdf,,
2000,2000,Bergen County,Europe,region_total,,0,67837,,persons,foreign_born_population,unknown,foreign_born_country_of_birth_europe,,Europe,PCT19,PCT19: Place of Birth for the Foreign-Born Population,BC-2000-013,Census 2000 Summary File 3 (SF 3),https://api.census.gov/data/2000/dec/sf3/groups/PCT019.html,bergen_county_2000_immigration_tables.csv,,SF3 sample data; n.e.c. = not elsewhere classified.
2000,2000,Bergen County,Eastern Europe,subregion_total,Eastern Europe,1,32854,,persons,foreign_born_population,unknown,foreign_born_country_of_birth_europe_eastern_europe,Europe,Eastern Europe,PCT19,PCT19: Place of Birth for the Foreign-Born Population,BC-2000-031,Census 2000 Summary File 3 (SF 3),https://api.census.gov/data/2000/dec/sf3/groups/PCT019.html,bergen_county_2000_immigration_tables.csv,,SF3 sample data; n.e.c. = not elsewhere classified.
2000,2000,Bergen County,"Europe, n.e.c.",residual_category,,1,9,,persons,foreign_born_population,unknown,foreign_born_country_of_birth_europe_europe_n_e_c,Europe,"Europe, n.e.c.",PCT19,PCT19: Place of Birth for the Foreign-Born Population,BC-2000-042,Census 2000 Summary File 3 (SF 3),https://api.census.gov/data/2000/dec/sf3/groups/PCT019.html,bergen_county_2000_immigration_tables.csv,,SF3 sample data; n.e.c. = not elsewhere classified.
2000,2000,Bergen County,Northern Europe,subregion_total,Northern Europe,1,7996,,persons,foreign_born_population,unknown,foreign_born_country_of_birth_europe_northern_europe,Europe,Northern Europe,PCT19,PCT19: Place of Birth for the Foreign-Born Population,BC-2000-014,Census 2000 Summary File 3 (SF 3),https://api.census.gov/data/2000/dec/sf3/groups/PCT019.html,bergen_county_2000_immigration_tables.csv,,SF3 sample data; n.e.c. = not elsewhere classified.
2000,2000,Bergen County,Southern Europe,subregion_total,Southern Europe,1,18054,,persons,foreign_born_population,unknown,foreign_born_country_of_birth_europe_southern_europe,Europe,Southern Europe,PCT19,PCT19: Place of Birth for the Foreign-Born Population,BC-2000-025,Census 2000 Summary File 3 (SF 3),https://api.census.gov/data/2000/dec/sf3/groups/PCT019.html,bergen_county_2000_immigration_tables.csv,,SF3 sample data; n.e.c. = not elsewhere classified.
2000,2000,Bergen County,Western Europe,subregion_total,Western Europe,1,8924,,persons,foreign_born_population,unknown,foreign_born_country_of_birth_europe_western_europe,Europe,Western Europe,PCT19,PCT19: Place of Birth for the Foreign-Born Population,BC-2000-019,Census 2000 Summary File 3 (SF 3),https://api.census.gov/data/2000/dec/sf3/groups/PCT019.html,bergen_county_2000_immigration_tables.csv,,SF3 sample data; n.e.c. = not elsewhere classified.
2000,2000,Bergen County,Belarus,country_or_area,Eastern Europe,2,437,,persons,foreign_born_population,unknown,foreign_born_country_of_birth_europe_eastern_europe_belarus,Europe > Eastern Europe,Belarus,PCT19,PCT19: Place of Birth for the Foreign-Born Population,BC-2000-036,Census 2000 Summary File 3 (SF 3),https://api.census.gov/data/2000/dec/sf3/groups/PCT019.html,bergen_county_2000_immigration_tables.csv,,SF3 sample data; n.e.c. = not elsewhere classified.
2000,2000,Bergen County,Bosnia and Herzegovina,country_or_area,Eastern Europe,2,197,,persons,foreign_born_population,unknown,foreign_born_country_of_birth_europe_eastern_europe_bosnia_and_herzegovina,Europe > Eastern Europe,Bosnia and Herzegovina,PCT19,PCT19: Place of Birth for the Foreign-Born Population,BC-2000-039,Census 2000 Summary File 3 (SF 3),https://api.census.gov/data/2000/dec/sf3/groups/PCT019.html,bergen_county_2000_immigration_tables.csv,,SF3 sample data; n.e.c. = not elsewhere classified.
2000,2000,Bergen County,Czechoslovakia,legacy_multi_country_area,Eastern Europe,2,668,,persons,foreign_born_population,unknown,foreign_born_country_of_birth_czechoslovakia,Europe > Eastern Europe,Czechoslovakia,PCT19,PCT19: Place of Birth for the Foreign-Born Population,BC-2000-032,Census 2000 Summary File 3 (SF 3),https://api.census.gov/data/2000/dec/sf3/groups/PCT019.html,bergen_county_2000_immigration_tables.csv,,SF3 sample data; n.e.c. = not elsewhere classified.
2000,2000,Bergen County,Hungary,country_or_area,Eastern Europe,2,1163,,persons,foreign_born_population,unknown,foreign_born_country_of_birth_hungary,Europe > Eastern Europe,Hungary,PCT19,PCT19: Place of Birth for the Foreign-Born Population,BC-2000-033,Census 2000 Summary File 3 (SF 3),https://api.census.gov/data/2000/dec/sf3/groups/PCT019.html,bergen_county_2000_immigration_tables.csv,,SF3 sample data; n.e.c. = not elsewhere classified.
2000,2000,Bergen County,Other Eastern Europe,residual_category,Eastern Europe,2,6047,,persons,foreign_born_population,unknown,foreign_born_country_of_birth_europe_eastern_europe_other_eastern_europe,Europe > Eastern Europe,Other Eastern Europe,PCT19,PCT19: Place of Birth for the Foreign-Born Population,BC-2000-041,Census 2000 Summary File 3 (SF 3),https://api.census.gov/data/2000/dec/sf3/groups/PCT019.html,bergen_county_2000_immigration_tables.csv,,SF3 sample data; n.e.c. = not elsewhere classified.
2000,2000,Bergen County,Poland,country_or_area,Eastern Europe,2,13737,,persons,foreign_born_population,unknown,foreign_born_country_of_birth_poland,Europe > Eastern Europe,Poland,PCT19,PCT19: Place of Birth for the Foreign-Born Population,BC-2000-034,Census 2000 Summary File 3 (SF 3),https://api.census.gov/data/2000/dec/sf3/groups/PCT019.html,bergen_county_2000_immigration_tables.csv,,SF3 sample data; n.e.c. = not elsewhere classified.
2000,2000,Bergen County,Romania,country_or_area,Eastern Europe,2,1222,,persons,foreign_born_population,unknown,foreign_born_country_of_birth_romania,Europe > Eastern Europe,Romania,PCT19,PCT19: Place of Birth for the Foreign-Born Population,BC-2000-035,Census 2000 Summary File 3 (SF 3),https://api.census.gov/data/2000/dec/sf3/groups/PCT019.html,bergen_county_2000_immigration_tables.csv,,SF3 sample data; n.e.c. = not elsewhere classified.
2000,2000,Bergen County,Russia,country_or_area,Eastern Europe,2,5258,,persons,foreign_born_population,unknown,foreign_born_country_of_birth_europe_eastern_europe_russia,Europe > Eastern Europe,Russia,PCT19,PCT19: Place of Birth for the Foreign-Born Population,BC-2000-037,Census 2000 Summary File 3 (SF 3),https://api.census.gov/data/2000/dec/sf3/groups/PCT019.html,bergen_county_2000_immigration_tables.csv,,SF3 sample data; n.e.c. = not elsewhere classified.
2000,2000,Bergen County,Ukraine,country_or_area,Eastern Europe,2,2770,,persons,foreign_born_population,unknown,foreign_born_country_of_birth_europe_eastern_europe_ukraine,Europe > Eastern Europe,Ukraine,PCT19,PCT19: Place of Birth for the Foreign-Born Population,BC-2000-038,Census 2000 Summary File 3 (SF 3),https://api.census.gov/data/2000/dec/sf3/groups/PCT019.html,bergen_county_2000_immigration_tables.csv,,SF3 sample data; n.e.c. = not elsewhere classified.
2000,2000,Bergen County,Yugoslavia,legacy_multi_country_area,Eastern Europe,2,1355,,persons,foreign_born_population,unknown,foreign_born_country_of_birth_yugoslavia,Europe > Eastern Europe,Yugoslavia,PCT19,PCT19: Place of Birth for the Foreign-Born Population,BC-2000-040,Census 2000 Summary File 3 (SF 3),https://api.census.gov/data/2000/dec/sf3/groups/PCT019.html,bergen_county_2000_immigration_tables.csv,,SF3 sample data; n.e.c. = not elsewhere classified.
2000,2000,Bergen County,Ireland,country_or_area,Northern Europe,2,3349,,persons,foreign_born_population,unknown,foreign_born_country_of_birth_ireland,Europe > Northern Europe,Ireland,PCT19,PCT19: Place of Birth for the Foreign-Born Population,BC-2000-016,Census 2000 Summary File 3 (SF 3),https://api.census.gov/data/2000/dec/sf3/groups/PCT019.html,bergen_county_2000_immigration_tables.csv,,SF3 sample data; n.e.c. = not elsewhere classified.
2000,2000,Bergen County,Other Northern Europe,residual_category,Northern Europe,2,463,,persons,foreign_born_population,unknown,foreign_born_country_of_birth_europe_northern_europe_other_northern_europe,Europe > Northern Europe,Other Northern Europe,PCT19,PCT19: Place of Birth for the Foreign-Born Population,BC-2000-018,Census 2000 Summary File 3 (SF 3),https://api.census.gov/data/2000/dec/sf3/groups/PCT019.html,bergen_county_2000_immigration_tables.csv,,SF3 sample data; n.e.c. = not elsewhere classified.
2000,2000,Bergen County,Sweden,country_or_area,Northern Europe,2,380,,persons,foreign_born_population,unknown,foreign_born_country_of_birth_sweden,Europe > Northern Europe,Sweden,PCT19,PCT19: Place of Birth for the Foreign-Born Population,BC-2000-017,Census 2000 Summary File 3 (SF 3),https://api.census.gov/data/2000/dec/sf3/groups/PCT019.html,bergen_county_2000_immigration_tables.csv,,SF3 sample data; n.e.c. = not elsewhere classified.
2000,2000,Bergen County,United Kingdom,country_or_area,Northern Europe,2,3804,,persons,foreign_born_population,unknown,foreign_born_country_of_birth_united_kingdom,Europe > Northern Europe,United Kingdom,PCT19,PCT19: Place of Birth for the Foreign-Born Population,BC-2000-015,Census 2000 Summary File 3 (SF 3),https://api.census.gov/data/2000/dec/sf3/groups/PCT019.html,bergen_county_2000_immigration_tables.csv,,SF3 sample data; n.e.c. = not elsewhere classified.
2000,2000,Bergen County,Greece,country_or_area,Southern Europe,2,3423,,persons,foreign_born_population,unknown,foreign_born_country_of_birth_greece,Europe > Southern Europe,Greece,PCT19,PCT19: Place of Birth for the Foreign-Born Population,BC-2000-026,Census 2000 Summary File 3 (SF 3),https://api.census.gov/data/2000/dec/sf3/groups/PCT019.html,bergen_county_2000_immigration_tables.csv,,SF3 sample data; n.e.c. = not elsewhere classified.
2000,2000,Bergen County,Italy,country_or_area,Southern Europe,2,11717,,persons,foreign_born_population,unknown,foreign_born_country_of_birth_italy,Europe > Southern Europe,Italy,PCT19,PCT19: Place of Birth for the Foreign-Born Population,BC-2000-027,Census 2000 Summary File 3 (SF 3),https://api.census.gov/data/2000/dec/sf3/groups/PCT019.html,bergen_county_2000_immigration_tables.csv,,SF3 sample data; n.e.c. = not elsewhere classified.
2000,2000,Bergen County,Other Southern Europe,residual_category,Southern Europe,2,54,,persons,foreign_born_population,unknown,foreign_born_country_of_birth_europe_southern_europe_other_southern_europe,Europe > Southern Europe,Other Southern Europe,PCT19,PCT19: Place of Birth for the Foreign-Born Population,BC-2000-030,Census 2000 Summary File 3 (SF 3),https://api.census.gov/data/2000/dec/sf3/groups/PCT019.html,bergen_county_2000_immigration_tables.csv,,SF3 sample data; n.e.c. = not elsewhere classified.
2000,2000,Bergen County,Portugal,country_or_area,Southern Europe,2,1788,,persons,foreign_born_population,unknown,foreign_born_country_of_birth_portugal,Europe > Southern Europe,Portugal,PCT19,PCT19: Place of Birth for the Foreign-Born Population,BC-2000-028,Census 2000 Summary File 3 (SF 3),https://api.census.gov/data/2000/dec/sf3/groups/PCT019.html,bergen_county_2000_immigration_tables.csv,,SF3 sample data; n.e.c. = not elsewhere classified.
2000,2000,Bergen County,Spain,country_or_area,Southern Europe,2,1072,,persons,foreign_born_population,unknown,foreign_born_country_of_birth_spain,Europe > Southern Europe,Spain,PCT19,PCT19: Place of Birth for the Foreign-Born Population,BC-2000-029,Census 2000 Summary File 3 (SF 3),https://api.census.gov/data/2000/dec/sf3/groups/PCT019.html,bergen_county_2000_immigration_tables.csv,,SF3 sample data; n.e.c. = not elsewhere classified.
2000,2000,Bergen County,Austria,country_or_area,Western Europe,2,701,,persons,foreign_born_population,unknown,foreign_born_country_of_birth_austria,Europe > Western Europe,Austria,PCT19,PCT19: Place of Birth for the Foreign-Born Population,BC-2000-020,Census 2000 Summary File 3 (SF 3),https://api.census.gov/data/2000/dec/sf3/groups/PCT019.html,bergen_county_2000_immigration_tables.csv,,SF3 sample data; n.e.c. = not elsewhere classified.
2000,2000,Bergen County,France,country_or_area,Western Europe,2,1157,,persons,foreign_born_population,unknown,foreign_born_country_of_birth_france,Europe > Western Europe,France,PCT19,PCT19: Place of Birth for the Foreign-Born Population,BC-2000-021,Census 2000 Summary File 3 (SF 3),https://api.census.gov/data/2000/dec/sf3/groups/PCT019.html,bergen_county_2000_immigration_tables.csv,,SF3 sample data; n.e.c. = not elsewhere classified.
2000,2000,Bergen County,Germany,country_or_area,Western Europe,2,5753,,persons,foreign_born_population,unknown,foreign_born_country_of_birth_germany,Europe > Western Europe,Germany,PCT19,PCT19: Place of Birth for the Foreign-Born Population,BC-2000-022,Census 2000 Summary File 3 (SF 3),https://api.census.gov/data/2000/dec/sf3/groups/PCT019.html,bergen_county_2000_immigration_tables.csv,,SF3 sample data; n.e.c. = not elsewhere classified.
2000,2000,Bergen County,Netherlands,country_or_area,Western Europe,2,497,,persons,foreign_born_population,unknown,foreign_born_country_of_birth_netherlands,Europe > Western Europe,Netherlands,PCT19,PCT19: Place of Birth for the Foreign-Born Population,BC-2000-023,Census 2000 Summary File 3 (SF 3),https://api.census.gov/data/2000/dec/sf3/groups/PCT019.html,bergen_county_2000_immigration_tables.csv,,SF3 sample data; n.e.c. = not elsewhere classified.
2000,2000,Bergen County,Other Western Europe,residual_category,Western Europe,2,816,,persons,foreign_born_population,unknown,foreign_born_country_of_birth_europe_western_europe_other_western_europe,Europe > Western Europe,Other Western Europe,PCT19,PCT19: Place of Birth for the Foreign-Born Population,BC-2000-024,Census 2000 Summary File 3 (SF 3),https://api.census.gov/data/2000/dec/sf3/groups/PCT019.html,bergen_county_2000_immigration_tables.csv,,SF3 sample data; n.e.c. = not elsewhere classified.
2010,2006-2010,Bergen County,Europe,region_total,,0,59395,1937,persons,foreign_born_population,unknown,foreign_born_country_of_birth_europe,,Estimate!!Total!!Europe,B05006,B05006: PLACE OF BIRTH FOR THE FOREIGN-BORN POPULATION IN THE UNITED STATES,BC-2010-002,2006-2010 ACS 5-Year Detailed Tables,https://api.census.gov/data/2010/acs/acs5/groups/B05006.html,bergen_county_2010_acs_B05006_B05007.csv,api_response_and_metadata_validated,source_period=2006-2010; geoid=05000US34003; margin_of_error=1937; 2006-2010 ACS 5-year period estimate; sample-based. MOE is Census-published margin of error.
2010,2006-2010,Bergen County,Northern Europe,subregion_total,Northern Europe,1,5623,563,persons,foreign_born_population,unknown,foreign_born_country_of_birth_europe_northern_europe,Europe,Estimate!!Total!!Europe!!Northern Europe,B05006,B05006: PLACE OF BIRTH FOR THE FOREIGN-BORN POPULATION IN THE UNITED STATES,BC-2010-003,2006-2010 ACS 5-Year Detailed Tables,https://api.census.gov/data/2010/acs/acs5/groups/B05006.html,bergen_county_2010_acs_B05006_B05007.csv,api_response_and_metadata_validated,source_period=2006-2010; geoid=05000US34003; margin_of_error=563; 2006-2010 ACS 5-year period estimate; sample-based. MOE is Census-published margin of error.
2010,2006-2010,Bergen County,United Kingdom (inc. Crown Dependencies),country_or_area,Northern Europe,2,3042,385,persons,foreign_born_population,unknown,foreign_born_country_of_birth_europe_northern_europe_united_kingdom_inc_crown_dependencies,Europe > Northern Europe,Estimate!!Total!!Europe!!Northern Europe!!United Kingdom (inc. Crown Dependencies),B05006,B05006: PLACE OF BIRTH FOR THE FOREIGN-BORN POPULATION IN THE UNITED STATES,BC-2010-004,2006-2010 ACS 5-Year Detailed Tables,https://api.census.gov/data/2010/acs/acs5/groups/B05006.html,bergen_county_2010_acs_B05006_B05007.csv,api_response_and_metadata_validated,source_period=2006-2010; geoid=05000US34003; margin_of_error=385; 2006-2010 ACS 5-year period estimate; sample-based. MOE is Census-published margin of error.
2010,2006-2010,Bergen County,"United Kingdom, excluding England and Scotland",country_component,Northern Europe,3,1329,311,persons,foreign_born_population,unknown,foreign_born_country_of_birth_europe_northern_europe_united_kingdom_inc_crown_dependencies_united_kingdom_excluding_england_and_scotland,Europe > Northern Europe > United Kingdom (inc. Crown Dependencies),"Estimate!!Total!!Europe!!Northern Europe!!United Kingdom (inc. Crown Dependencies)!!United Kingdom, excluding England and Scotland",B05006,B05006: PLACE OF BIRTH FOR THE FOREIGN-BORN POPULATION IN THE UNITED STATES,BC-2010-005,2006-2010 ACS 5-Year Detailed Tables,https://api.census.gov/data/2010/acs/acs5/groups/B05006.html,bergen_county_2010_acs_B05006_B05007.csv,api_response_and_metadata_validated,source_period=2006-2010; geoid=05000US34003; margin_of_error=311; 2006-2010 ACS 5-year period estimate; sample-based. MOE is Census-published margin of error.
2010,2006-2010,Bergen County,England,country_component,Northern Europe,3,1331,230,persons,foreign_born_population,unknown,foreign_born_country_of_birth_europe_northern_europe_united_kingdom_inc_crown_dependencies_england,Europe > Northern Europe > United Kingdom (inc. Crown Dependencies),Estimate!!Total!!Europe!!Northern Europe!!United Kingdom (inc. Crown Dependencies)!!England,B05006,B05006: PLACE OF BIRTH FOR THE FOREIGN-BORN POPULATION IN THE UNITED STATES,BC-2010-006,2006-2010 ACS 5-Year Detailed Tables,https://api.census.gov/data/2010/acs/acs5/groups/B05006.html,bergen_county_2010_acs_B05006_B05007.csv,api_response_and_metadata_validated,source_period=2006-2010; geoid=05000US34003; margin_of_error=230; 2006-2010 ACS 5-year period estimate; sample-based. MOE is Census-published margin of error.
2010,2006-2010,Bergen County,Scotland,country_component,Northern Europe,3,382,123,persons,foreign_born_population,unknown,foreign_born_country_of_birth_europe_northern_europe_united_kingdom_inc_crown_dependencies_scotland,Europe > Northern Europe > United Kingdom (inc. Crown Dependencies),Estimate!!Total!!Europe!!Northern Europe!!United Kingdom (inc. Crown Dependencies)!!Scotland,B05006,B05006: PLACE OF BIRTH FOR THE FOREIGN-BORN POPULATION IN THE UNITED STATES,BC-2010-007,2006-2010 ACS 5-Year Detailed Tables,https://api.census.gov/data/2010/acs/acs5/groups/B05006.html,bergen_county_2010_acs_B05006_B05007.csv,api_response_and_metadata_validated,source_period=2006-2010; geoid=05000US34003; margin_of_error=123; 2006-2010 ACS 5-year period estimate; sample-based. MOE is Census-published margin of error.
2010,2006-2010,Bergen County,Ireland,country_or_area,Northern Europe,2,2136,405,persons,foreign_born_population,unknown,foreign_born_country_of_birth_ireland,Europe > Northern Europe,Estimate!!Total!!Europe!!Northern Europe!!Ireland,B05006,B05006: PLACE OF BIRTH FOR THE FOREIGN-BORN POPULATION IN THE UNITED STATES,BC-2010-008,2006-2010 ACS 5-Year Detailed Tables,https://api.census.gov/data/2010/acs/acs5/groups/B05006.html,bergen_county_2010_acs_B05006_B05007.csv,api_response_and_metadata_validated,source_period=2006-2010; geoid=05000US34003; margin_of_error=405; 2006-2010 ACS 5-year period estimate; sample-based. MOE is Census-published margin of error.
2010,2006-2010,Bergen County,Denmark,country_or_area,Northern Europe,2,66,53,persons,foreign_born_population,unknown,foreign_born_country_of_birth_europe_northern_europe_denmark,Europe > Northern Europe,Estimate!!Total!!Europe!!Northern Europe!!Denmark,B05006,B05006: PLACE OF BIRTH FOR THE FOREIGN-BORN POPULATION IN THE UNITED STATES,BC-2010-009,2006-2010 ACS 5-Year Detailed Tables,https://api.census.gov/data/2010/acs/acs5/groups/B05006.html,bergen_county_2010_acs_B05006_B05007.csv,api_response_and_metadata_validated,source_period=2006-2010; geoid=05000US34003; margin_of_error=53; 2006-2010 ACS 5-year period estimate; sample-based. MOE is Census-published margin of error.
2010,2006-2010,Bergen County,Norway,country_or_area,Northern Europe,2,113,67,persons,foreign_born_population,unknown,foreign_born_country_of_birth_europe_northern_europe_norway,Europe > Northern Europe,Estimate!!Total!!Europe!!Northern Europe!!Norway,B05006,B05006: PLACE OF BIRTH FOR THE FOREIGN-BORN POPULATION IN THE UNITED STATES,BC-2010-010,2006-2010 ACS 5-Year Detailed Tables,https://api.census.gov/data/2010/acs/acs5/groups/B05006.html,bergen_county_2010_acs_B05006_B05007.csv,api_response_and_metadata_validated,source_period=2006-2010; geoid=05000US34003; margin_of_error=67; 2006-2010 ACS 5-year period estimate; sample-based. MOE is Census-published margin of error.
2010,2006-2010,Bergen County,Sweden,country_or_area,Northern Europe,2,184,79,persons,foreign_born_population,unknown,foreign_born_country_of_birth_sweden,Europe > Northern Europe,Estimate!!Total!!Europe!!Northern Europe!!Sweden,B05006,B05006: PLACE OF BIRTH FOR THE FOREIGN-BORN POPULATION IN THE UNITED STATES,BC-2010-011,2006-2010 ACS 5-Year Detailed Tables,https://api.census.gov/data/2010/acs/acs5/groups/B05006.html,bergen_county_2010_acs_B05006_B05007.csv,api_response_and_metadata_validated,source_period=2006-2010; geoid=05000US34003; margin_of_error=79; 2006-2010 ACS 5-year period estimate; sample-based. MOE is Census-published margin of error.
2010,2006-2010,Bergen County,Other Northern Europe,residual_category,Northern Europe,2,82,57,persons,foreign_born_population,unknown,foreign_born_country_of_birth_europe_northern_europe_other_northern_europe,Europe > Northern Europe,Estimate!!Total!!Europe!!Northern Europe!!Other Northern Europe,B05006,B05006: PLACE OF BIRTH FOR THE FOREIGN-BORN POPULATION IN THE UNITED STATES,BC-2010-012,2006-2010 ACS 5-Year Detailed Tables,https://api.census.gov/data/2010/acs/acs5/groups/B05006.html,bergen_county_2010_acs_B05006_B05007.csv,api_response_and_metadata_validated,source_period=2006-2010; geoid=05000US34003; margin_of_error=57; 2006-2010 ACS 5-year period estimate; sample-based. MOE is Census-published margin of error.
2010,2006-2010,Bergen County,Western Europe,subregion_total,Western Europe,1,6235,605,persons,foreign_born_population,unknown,foreign_born_country_of_birth_europe_western_europe,Europe,Estimate!!Total!!Europe!!Western Europe,B05006,B05006: PLACE OF BIRTH FOR THE FOREIGN-BORN POPULATION IN THE UNITED STATES,BC-2010-013,2006-2010 ACS 5-Year Detailed Tables,https://api.census.gov/data/2010/acs/acs5/groups/B05006.html,bergen_county_2010_acs_B05006_B05007.csv,api_response_and_metadata_validated,source_period=2006-2010; geoid=05000US34003; margin_of_error=605; 2006-2010 ACS 5-year period estimate; sample-based. MOE is Census-published margin of error.
2010,2006-2010,Bergen County,Austria,country_or_area,Western Europe,2,405,122,persons,foreign_born_population,unknown,foreign_born_country_of_birth_austria,Europe > Western Europe,Estimate!!Total!!Europe!!Western Europe!!Austria,B05006,B05006: PLACE OF BIRTH FOR THE FOREIGN-BORN POPULATION IN THE UNITED STATES,BC-2010-014,2006-2010 ACS 5-Year Detailed Tables,https://api.census.gov/data/2010/acs/acs5/groups/B05006.html,bergen_county_2010_acs_B05006_B05007.csv,api_response_and_metadata_validated,source_period=2006-2010; geoid=05000US34003; margin_of_error=122; 2006-2010 ACS 5-year period estimate; sample-based. MOE is Census-published margin of error.
2010,2006-2010,Bergen County,Belgium,country_or_area,Western Europe,2,197,92,persons,foreign_born_population,unknown,foreign_born_country_of_birth_europe_western_europe_belgium,Europe > Western Europe,Estimate!!Total!!Europe!!Western Europe!!Belgium,B05006,B05006: PLACE OF BIRTH FOR THE FOREIGN-BORN POPULATION IN THE UNITED STATES,BC-2010-015,2006-2010 ACS 5-Year Detailed Tables,https://api.census.gov/data/2010/acs/acs5/groups/B05006.html,bergen_county_2010_acs_B05006_B05007.csv,api_response_and_metadata_validated,source_period=2006-2010; geoid=05000US34003; margin_of_error=92; 2006-2010 ACS 5-year period estimate; sample-based. MOE is Census-published margin of error.
2010,2006-2010,Bergen County,France,country_or_area,Western Europe,2,868,198,persons,foreign_born_population,unknown,foreign_born_country_of_birth_france,Europe > Western Europe,Estimate!!Total!!Europe!!Western Europe!!France,B05006,B05006: PLACE OF BIRTH FOR THE FOREIGN-BORN POPULATION IN THE UNITED STATES,BC-2010-016,2006-2010 ACS 5-Year Detailed Tables,https://api.census.gov/data/2010/acs/acs5/groups/B05006.html,bergen_county_2010_acs_B05006_B05007.csv,api_response_and_metadata_validated,source_period=2006-2010; geoid=05000US34003; margin_of_error=198; 2006-2010 ACS 5-year period estimate; sample-based. MOE is Census-published margin of error.
2010,2006-2010,Bergen County,Germany,country_or_area,Western Europe,2,3807,498,persons,foreign_born_population,unknown,foreign_born_country_of_birth_germany,Europe > Western Europe,Estimate!!Total!!Europe!!Western Europe!!Germany,B05006,B05006: PLACE OF BIRTH FOR THE FOREIGN-BORN POPULATION IN THE UNITED STATES,BC-2010-017,2006-2010 ACS 5-Year Detailed Tables,https://api.census.gov/data/2010/acs/acs5/groups/B05006.html,bergen_county_2010_acs_B05006_B05007.csv,api_response_and_metadata_validated,source_period=2006-2010; geoid=05000US34003; margin_of_error=498; 2006-2010 ACS 5-year period estimate; sample-based. MOE is Census-published margin of error.
2010,2006-2010,Bergen County,Netherlands,country_or_area,Western Europe,2,320,122,persons,foreign_born_population,unknown,foreign_born_country_of_birth_netherlands,Europe > Western Europe,Estimate!!Total!!Europe!!Western Europe!!Netherlands,B05006,B05006: PLACE OF BIRTH FOR THE FOREIGN-BORN POPULATION IN THE UNITED STATES,BC-2010-018,2006-2010 ACS 5-Year Detailed Tables,https://api.census.gov/data/2010/acs/acs5/groups/B05006.html,bergen_county_2010_acs_B05006_B05007.csv,api_response_and_metadata_validated,source_period=2006-2010; geoid=05000US34003; margin_of_error=122; 2006-2010 ACS 5-year period estimate; sample-based. MOE is Census-published margin of error.
2010,2006-2010,Bergen County,Switzerland,country_or_area,Western Europe,2,577,179,persons,foreign_born_population,unknown,foreign_born_country_of_birth_europe_western_europe_switzerland,Europe > Western Europe,Estimate!!Total!!Europe!!Western Europe!!Switzerland,B05006,B05006: PLACE OF BIRTH FOR THE FOREIGN-BORN POPULATION IN THE UNITED STATES,BC-2010-019,2006-2010 ACS 5-Year Detailed Tables,https://api.census.gov/data/2010/acs/acs5/groups/B05006.html,bergen_county_2010_acs_B05006_B05007.csv,api_response_and_metadata_validated,source_period=2006-2010; geoid=05000US34003; margin_of_error=179; 2006-2010 ACS 5-year period estimate; sample-based. MOE is Census-published margin of error.
2010,2006-2010,Bergen County,Other Western Europe,residual_category,Western Europe,2,61,98,persons,foreign_born_population,unknown,foreign_born_country_of_birth_europe_western_europe_other_western_europe,Europe > Western Europe,Estimate!!Total!!Europe!!Western Europe!!Other Western Europe,B05006,B05006: PLACE OF BIRTH FOR THE FOREIGN-BORN POPULATION IN THE UNITED STATES,BC-2010-020,2006-2010 ACS 5-Year Detailed Tables,https://api.census.gov/data/2010/acs/acs5/groups/B05006.html,bergen_county_2010_acs_B05006_B05007.csv,api_response_and_metadata_validated,source_period=2006-2010; geoid=05000US34003; margin_of_error=98; 2006-2010 ACS 5-year period estimate; sample-based. MOE is Census-published margin of error.
2010,2006-2010,Bergen County,Southern Europe,subregion_total,Southern Europe,1,14623,1039,persons,foreign_born_population,unknown,foreign_born_country_of_birth_europe_southern_europe,Europe,Estimate!!Total!!Europe!!Southern Europe,B05006,B05006: PLACE OF BIRTH FOR THE FOREIGN-BORN POPULATION IN THE UNITED STATES,BC-2010-021,2006-2010 ACS 5-Year Detailed Tables,https://api.census.gov/data/2010/acs/acs5/groups/B05006.html,bergen_county_2010_acs_B05006_B05007.csv,api_response_and_metadata_validated,source_period=2006-2010; geoid=05000US34003; margin_of_error=1039; 2006-2010 ACS 5-year period estimate; sample-based. MOE is Census-published margin of error.
2010,2006-2010,Bergen County,Greece,country_or_area,Southern Europe,2,2619,426,persons,foreign_born_population,unknown,foreign_born_country_of_birth_greece,Europe > Southern Europe,Estimate!!Total!!Europe!!Southern Europe!!Greece,B05006,B05006: PLACE OF BIRTH FOR THE FOREIGN-BORN POPULATION IN THE UNITED STATES,BC-2010-022,2006-2010 ACS 5-Year Detailed Tables,https://api.census.gov/data/2010/acs/acs5/groups/B05006.html,bergen_county_2010_acs_B05006_B05007.csv,api_response_and_metadata_validated,source_period=2006-2010; geoid=05000US34003; margin_of_error=426; 2006-2010 ACS 5-year period estimate; sample-based. MOE is Census-published margin of error.
2010,2006-2010,Bergen County,Italy,country_or_area,Southern Europe,2,9142,779,persons,foreign_born_population,unknown,foreign_born_country_of_birth_italy,Europe > Southern Europe,Estimate!!Total!!Europe!!Southern Europe!!Italy,B05006,B05006: PLACE OF BIRTH FOR THE FOREIGN-BORN POPULATION IN THE UNITED STATES,BC-2010-023,2006-2010 ACS 5-Year Detailed Tables,https://api.census.gov/data/2010/acs/acs5/groups/B05006.html,bergen_county_2010_acs_B05006_B05007.csv,api_response_and_metadata_validated,source_period=2006-2010; geoid=05000US34003; margin_of_error=779; 2006-2010 ACS 5-year period estimate; sample-based. MOE is Census-published margin of error.
2010,2006-2010,Bergen County,Portugal,country_or_area,Southern Europe,2,1521,395,persons,foreign_born_population,unknown,foreign_born_country_of_birth_portugal,Europe > Southern Europe,Estimate!!Total!!Europe!!Southern Europe!!Portugal,B05006,B05006: PLACE OF BIRTH FOR THE FOREIGN-BORN POPULATION IN THE UNITED STATES,BC-2010-024,2006-2010 ACS 5-Year Detailed Tables,https://api.census.gov/data/2010/acs/acs5/groups/B05006.html,bergen_county_2010_acs_B05006_B05007.csv,api_response_and_metadata_validated,source_period=2006-2010; geoid=05000US34003; margin_of_error=395; 2006-2010 ACS 5-year period estimate; sample-based. MOE is Census-published margin of error.
2010,2006-2010,Bergen County,Spain,country_or_area,Southern Europe,2,1326,472,persons,foreign_born_population,unknown,foreign_born_country_of_birth_spain,Europe > Southern Europe,Estimate!!Total!!Europe!!Southern Europe!!Spain,B05006,B05006: PLACE OF BIRTH FOR THE FOREIGN-BORN POPULATION IN THE UNITED STATES,BC-2010-025,2006-2010 ACS 5-Year Detailed Tables,https://api.census.gov/data/2010/acs/acs5/groups/B05006.html,bergen_county_2010_acs_B05006_B05007.csv,api_response_and_metadata_validated,source_period=2006-2010; geoid=05000US34003; margin_of_error=472; 2006-2010 ACS 5-year period estimate; sample-based. MOE is Census-published margin of error.
2010,2006-2010,Bergen County,Other Southern Europe,residual_category,Southern Europe,2,15,24,persons,foreign_born_population,unknown,foreign_born_country_of_birth_europe_southern_europe_other_southern_europe,Europe > Southern Europe,Estimate!!Total!!Europe!!Southern Europe!!Other Southern Europe,B05006,B05006: PLACE OF BIRTH FOR THE FOREIGN-BORN POPULATION IN THE UNITED STATES,BC-2010-026,2006-2010 ACS 5-Year Detailed Tables,https://api.census.gov/data/2010/acs/acs5/groups/B05006.html,bergen_county_2010_acs_B05006_B05007.csv,api_response_and_metadata_validated,source_period=2006-2010; geoid=05000US34003; margin_of_error=24; 2006-2010 ACS 5-year period estimate; sample-based. MOE is Census-published margin of error.
2010,2006-2010,Bergen County,Eastern Europe,subregion_total,Eastern Europe,1,32832,1687,persons,foreign_born_population,unknown,foreign_born_country_of_birth_europe_eastern_europe,Europe,Estimate!!Total!!Europe!!Eastern Europe,B05006,B05006: PLACE OF BIRTH FOR THE FOREIGN-BORN POPULATION IN THE UNITED STATES,BC-2010-027,2006-2010 ACS 5-Year Detailed Tables,https://api.census.gov/data/2010/acs/acs5/groups/B05006.html,bergen_county_2010_acs_B05006_B05007.csv,api_response_and_metadata_validated,source_period=2006-2010; geoid=05000US34003; margin_of_error=1687; 2006-2010 ACS 5-year period estimate; sample-based. MOE is Census-published margin of error.
2010,2006-2010,Bergen County,Albania,country_or_area,Eastern Europe,2,1272,380,persons,foreign_born_population,unknown,foreign_born_country_of_birth_europe_eastern_europe_albania,Europe > Eastern Europe,Estimate!!Total!!Europe!!Eastern Europe!!Albania,B05006,B05006: PLACE OF BIRTH FOR THE FOREIGN-BORN POPULATION IN THE UNITED STATES,BC-2010-028,2006-2010 ACS 5-Year Detailed Tables,https://api.census.gov/data/2010/acs/acs5/groups/B05006.html,bergen_county_2010_acs_B05006_B05007.csv,api_response_and_metadata_validated,source_period=2006-2010; geoid=05000US34003; margin_of_error=380; 2006-2010 ACS 5-year period estimate; sample-based. MOE is Census-published margin of error.
2010,2006-2010,Bergen County,Belarus,country_or_area,Eastern Europe,2,725,262,persons,foreign_born_population,unknown,foreign_born_country_of_birth_europe_eastern_europe_belarus,Europe > Eastern Europe,Estimate!!Total!!Europe!!Eastern Europe!!Belarus,B05006,B05006: PLACE OF BIRTH FOR THE FOREIGN-BORN POPULATION IN THE UNITED STATES,BC-2010-029,2006-2010 ACS 5-Year Detailed Tables,https://api.census.gov/data/2010/acs/acs5/groups/B05006.html,bergen_county_2010_acs_B05006_B05007.csv,api_response_and_metadata_validated,source_period=2006-2010; geoid=05000US34003; margin_of_error=262; 2006-2010 ACS 5-year period estimate; sample-based. MOE is Census-published margin of error.
2010,2006-2010,Bergen County,Bulgaria,country_or_area,Eastern Europe,2,573,203,persons,foreign_born_population,unknown,foreign_born_country_of_birth_europe_eastern_europe_bulgaria,Europe > Eastern Europe,Estimate!!Total!!Europe!!Eastern Europe!!Bulgaria,B05006,B05006: PLACE OF BIRTH FOR THE FOREIGN-BORN POPULATION IN THE UNITED STATES,BC-2010-030,2006-2010 ACS 5-Year Detailed Tables,https://api.census.gov/data/2010/acs/acs5/groups/B05006.html,bergen_county_2010_acs_B05006_B05007.csv,api_response_and_metadata_validated,source_period=2006-2010; geoid=05000US34003; margin_of_error=203; 2006-2010 ACS 5-year period estimate; sample-based. MOE is Census-published margin of error.
2010,2006-2010,Bergen County,Croatia,country_or_area,Eastern Europe,2,1999,463,persons,foreign_born_population,unknown,foreign_born_country_of_birth_europe_eastern_europe_croatia,Europe > Eastern Europe,Estimate!!Total!!Europe!!Eastern Europe!!Croatia,B05006,B05006: PLACE OF BIRTH FOR THE FOREIGN-BORN POPULATION IN THE UNITED STATES,BC-2010-031,2006-2010 ACS 5-Year Detailed Tables,https://api.census.gov/data/2010/acs/acs5/groups/B05006.html,bergen_county_2010_acs_B05006_B05007.csv,api_response_and_metadata_validated,source_period=2006-2010; geoid=05000US34003; margin_of_error=463; 2006-2010 ACS 5-year period estimate; sample-based. MOE is Census-published margin of error.
2010,2006-2010,Bergen County,Czechoslovakia (includes Czech Republic and Slovakia),legacy_multi_country_area,Eastern Europe,2,485,142,persons,foreign_born_population,unknown,foreign_born_country_of_birth_europe_eastern_europe_czechoslovakia_includes_czech_republic_and_slovakia,Europe > Eastern Europe,Estimate!!Total!!Europe!!Eastern Europe!!Czechoslovakia (includes Czech Republic and Slovakia),B05006,B05006: PLACE OF BIRTH FOR THE FOREIGN-BORN POPULATION IN THE UNITED STATES,BC-2010-032,2006-2010 ACS 5-Year Detailed Tables,https://api.census.gov/data/2010/acs/acs5/groups/B05006.html,bergen_county_2010_acs_B05006_B05007.csv,api_response_and_metadata_validated,source_period=2006-2010; geoid=05000US34003; margin_of_error=142; 2006-2010 ACS 5-year period estimate; sample-based. MOE is Census-published margin of error.
2010,2006-2010,Bergen County,Hungary,country_or_area,Eastern Europe,2,871,248,persons,foreign_born_population,unknown,foreign_born_country_of_birth_hungary,Europe > Eastern Europe,Estimate!!Total!!Europe!!Eastern Europe!!Hungary,B05006,B05006: PLACE OF BIRTH FOR THE FOREIGN-BORN POPULATION IN THE UNITED STATES,BC-2010-033,2006-2010 ACS 5-Year Detailed Tables,https://api.census.gov/data/2010/acs/acs5/groups/B05006.html,bergen_county_2010_acs_B05006_B05007.csv,api_response_and_metadata_validated,source_period=2006-2010; geoid=05000US34003; margin_of_error=248; 2006-2010 ACS 5-year period estimate; sample-based. MOE is Census-published margin of error.
2010,2006-2010,Bergen County,Latvia,country_or_area,Eastern Europe,2,397,184,persons,foreign_born_population,unknown,foreign_born_country_of_birth_europe_eastern_europe_latvia,Europe > Eastern Europe,Estimate!!Total!!Europe!!Eastern Europe!!Latvia,B05006,B05006: PLACE OF BIRTH FOR THE FOREIGN-BORN POPULATION IN THE UNITED STATES,BC-2010-034,2006-2010 ACS 5-Year Detailed Tables,https://api.census.gov/data/2010/acs/acs5/groups/B05006.html,bergen_county_2010_acs_B05006_B05007.csv,api_response_and_metadata_validated,source_period=2006-2010; geoid=05000US34003; margin_of_error=184; 2006-2010 ACS 5-year period estimate; sample-based. MOE is Census-published margin of error.
2010,2006-2010,Bergen County,Lithuania,country_or_area,Eastern Europe,2,224,105,persons,foreign_born_population,unknown,foreign_born_country_of_birth_europe_eastern_europe_lithuania,Europe > Eastern Europe,Estimate!!Total!!Europe!!Eastern Europe!!Lithuania,B05006,B05006: PLACE OF BIRTH FOR THE FOREIGN-BORN POPULATION IN THE UNITED STATES,BC-2010-035,2006-2010 ACS 5-Year Detailed Tables,https://api.census.gov/data/2010/acs/acs5/groups/B05006.html,bergen_county_2010_acs_B05006_B05007.csv,api_response_and_metadata_validated,source_period=2006-2010; geoid=05000US34003; margin_of_error=105; 2006-2010 ACS 5-year period estimate; sample-based. MOE is Census-published margin of error.
2010,2006-2010,Bergen County,Macedonia,country_or_area,Eastern Europe,2,1058,311,persons,foreign_born_population,unknown,foreign_born_country_of_birth_europe_eastern_europe_macedonia,Europe > Eastern Europe,Estimate!!Total!!Europe!!Eastern Europe!!Macedonia,B05006,B05006: PLACE OF BIRTH FOR THE FOREIGN-BORN POPULATION IN THE UNITED STATES,BC-2010-036,2006-2010 ACS 5-Year Detailed Tables,https://api.census.gov/data/2010/acs/acs5/groups/B05006.html,bergen_county_2010_acs_B05006_B05007.csv,api_response_and_metadata_validated,source_period=2006-2010; geoid=05000US34003; margin_of_error=311; 2006-2010 ACS 5-year period estimate; sample-based. MOE is Census-published margin of error.
2010,2006-2010,Bergen County,Moldova,country_or_area,Eastern Europe,2,300,194,persons,foreign_born_population,unknown,foreign_born_country_of_birth_europe_eastern_europe_moldova,Europe > Eastern Europe,Estimate!!Total!!Europe!!Eastern Europe!!Moldova,B05006,B05006: PLACE OF BIRTH FOR THE FOREIGN-BORN POPULATION IN THE UNITED STATES,BC-2010-037,2006-2010 ACS 5-Year Detailed Tables,https://api.census.gov/data/2010/acs/acs5/groups/B05006.html,bergen_county_2010_acs_B05006_B05007.csv,api_response_and_metadata_validated,source_period=2006-2010; geoid=05000US34003; margin_of_error=194; 2006-2010 ACS 5-year period estimate; sample-based. MOE is Census-published margin of error.
2010,2006-2010,Bergen County,Poland,country_or_area,Eastern Europe,2,12995,1083,persons,foreign_born_population,unknown,foreign_born_country_of_birth_poland,Europe > Eastern Europe,Estimate!!Total!!Europe!!Eastern Europe!!Poland,B05006,B05006: PLACE OF BIRTH FOR THE FOREIGN-BORN POPULATION IN THE UNITED STATES,BC-2010-038,2006-2010 ACS 5-Year Detailed Tables,https://api.census.gov/data/2010/acs/acs5/groups/B05006.html,bergen_county_2010_acs_B05006_B05007.csv,api_response_and_metadata_validated,source_period=2006-2010; geoid=05000US34003; margin_of_error=1083; 2006-2010 ACS 5-year period estimate; sample-based. MOE is Census-published margin of error.
2010,2006-2010,Bergen County,Romania,country_or_area,Eastern Europe,2,1245,367,persons,foreign_born_population,unknown,foreign_born_country_of_birth_romania,Europe > Eastern Europe,Estimate!!Total!!Europe!!Eastern Europe!!Romania,B05006,B05006: PLACE OF BIRTH FOR THE FOREIGN-BORN POPULATION IN THE UNITED STATES,BC-2010-039,2006-2010 ACS 5-Year Detailed Tables,https://api.census.gov/data/2010/acs/acs5/groups/B05006.html,bergen_county_2010_acs_B05006_B05007.csv,api_response_and_metadata_validated,source_period=2006-2010; geoid=05000US34003; margin_of_error=367; 2006-2010 ACS 5-year period estimate; sample-based. MOE is Census-published margin of error.
2010,2006-2010,Bergen County,Russia,country_or_area,Eastern Europe,2,5248,662,persons,foreign_born_population,unknown,foreign_born_country_of_birth_europe_eastern_europe_russia,Europe > Eastern Europe,Estimate!!Total!!Europe!!Eastern Europe!!Russia,B05006,B05006: PLACE OF BIRTH FOR THE FOREIGN-BORN POPULATION IN THE UNITED STATES,BC-2010-040,2006-2010 ACS 5-Year Detailed Tables,https://api.census.gov/data/2010/acs/acs5/groups/B05006.html,bergen_county_2010_acs_B05006_B05007.csv,api_response_and_metadata_validated,source_period=2006-2010; geoid=05000US34003; margin_of_error=662; 2006-2010 ACS 5-year period estimate; sample-based. MOE is Census-published margin of error.
2010,2006-2010,Bergen County,Ukraine,country_or_area,Eastern Europe,2,3323,537,persons,foreign_born_population,unknown,foreign_born_country_of_birth_europe_eastern_europe_ukraine,Europe > Eastern Europe,Estimate!!Total!!Europe!!Eastern Europe!!Ukraine,B05006,B05006: PLACE OF BIRTH FOR THE FOREIGN-BORN POPULATION IN THE UNITED STATES,BC-2010-041,2006-2010 ACS 5-Year Detailed Tables,https://api.census.gov/data/2010/acs/acs5/groups/B05006.html,bergen_county_2010_acs_B05006_B05007.csv,api_response_and_metadata_validated,source_period=2006-2010; geoid=05000US34003; margin_of_error=537; 2006-2010 ACS 5-year period estimate; sample-based. MOE is Census-published margin of error.
2010,2006-2010,Bergen County,Bosnia and Herzegovina,country_or_area,Eastern Europe,2,303,158,persons,foreign_born_population,unknown,foreign_born_country_of_birth_europe_eastern_europe_bosnia_and_herzegovina,Europe > Eastern Europe,Estimate!!Total!!Europe!!Eastern Europe!!Bosnia and Herzegovina,B05006,B05006: PLACE OF BIRTH FOR THE FOREIGN-BORN POPULATION IN THE UNITED STATES,BC-2010-042,2006-2010 ACS 5-Year Detailed Tables,https://api.census.gov/data/2010/acs/acs5/groups/B05006.html,bergen_county_2010_acs_B05006_B05007.csv,api_response_and_metadata_validated,source_period=2006-2010; geoid=05000US34003; margin_of_error=158; 2006-2010 ACS 5-year period estimate; sample-based. MOE is Census-published margin of error.
2010,2006-2010,Bergen County,Yugoslavia,legacy_multi_country_area,Eastern Europe,2,1247,358,persons,foreign_born_population,unknown,foreign_born_country_of_birth_yugoslavia,Europe > Eastern Europe,Estimate!!Total!!Europe!!Eastern Europe!!Yugoslavia,B05006,B05006: PLACE OF BIRTH FOR THE FOREIGN-BORN POPULATION IN THE UNITED STATES,BC-2010-043,2006-2010 ACS 5-Year Detailed Tables,https://api.census.gov/data/2010/acs/acs5/groups/B05006.html,bergen_county_2010_acs_B05006_B05007.csv,api_response_and_metadata_validated,source_period=2006-2010; geoid=05000US34003; margin_of_error=358; 2006-2010 ACS 5-year period estimate; sample-based. MOE is Census-published margin of error.
2010,2006-2010,Bergen County,Serbia,country_or_area,Eastern Europe,3,172,103,persons,foreign_born_population,unknown,foreign_born_country_of_birth_europe_eastern_europe_yugoslavia_serbia,Europe > Eastern Europe > Yugoslavia,Estimate!!Total!!Europe!!Eastern Europe!!Yugoslavia!!Serbia,B05006,B05006: PLACE OF BIRTH FOR THE FOREIGN-BORN POPULATION IN THE UNITED STATES,BC-2010-044,2006-2010 ACS 5-Year Detailed Tables,https://api.census.gov/data/2010/acs/acs5/groups/B05006.html,bergen_county_2010_acs_B05006_B05007.csv,api_response_and_metadata_validated,source_period=2006-2010; geoid=05000US34003; margin_of_error=103; 2006-2010 ACS 5-year period estimate; sample-based. MOE is Census-published margin of error.
2010,2006-2010,Bergen County,Other Eastern Europe,residual_category,Eastern Europe,2,567,324,persons,foreign_born_population,unknown,foreign_born_country_of_birth_europe_eastern_europe_other_eastern_europe,Europe > Eastern Europe,Estimate!!Total!!Europe!!Eastern Europe!!Other Eastern Europe,B05006,B05006: PLACE OF BIRTH FOR THE FOREIGN-BORN POPULATION IN THE UNITED STATES,BC-2010-045,2006-2010 ACS 5-Year Detailed Tables,https://api.census.gov/data/2010/acs/acs5/groups/B05006.html,bergen_county_2010_acs_B05006_B05007.csv,api_response_and_metadata_validated,source_period=2006-2010; geoid=05000US34003; margin_of_error=324; 2006-2010 ACS 5-year period estimate; sample-based. MOE is Census-published margin of error.
2010,2006-2010,Bergen County,"Europe, n.e.c.",residual_category,,1,82,68,persons,foreign_born_population,unknown,foreign_born_country_of_birth_europe_europe_n_e_c,Europe,"Estimate!!Total!!Europe!!Europe, n.e.c.",B05006,B05006: PLACE OF BIRTH FOR THE FOREIGN-BORN POPULATION IN THE UNITED STATES,BC-2010-046,2006-2010 ACS 5-Year Detailed Tables,https://api.census.gov/data/2010/acs/acs5/groups/B05006.html,bergen_county_2010_acs_B05006_B05007.csv,api_response_and_metadata_validated,source_period=2006-2010; geoid=05000US34003; margin_of_error=68; 2006-2010 ACS 5-year period estimate; sample-based. MOE is Census-published margin of error.
2020,2016-2020,Bergen County,Europe,region_total,,0,57406,2511,persons,foreign_born_population,unknown,foreign_born_country_of_birth_europe,,Estimate!!Total:!!Europe:,B05006,B05006: PLACE OF BIRTH FOR THE FOREIGN-BORN POPULATION IN THE UNITED STATES,BC-2020-005,2016-2020 ACS 5-Year Estimates,https://api.census.gov/data/2020/acs/acs5/groups/B05006.html,bergen_county_2020_acs_immigration_cleaned.csv,retrieved_and_moe_matched,source_period=2016-2020; geoid=05000US34003; margin_of_error=2511; estimate_annotation=none; moe_annotation=none; 2016–2020 ACS 5-Year estimate; sample-based period estimate.
2020,2016-2020,Bergen County,Northern Europe,subregion_total,Northern Europe,1,5406,797,persons,foreign_born_population,unknown,foreign_born_country_of_birth_europe_northern_europe,Europe,Estimate!!Total:!!Europe:!!Northern Europe:,B05006,B05006: PLACE OF BIRTH FOR THE FOREIGN-BORN POPULATION IN THE UNITED STATES,BC-2020-006,2016-2020 ACS 5-Year Estimates,https://api.census.gov/data/2020/acs/acs5/groups/B05006.html,bergen_county_2020_acs_immigration_cleaned.csv,retrieved_and_moe_matched,source_period=2016-2020; geoid=05000US34003; margin_of_error=797; estimate_annotation=none; moe_annotation=none; 2016–2020 ACS 5-Year estimate; sample-based period estimate.
2020,2016-2020,Bergen County,Denmark,country_or_area,Northern Europe,2,117,102,persons,foreign_born_population,unknown,foreign_born_country_of_birth_europe_northern_europe_denmark,Europe > Northern Europe,Estimate!!Total:!!Europe:!!Northern Europe:!!Denmark,B05006,B05006: PLACE OF BIRTH FOR THE FOREIGN-BORN POPULATION IN THE UNITED STATES,BC-2020-007,2016-2020 ACS 5-Year Estimates,https://api.census.gov/data/2020/acs/acs5/groups/B05006.html,bergen_county_2020_acs_immigration_cleaned.csv,retrieved_and_moe_matched,source_period=2016-2020; geoid=05000US34003; margin_of_error=102; estimate_annotation=none; moe_annotation=none; 2016–2020 ACS 5-Year estimate; sample-based period estimate.
2020,2016-2020,Bergen County,Ireland,country_or_area,Northern Europe,2,2052,647,persons,foreign_born_population,unknown,foreign_born_country_of_birth_ireland,Europe > Northern Europe,Estimate!!Total:!!Europe:!!Northern Europe:!!Ireland,B05006,B05006: PLACE OF BIRTH FOR THE FOREIGN-BORN POPULATION IN THE UNITED STATES,BC-2020-008,2016-2020 ACS 5-Year Estimates,https://api.census.gov/data/2020/acs/acs5/groups/B05006.html,bergen_county_2020_acs_immigration_cleaned.csv,retrieved_and_moe_matched,source_period=2016-2020; geoid=05000US34003; margin_of_error=647; estimate_annotation=none; moe_annotation=none; 2016–2020 ACS 5-Year estimate; sample-based period estimate.
2020,2016-2020,Bergen County,Norway,country_or_area,Northern Europe,2,116,76,persons,foreign_born_population,unknown,foreign_born_country_of_birth_europe_northern_europe_norway,Europe > Northern Europe,Estimate!!Total:!!Europe:!!Northern Europe:!!Norway,B05006,B05006: PLACE OF BIRTH FOR THE FOREIGN-BORN POPULATION IN THE UNITED STATES,BC-2020-009,2016-2020 ACS 5-Year Estimates,https://api.census.gov/data/2020/acs/acs5/groups/B05006.html,bergen_county_2020_acs_immigration_cleaned.csv,retrieved_and_moe_matched,source_period=2016-2020; geoid=05000US34003; margin_of_error=76; estimate_annotation=none; moe_annotation=none; 2016–2020 ACS 5-Year estimate; sample-based period estimate.
2020,2016-2020,Bergen County,Sweden,country_or_area,Northern Europe,2,131,91,persons,foreign_born_population,unknown,foreign_born_country_of_birth_sweden,Europe > Northern Europe,Estimate!!Total:!!Europe:!!Northern Europe:!!Sweden,B05006,B05006: PLACE OF BIRTH FOR THE FOREIGN-BORN POPULATION IN THE UNITED STATES,BC-2020-010,2016-2020 ACS 5-Year Estimates,https://api.census.gov/data/2020/acs/acs5/groups/B05006.html,bergen_county_2020_acs_immigration_cleaned.csv,retrieved_and_moe_matched,source_period=2016-2020; geoid=05000US34003; margin_of_error=91; estimate_annotation=none; moe_annotation=none; 2016–2020 ACS 5-Year estimate; sample-based period estimate.
2020,2016-2020,Bergen County,United Kingdom (inc. Crown Dependencies),country_or_area,Northern Europe,2,2917,391,persons,foreign_born_population,unknown,foreign_born_country_of_birth_europe_northern_europe_united_kingdom_inc_crown_dependencies,Europe > Northern Europe,Estimate!!Total:!!Europe:!!Northern Europe:!!United Kingdom (inc. Crown Dependencies):,B05006,B05006: PLACE OF BIRTH FOR THE FOREIGN-BORN POPULATION IN THE UNITED STATES,BC-2020-011,2016-2020 ACS 5-Year Estimates,https://api.census.gov/data/2020/acs/acs5/groups/B05006.html,bergen_county_2020_acs_immigration_cleaned.csv,retrieved_and_moe_matched,source_period=2016-2020; geoid=05000US34003; margin_of_error=391; estimate_annotation=none; moe_annotation=none; 2016–2020 ACS 5-Year estimate; sample-based period estimate.
2020,2016-2020,Bergen County,"United Kingdom, excluding England and Scotland",country_component,Northern Europe,3,1258,261,persons,foreign_born_population,unknown,foreign_born_country_of_birth_europe_northern_europe_united_kingdom_inc_crown_dependencies_united_kingdom_excluding_england_and_scotland,Europe > Northern Europe > United Kingdom (inc. Crown Dependencies),"Estimate!!Total:!!Europe:!!Northern Europe:!!United Kingdom (inc. Crown Dependencies):!!United Kingdom, excluding England and Scotland",B05006,B05006: PLACE OF BIRTH FOR THE FOREIGN-BORN POPULATION IN THE UNITED STATES,BC-2020-012,2016-2020 ACS 5-Year Estimates,https://api.census.gov/data/2020/acs/acs5/groups/B05006.html,bergen_county_2020_acs_immigration_cleaned.csv,retrieved_and_moe_matched,source_period=2016-2020; geoid=05000US34003; margin_of_error=261; estimate_annotation=none; moe_annotation=none; 2016–2020 ACS 5-Year estimate; sample-based period estimate.
2020,2016-2020,Bergen County,England,country_component,Northern Europe,3,1216,260,persons,foreign_born_population,unknown,foreign_born_country_of_birth_europe_northern_europe_united_kingdom_inc_crown_dependencies_england,Europe > Northern Europe > United Kingdom (inc. Crown Dependencies),Estimate!!Total:!!Europe:!!Northern Europe:!!United Kingdom (inc. Crown Dependencies):!!England,B05006,B05006: PLACE OF BIRTH FOR THE FOREIGN-BORN POPULATION IN THE UNITED STATES,BC-2020-013,2016-2020 ACS 5-Year Estimates,https://api.census.gov/data/2020/acs/acs5/groups/B05006.html,bergen_county_2020_acs_immigration_cleaned.csv,retrieved_and_moe_matched,source_period=2016-2020; geoid=05000US34003; margin_of_error=260; estimate_annotation=none; moe_annotation=none; 2016–2020 ACS 5-Year estimate; sample-based period estimate.
2020,2016-2020,Bergen County,Scotland,country_component,Northern Europe,3,443,170,persons,foreign_born_population,unknown,foreign_born_country_of_birth_europe_northern_europe_united_kingdom_inc_crown_dependencies_scotland,Europe > Northern Europe > United Kingdom (inc. Crown Dependencies),Estimate!!Total:!!Europe:!!Northern Europe:!!United Kingdom (inc. Crown Dependencies):!!Scotland,B05006,B05006: PLACE OF BIRTH FOR THE FOREIGN-BORN POPULATION IN THE UNITED STATES,BC-2020-014,2016-2020 ACS 5-Year Estimates,https://api.census.gov/data/2020/acs/acs5/groups/B05006.html,bergen_county_2020_acs_immigration_cleaned.csv,retrieved_and_moe_matched,source_period=2016-2020; geoid=05000US34003; margin_of_error=170; estimate_annotation=none; moe_annotation=none; 2016–2020 ACS 5-Year estimate; sample-based period estimate.
2020,2016-2020,Bergen County,Other Northern Europe,residual_category,Northern Europe,2,73,52,persons,foreign_born_population,unknown,foreign_born_country_of_birth_europe_northern_europe_other_northern_europe,Europe > Northern Europe,Estimate!!Total:!!Europe:!!Northern Europe:!!Other Northern Europe,B05006,B05006: PLACE OF BIRTH FOR THE FOREIGN-BORN POPULATION IN THE UNITED STATES,BC-2020-015,2016-2020 ACS 5-Year Estimates,https://api.census.gov/data/2020/acs/acs5/groups/B05006.html,bergen_county_2020_acs_immigration_cleaned.csv,retrieved_and_moe_matched,source_period=2016-2020; geoid=05000US34003; margin_of_error=52; estimate_annotation=none; moe_annotation=none; 2016–2020 ACS 5-Year estimate; sample-based period estimate.
2020,2016-2020,Bergen County,Western Europe,subregion_total,Western Europe,1,4582,542,persons,foreign_born_population,unknown,foreign_born_country_of_birth_europe_western_europe,Europe,Estimate!!Total:!!Europe:!!Western Europe:,B05006,B05006: PLACE OF BIRTH FOR THE FOREIGN-BORN POPULATION IN THE UNITED STATES,BC-2020-016,2016-2020 ACS 5-Year Estimates,https://api.census.gov/data/2020/acs/acs5/groups/B05006.html,bergen_county_2020_acs_immigration_cleaned.csv,retrieved_and_moe_matched,source_period=2016-2020; geoid=05000US34003; margin_of_error=542; estimate_annotation=none; moe_annotation=none; 2016–2020 ACS 5-Year estimate; sample-based period estimate.
2020,2016-2020,Bergen County,Austria,country_or_area,Western Europe,2,367,303,persons,foreign_born_population,unknown,foreign_born_country_of_birth_austria,Europe > Western Europe,Estimate!!Total:!!Europe:!!Western Europe:!!Austria,B05006,B05006: PLACE OF BIRTH FOR THE FOREIGN-BORN POPULATION IN THE UNITED STATES,BC-2020-017,2016-2020 ACS 5-Year Estimates,https://api.census.gov/data/2020/acs/acs5/groups/B05006.html,bergen_county_2020_acs_immigration_cleaned.csv,retrieved_and_moe_matched,source_period=2016-2020; geoid=05000US34003; margin_of_error=303; estimate_annotation=none; moe_annotation=none; 2016–2020 ACS 5-Year estimate; sample-based period estimate.
2020,2016-2020,Bergen County,Belgium,country_or_area,Western Europe,2,263,134,persons,foreign_born_population,unknown,foreign_born_country_of_birth_europe_western_europe_belgium,Europe > Western Europe,Estimate!!Total:!!Europe:!!Western Europe:!!Belgium,B05006,B05006: PLACE OF BIRTH FOR THE FOREIGN-BORN POPULATION IN THE UNITED STATES,BC-2020-018,2016-2020 ACS 5-Year Estimates,https://api.census.gov/data/2020/acs/acs5/groups/B05006.html,bergen_county_2020_acs_immigration_cleaned.csv,retrieved_and_moe_matched,source_period=2016-2020; geoid=05000US34003; margin_of_error=134; estimate_annotation=none; moe_annotation=none; 2016–2020 ACS 5-Year estimate; sample-based period estimate.
2020,2016-2020,Bergen County,France,country_or_area,Western Europe,2,818,241,persons,foreign_born_population,unknown,foreign_born_country_of_birth_france,Europe > Western Europe,Estimate!!Total:!!Europe:!!Western Europe:!!France,B05006,B05006: PLACE OF BIRTH FOR THE FOREIGN-BORN POPULATION IN THE UNITED STATES,BC-2020-019,2016-2020 ACS 5-Year Estimates,https://api.census.gov/data/2020/acs/acs5/groups/B05006.html,bergen_county_2020_acs_immigration_cleaned.csv,retrieved_and_moe_matched,source_period=2016-2020; geoid=05000US34003; margin_of_error=241; estimate_annotation=none; moe_annotation=none; 2016–2020 ACS 5-Year estimate; sample-based period estimate.
2020,2016-2020,Bergen County,Germany,country_or_area,Western Europe,2,2537,340,persons,foreign_born_population,unknown,foreign_born_country_of_birth_germany,Europe > Western Europe,Estimate!!Total:!!Europe:!!Western Europe:!!Germany,B05006,B05006: PLACE OF BIRTH FOR THE FOREIGN-BORN POPULATION IN THE UNITED STATES,BC-2020-020,2016-2020 ACS 5-Year Estimates,https://api.census.gov/data/2020/acs/acs5/groups/B05006.html,bergen_county_2020_acs_immigration_cleaned.csv,retrieved_and_moe_matched,source_period=2016-2020; geoid=05000US34003; margin_of_error=340; estimate_annotation=none; moe_annotation=none; 2016–2020 ACS 5-Year estimate; sample-based period estimate.
2020,2016-2020,Bergen County,Netherlands,country_or_area,Western Europe,2,263,112,persons,foreign_born_population,unknown,foreign_born_country_of_birth_netherlands,Europe > Western Europe,Estimate!!Total:!!Europe:!!Western Europe:!!Netherlands,B05006,B05006: PLACE OF BIRTH FOR THE FOREIGN-BORN POPULATION IN THE UNITED STATES,BC-2020-021,2016-2020 ACS 5-Year Estimates,https://api.census.gov/data/2020/acs/acs5/groups/B05006.html,bergen_county_2020_acs_immigration_cleaned.csv,retrieved_and_moe_matched,source_period=2016-2020; geoid=05000US34003; margin_of_error=112; estimate_annotation=none; moe_annotation=none; 2016–2020 ACS 5-Year estimate; sample-based period estimate.
2020,2016-2020,Bergen County,Switzerland,country_or_area,Western Europe,2,218,98,persons,foreign_born_population,unknown,foreign_born_country_of_birth_europe_western_europe_switzerland,Europe > Western Europe,Estimate!!Total:!!Europe:!!Western Europe:!!Switzerland,B05006,B05006: PLACE OF BIRTH FOR THE FOREIGN-BORN POPULATION IN THE UNITED STATES,BC-2020-022,2016-2020 ACS 5-Year Estimates,https://api.census.gov/data/2020/acs/acs5/groups/B05006.html,bergen_county_2020_acs_immigration_cleaned.csv,retrieved_and_moe_matched,source_period=2016-2020; geoid=05000US34003; margin_of_error=98; estimate_annotation=none; moe_annotation=none; 2016–2020 ACS 5-Year estimate; sample-based period estimate.
2020,2016-2020,Bergen County,Other Western Europe,residual_category,Western Europe,2,116,158,persons,foreign_born_population,unknown,foreign_born_country_of_birth_europe_western_europe_other_western_europe,Europe > Western Europe,Estimate!!Total:!!Europe:!!Western Europe:!!Other Western Europe,B05006,B05006: PLACE OF BIRTH FOR THE FOREIGN-BORN POPULATION IN THE UNITED STATES,BC-2020-023,2016-2020 ACS 5-Year Estimates,https://api.census.gov/data/2020/acs/acs5/groups/B05006.html,bergen_county_2020_acs_immigration_cleaned.csv,retrieved_and_moe_matched,source_period=2016-2020; geoid=05000US34003; margin_of_error=158; estimate_annotation=none; moe_annotation=none; 2016–2020 ACS 5-Year estimate; sample-based period estimate.
2020,2016-2020,Bergen County,Southern Europe,subregion_total,Southern Europe,1,11714,970,persons,foreign_born_population,unknown,foreign_born_country_of_birth_europe_southern_europe,Europe,Estimate!!Total:!!Europe:!!Southern Europe:,B05006,B05006: PLACE OF BIRTH FOR THE FOREIGN-BORN POPULATION IN THE UNITED STATES,BC-2020-024,2016-2020 ACS 5-Year Estimates,https://api.census.gov/data/2020/acs/acs5/groups/B05006.html,bergen_county_2020_acs_immigration_cleaned.csv,retrieved_and_moe_matched,source_period=2016-2020; geoid=05000US34003; margin_of_error=970; estimate_annotation=none; moe_annotation=none; 2016–2020 ACS 5-Year estimate; sample-based period estimate.
2020,2016-2020,Bergen County,Greece,country_or_area,Southern Europe,2,1657,364,persons,foreign_born_population,unknown,foreign_born_country_of_birth_greece,Europe > Southern Europe,Estimate!!Total:!!Europe:!!Southern Europe:!!Greece,B05006,B05006: PLACE OF BIRTH FOR THE FOREIGN-BORN POPULATION IN THE UNITED STATES,BC-2020-025,2016-2020 ACS 5-Year Estimates,https://api.census.gov/data/2020/acs/acs5/groups/B05006.html,bergen_county_2020_acs_immigration_cleaned.csv,retrieved_and_moe_matched,source_period=2016-2020; geoid=05000US34003; margin_of_error=364; estimate_annotation=none; moe_annotation=none; 2016–2020 ACS 5-Year estimate; sample-based period estimate.
2020,2016-2020,Bergen County,Italy,country_or_area,Southern Europe,2,6927,770,persons,foreign_born_population,unknown,foreign_born_country_of_birth_italy,Europe > Southern Europe,Estimate!!Total:!!Europe:!!Southern Europe:!!Italy,B05006,B05006: PLACE OF BIRTH FOR THE FOREIGN-BORN POPULATION IN THE UNITED STATES,BC-2020-026,2016-2020 ACS 5-Year Estimates,https://api.census.gov/data/2020/acs/acs5/groups/B05006.html,bergen_county_2020_acs_immigration_cleaned.csv,retrieved_and_moe_matched,source_period=2016-2020; geoid=05000US34003; margin_of_error=770; estimate_annotation=none; moe_annotation=none; 2016–2020 ACS 5-Year estimate; sample-based period estimate.
2020,2016-2020,Bergen County,Portugal,country_or_area,Southern Europe,2,1770,398,persons,foreign_born_population,unknown,foreign_born_country_of_birth_portugal,Europe > Southern Europe,Estimate!!Total:!!Europe:!!Southern Europe:!!Portugal,B05006,B05006: PLACE OF BIRTH FOR THE FOREIGN-BORN POPULATION IN THE UNITED STATES,BC-2020-027,2016-2020 ACS 5-Year Estimates,https://api.census.gov/data/2020/acs/acs5/groups/B05006.html,bergen_county_2020_acs_immigration_cleaned.csv,retrieved_and_moe_matched,source_period=2016-2020; geoid=05000US34003; margin_of_error=398; estimate_annotation=none; moe_annotation=none; 2016–2020 ACS 5-Year estimate; sample-based period estimate.
2020,2016-2020,Bergen County,Azores Islands,country_or_area,Southern Europe,3,53,58,persons,foreign_born_population,unknown,foreign_born_country_of_birth_europe_southern_europe_portugal_azores_islands,Europe > Southern Europe > Portugal,Estimate!!Total:!!Europe:!!Southern Europe:!!Portugal!!Azores Islands,B05006,B05006: PLACE OF BIRTH FOR THE FOREIGN-BORN POPULATION IN THE UNITED STATES,BC-2020-198,2016-2020 ACS 5-Year Estimates,https://api.census.gov/data/2020/acs/acs5/groups/B05006.html,bergen_county_2020_acs_immigration_cleaned.csv,retrieved_and_moe_matched,source_period=2016-2020; geoid=05000US34003; margin_of_error=58; estimate_annotation=none; moe_annotation=none; 2016–2020 ACS 5-Year estimate; sample-based period estimate.
2020,2016-2020,Bergen County,Spain,country_or_area,Southern Europe,2,1351,331,persons,foreign_born_population,unknown,foreign_born_country_of_birth_spain,Europe > Southern Europe,Estimate!!Total:!!Europe:!!Southern Europe:!!Spain,B05006,B05006: PLACE OF BIRTH FOR THE FOREIGN-BORN POPULATION IN THE UNITED STATES,BC-2020-028,2016-2020 ACS 5-Year Estimates,https://api.census.gov/data/2020/acs/acs5/groups/B05006.html,bergen_county_2020_acs_immigration_cleaned.csv,retrieved_and_moe_matched,source_period=2016-2020; geoid=05000US34003; margin_of_error=331; estimate_annotation=none; moe_annotation=none; 2016–2020 ACS 5-Year estimate; sample-based period estimate.
2020,2016-2020,Bergen County,Other Southern Europe,residual_category,Southern Europe,2,9,13,persons,foreign_born_population,unknown,foreign_born_country_of_birth_europe_southern_europe_other_southern_europe,Europe > Southern Europe,Estimate!!Total:!!Europe:!!Southern Europe:!!Other Southern Europe,B05006,B05006: PLACE OF BIRTH FOR THE FOREIGN-BORN POPULATION IN THE UNITED STATES,BC-2020-029,2016-2020 ACS 5-Year Estimates,https://api.census.gov/data/2020/acs/acs5/groups/B05006.html,bergen_county_2020_acs_immigration_cleaned.csv,retrieved_and_moe_matched,source_period=2016-2020; geoid=05000US34003; margin_of_error=13; estimate_annotation=none; moe_annotation=none; 2016–2020 ACS 5-Year estimate; sample-based period estimate.
2020,2016-2020,Bergen County,Eastern Europe,subregion_total,Eastern Europe,1,35568,2279,persons,foreign_born_population,unknown,foreign_born_country_of_birth_europe_eastern_europe,Europe,Estimate!!Total:!!Europe:!!Eastern Europe:,B05006,B05006: PLACE OF BIRTH FOR THE FOREIGN-BORN POPULATION IN THE UNITED STATES,BC-2020-030,2016-2020 ACS 5-Year Estimates,https://api.census.gov/data/2020/acs/acs5/groups/B05006.html,bergen_county_2020_acs_immigration_cleaned.csv,retrieved_and_moe_matched,source_period=2016-2020; geoid=05000US34003; margin_of_error=2279; estimate_annotation=none; moe_annotation=none; 2016–2020 ACS 5-Year estimate; sample-based period estimate.
2020,2016-2020,Bergen County,Albania,country_or_area,Eastern Europe,2,2040,515,persons,foreign_born_population,unknown,foreign_born_country_of_birth_europe_eastern_europe_albania,Europe > Eastern Europe,Estimate!!Total:!!Europe:!!Eastern Europe:!!Albania,B05006,B05006: PLACE OF BIRTH FOR THE FOREIGN-BORN POPULATION IN THE UNITED STATES,BC-2020-031,2016-2020 ACS 5-Year Estimates,https://api.census.gov/data/2020/acs/acs5/groups/B05006.html,bergen_county_2020_acs_immigration_cleaned.csv,retrieved_and_moe_matched,source_period=2016-2020; geoid=05000US34003; margin_of_error=515; estimate_annotation=none; moe_annotation=none; 2016–2020 ACS 5-Year estimate; sample-based period estimate.
2020,2016-2020,Bergen County,Belarus,country_or_area,Eastern Europe,2,1136,299,persons,foreign_born_population,unknown,foreign_born_country_of_birth_europe_eastern_europe_belarus,Europe > Eastern Europe,Estimate!!Total:!!Europe:!!Eastern Europe:!!Belarus,B05006,B05006: PLACE OF BIRTH FOR THE FOREIGN-BORN POPULATION IN THE UNITED STATES,BC-2020-032,2016-2020 ACS 5-Year Estimates,https://api.census.gov/data/2020/acs/acs5/groups/B05006.html,bergen_county_2020_acs_immigration_cleaned.csv,retrieved_and_moe_matched,source_period=2016-2020; geoid=05000US34003; margin_of_error=299; estimate_annotation=none; moe_annotation=none; 2016–2020 ACS 5-Year estimate; sample-based period estimate.
2020,2016-2020,Bergen County,Bosnia and Herzegovina,country_or_area,Eastern Europe,2,219,156,persons,foreign_born_population,unknown,foreign_born_country_of_birth_europe_eastern_europe_bosnia_and_herzegovina,Europe > Eastern Europe,Estimate!!Total:!!Europe:!!Eastern Europe:!!Bosnia and Herzegovina,B05006,B05006: PLACE OF BIRTH FOR THE FOREIGN-BORN POPULATION IN THE UNITED STATES,BC-2020-033,2016-2020 ACS 5-Year Estimates,https://api.census.gov/data/2020/acs/acs5/groups/B05006.html,bergen_county_2020_acs_immigration_cleaned.csv,retrieved_and_moe_matched,source_period=2016-2020; geoid=05000US34003; margin_of_error=156; estimate_annotation=none; moe_annotation=none; 2016–2020 ACS 5-Year estimate; sample-based period estimate.
2020,2016-2020,Bergen County,Bulgaria,country_or_area,Eastern Europe,2,539,173,persons,foreign_born_population,unknown,foreign_born_country_of_birth_europe_eastern_europe_bulgaria,Europe > Eastern Europe,Estimate!!Total:!!Europe:!!Eastern Europe:!!Bulgaria,B05006,B05006: PLACE OF BIRTH FOR THE FOREIGN-BORN POPULATION IN THE UNITED STATES,BC-2020-034,2016-2020 ACS 5-Year Estimates,https://api.census.gov/data/2020/acs/acs5/groups/B05006.html,bergen_county_2020_acs_immigration_cleaned.csv,retrieved_and_moe_matched,source_period=2016-2020; geoid=05000US34003; margin_of_error=173; estimate_annotation=none; moe_annotation=none; 2016–2020 ACS 5-Year estimate; sample-based period estimate.
2020,2016-2020,Bergen County,Croatia,country_or_area,Eastern Europe,2,1042,291,persons,foreign_born_population,unknown,foreign_born_country_of_birth_europe_eastern_europe_croatia,Europe > Eastern Europe,Estimate!!Total:!!Europe:!!Eastern Europe:!!Croatia,B05006,B05006: PLACE OF BIRTH FOR THE FOREIGN-BORN POPULATION IN THE UNITED STATES,BC-2020-035,2016-2020 ACS 5-Year Estimates,https://api.census.gov/data/2020/acs/acs5/groups/B05006.html,bergen_county_2020_acs_immigration_cleaned.csv,retrieved_and_moe_matched,source_period=2016-2020; geoid=05000US34003; margin_of_error=291; estimate_annotation=none; moe_annotation=none; 2016–2020 ACS 5-Year estimate; sample-based period estimate.
2020,2016-2020,Bergen County,Czechoslovakia (includes Czech Republic and Slovakia),legacy_multi_country_area,Eastern Europe,2,740,229,persons,foreign_born_population,unknown,foreign_born_country_of_birth_europe_eastern_europe_czechoslovakia_includes_czech_republic_and_slovakia,Europe > Eastern Europe,Estimate!!Total:!!Europe:!!Eastern Europe:!!Czechoslovakia (includes Czech Republic and Slovakia),B05006,B05006: PLACE OF BIRTH FOR THE FOREIGN-BORN POPULATION IN THE UNITED STATES,BC-2020-036,2016-2020 ACS 5-Year Estimates,https://api.census.gov/data/2020/acs/acs5/groups/B05006.html,bergen_county_2020_acs_immigration_cleaned.csv,retrieved_and_moe_matched,source_period=2016-2020; geoid=05000US34003; margin_of_error=229; estimate_annotation=none; moe_annotation=none; 2016–2020 ACS 5-Year estimate; sample-based period estimate.
2020,2016-2020,Bergen County,Hungary,country_or_area,Eastern Europe,2,618,221,persons,foreign_born_population,unknown,foreign_born_country_of_birth_hungary,Europe > Eastern Europe,Estimate!!Total:!!Europe:!!Eastern Europe:!!Hungary,B05006,B05006: PLACE OF BIRTH FOR THE FOREIGN-BORN POPULATION IN THE UNITED STATES,BC-2020-037,2016-2020 ACS 5-Year Estimates,https://api.census.gov/data/2020/acs/acs5/groups/B05006.html,bergen_county_2020_acs_immigration_cleaned.csv,retrieved_and_moe_matched,source_period=2016-2020; geoid=05000US34003; margin_of_error=221; estimate_annotation=none; moe_annotation=none; 2016–2020 ACS 5-Year estimate; sample-based period estimate.
2020,2016-2020,Bergen County,Latvia,country_or_area,Eastern Europe,2,233,123,persons,foreign_born_population,unknown,foreign_born_country_of_birth_europe_eastern_europe_latvia,Europe > Eastern Europe,Estimate!!Total:!!Europe:!!Eastern Europe:!!Latvia,B05006,B05006: PLACE OF BIRTH FOR THE FOREIGN-BORN POPULATION IN THE UNITED STATES,BC-2020-038,2016-2020 ACS 5-Year Estimates,https://api.census.gov/data/2020/acs/acs5/groups/B05006.html,bergen_county_2020_acs_immigration_cleaned.csv,retrieved_and_moe_matched,source_period=2016-2020; geoid=05000US34003; margin_of_error=123; estimate_annotation=none; moe_annotation=none; 2016–2020 ACS 5-Year estimate; sample-based period estimate.
2020,2016-2020,Bergen County,Lithuania,country_or_area,Eastern Europe,2,132,75,persons,foreign_born_population,unknown,foreign_born_country_of_birth_europe_eastern_europe_lithuania,Europe > Eastern Europe,Estimate!!Total:!!Europe:!!Eastern Europe:!!Lithuania,B05006,B05006: PLACE OF BIRTH FOR THE FOREIGN-BORN POPULATION IN THE UNITED STATES,BC-2020-039,2016-2020 ACS 5-Year Estimates,https://api.census.gov/data/2020/acs/acs5/groups/B05006.html,bergen_county_2020_acs_immigration_cleaned.csv,retrieved_and_moe_matched,source_period=2016-2020; geoid=05000US34003; margin_of_error=75; estimate_annotation=none; moe_annotation=none; 2016–2020 ACS 5-Year estimate; sample-based period estimate.
2020,2016-2020,Bergen County,Moldova,country_or_area,Eastern Europe,2,481,188,persons,foreign_born_population,unknown,foreign_born_country_of_birth_europe_eastern_europe_moldova,Europe > Eastern Europe,Estimate!!Total:!!Europe:!!Eastern Europe:!!Moldova,B05006,B05006: PLACE OF BIRTH FOR THE FOREIGN-BORN POPULATION IN THE UNITED STATES,BC-2020-040,2016-2020 ACS 5-Year Estimates,https://api.census.gov/data/2020/acs/acs5/groups/B05006.html,bergen_county_2020_acs_immigration_cleaned.csv,retrieved_and_moe_matched,source_period=2016-2020; geoid=05000US34003; margin_of_error=188; estimate_annotation=none; moe_annotation=none; 2016–2020 ACS 5-Year estimate; sample-based period estimate.
2020,2016-2020,Bergen County,North Macedonia (Macedonia),country_or_area,Eastern Europe,2,1456,357,persons,foreign_born_population,unknown,foreign_born_country_of_birth_europe_eastern_europe_north_macedonia_macedonia,Europe > Eastern Europe,Estimate!!Total:!!Europe:!!Eastern Europe:!!North Macedonia (Macedonia),B05006,B05006: PLACE OF BIRTH FOR THE FOREIGN-BORN POPULATION IN THE UNITED STATES,BC-2020-199,2016-2020 ACS 5-Year Estimates,https://api.census.gov/data/2020/acs/acs5/groups/B05006.html,bergen_county_2020_acs_immigration_cleaned.csv,retrieved_and_moe_matched,source_period=2016-2020; geoid=05000US34003; margin_of_error=357; estimate_annotation=none; moe_annotation=none; 2016–2020 ACS 5-Year estimate; sample-based period estimate.
2020,2016-2020,Bergen County,Poland,country_or_area,Eastern Europe,2,12715,1428,persons,foreign_born_population,unknown,foreign_born_country_of_birth_poland,Europe > Eastern Europe,Estimate!!Total:!!Europe:!!Eastern Europe:!!Poland,B05006,B05006: PLACE OF BIRTH FOR THE FOREIGN-BORN POPULATION IN THE UNITED STATES,BC-2020-041,2016-2020 ACS 5-Year Estimates,https://api.census.gov/data/2020/acs/acs5/groups/B05006.html,bergen_county_2020_acs_immigration_cleaned.csv,retrieved_and_moe_matched,source_period=2016-2020; geoid=05000US34003; margin_of_error=1428; estimate_annotation=none; moe_annotation=none; 2016–2020 ACS 5-Year estimate; sample-based period estimate.
2020,2016-2020,Bergen County,Romania,country_or_area,Eastern Europe,2,1456,412,persons,foreign_born_population,unknown,foreign_born_country_of_birth_romania,Europe > Eastern Europe,Estimate!!Total:!!Europe:!!Eastern Europe:!!Romania,B05006,B05006: PLACE OF BIRTH FOR THE FOREIGN-BORN POPULATION IN THE UNITED STATES,BC-2020-042,2016-2020 ACS 5-Year Estimates,https://api.census.gov/data/2020/acs/acs5/groups/B05006.html,bergen_county_2020_acs_immigration_cleaned.csv,retrieved_and_moe_matched,source_period=2016-2020; geoid=05000US34003; margin_of_error=412; estimate_annotation=none; moe_annotation=none; 2016–2020 ACS 5-Year estimate; sample-based period estimate.
2020,2016-2020,Bergen County,Russia,country_or_area,Eastern Europe,2,4793,749,persons,foreign_born_population,unknown,foreign_born_country_of_birth_europe_eastern_europe_russia,Europe > Eastern Europe,Estimate!!Total:!!Europe:!!Eastern Europe:!!Russia,B05006,B05006: PLACE OF BIRTH FOR THE FOREIGN-BORN POPULATION IN THE UNITED STATES,BC-2020-043,2016-2020 ACS 5-Year Estimates,https://api.census.gov/data/2020/acs/acs5/groups/B05006.html,bergen_county_2020_acs_immigration_cleaned.csv,retrieved_and_moe_matched,source_period=2016-2020; geoid=05000US34003; margin_of_error=749; estimate_annotation=none; moe_annotation=none; 2016–2020 ACS 5-Year estimate; sample-based period estimate.
2020,2016-2020,Bergen County,Serbia,country_or_area,Eastern Europe,2,309,176,persons,foreign_born_population,unknown,foreign_born_country_of_birth_europe_eastern_europe_serbia,Europe > Eastern Europe,Estimate!!Total:!!Europe:!!Eastern Europe:!!Serbia,B05006,B05006: PLACE OF BIRTH FOR THE FOREIGN-BORN POPULATION IN THE UNITED STATES,BC-2020-200,2016-2020 ACS 5-Year Estimates,https://api.census.gov/data/2020/acs/acs5/groups/B05006.html,bergen_county_2020_acs_immigration_cleaned.csv,retrieved_and_moe_matched,source_period=2016-2020; geoid=05000US34003; margin_of_error=176; estimate_annotation=none; moe_annotation=none; 2016–2020 ACS 5-Year estimate; sample-based period estimate.
2020,2016-2020,Bergen County,Ukraine,country_or_area,Eastern Europe,2,4641,841,persons,foreign_born_population,unknown,foreign_born_country_of_birth_europe_eastern_europe_ukraine,Europe > Eastern Europe,Estimate!!Total:!!Europe:!!Eastern Europe:!!Ukraine,B05006,B05006: PLACE OF BIRTH FOR THE FOREIGN-BORN POPULATION IN THE UNITED STATES,BC-2020-044,2016-2020 ACS 5-Year Estimates,https://api.census.gov/data/2020/acs/acs5/groups/B05006.html,bergen_county_2020_acs_immigration_cleaned.csv,retrieved_and_moe_matched,source_period=2016-2020; geoid=05000US34003; margin_of_error=841; estimate_annotation=none; moe_annotation=none; 2016–2020 ACS 5-Year estimate; sample-based period estimate.
2020,2016-2020,Bergen County,Other Eastern Europe,residual_category,Eastern Europe,2,3018,640,persons,foreign_born_population,unknown,foreign_born_country_of_birth_europe_eastern_europe_other_eastern_europe,Europe > Eastern Europe,Estimate!!Total:!!Europe:!!Eastern Europe:!!Other Eastern Europe,B05006,B05006: PLACE OF BIRTH FOR THE FOREIGN-BORN POPULATION IN THE UNITED STATES,BC-2020-045,2016-2020 ACS 5-Year Estimates,https://api.census.gov/data/2020/acs/acs5/groups/B05006.html,bergen_county_2020_acs_immigration_cleaned.csv,retrieved_and_moe_matched,source_period=2016-2020; geoid=05000US34003; margin_of_error=640; estimate_annotation=none; moe_annotation=none; 2016–2020 ACS 5-Year estimate; sample-based period estimate.
2020,2016-2020,Bergen County,"Europe, n.e.c.",residual_category,,1,136,105,persons,foreign_born_population,unknown,foreign_born_country_of_birth_europe_europe_n_e_c,Europe,"Estimate!!Total:!!Europe:!!Europe, n.e.c.",B05006,B05006: PLACE OF BIRTH FOR THE FOREIGN-BORN POPULATION IN THE UNITED STATES,BC-2020-046,2016-2020 ACS 5-Year Estimates,https://api.census.gov/data/2020/acs/acs5/groups/B05006.html,bergen_county_2020_acs_immigration_cleaned.csv,retrieved_and_moe_matched,source_period=2016-2020; geoid=05000US34003; margin_of_error=105; estimate_annotation=none; moe_annotation=none; 2016–2020 ACS 5-Year estimate; sample-based period estimate.
